fetched_date,pub_date,section,utility,source,headline,url,snippet
2026-08-14,2026-03-04,leadership,,The Business Journals,How Puget Sound Energy's CEO went from living off the grid to leading Washington's largest utility - The Business Journals,https://news.google.com/rss/articles/CBMiqwFBVV95cUxQSVRDbHJ6RnQyZGIzZWhqVlU3UHp6R1huVXU0WWNibHI0T3prQlppMmNhNVhjV3NwUE42SERZYUFhSWtpU09lcFhoMGRXeEhqdzVZUWdMel96YW1pZFJtYXk4c1NPeGJ4VnRFWWlnSHBzcDB5QVI4TWZDRE93Zk1wRXZDWlBoVTk1RnJwcUN3T19GWDBGX1dEMnd6dUhueFBIMTlnMGNYeWpvQU0?oc=5,How Puget Sound Energy's CEO went from living off the grid to leading Washington's largest utility&nbsp;&nbsp;The Business Journals
2026-08-14,2026-06-25,leadership,,Washington .gov,Governor Ferguson creates Economic Development Council - Washington .gov,https://news.google.com/rss/articles/CBMikgFBVV95cUxNLTJlVDZCVGtkQVVYMFZRbHpTY0xFeEliYnJrQjQ1eEU0WkVQY0JRU0ZnNDNuTDh3cEpERVJCYTVONnNjSUphTTV1S3dlWV81cE9jNlIxT210RnkxTzR4V1pOaC1rdG5KYnBRMlRaSDcyczVRTFd1V2dlYS1mbXoxbDhLdGxPMUdmLS16dUctWnRXUQ?oc=5,Governor Ferguson creates Economic Development Council&nbsp;&nbsp;Washington .gov
2026-08-14,2026-05-01,leadership,,PJM Inside Lines,PJM Board Names David E. Mills as PJM President and CEO - PJM Inside Lines,https://news.google.com/rss/articles/CBMiiwFBVV95cUxPejFEOEdva2hJNmQ5WWQtdTFwNkRNbnVYTzFYa0o2bVhySm1JbzVhUllmR2tfckpfdF9xNFlTRVN5NDl0dUYwN2o5NkFBZnd0ZXN3RUY4SmxGeHRFeUNOcS1lSnFUU2czREdlNHNhN3Jhek5hdTdvWGMyUnpwb1VBdlRUMVllRk9FcGJB?oc=5,PJM Board Names David E. Mills as PJM President and CEO&nbsp;&nbsp;PJM Inside Lines
2026-08-14,2026-05-04,leadership,,citybiz,PJM Interconnection Names David E. Mills as President and CEO Effective May 2026 - citybiz,https://news.google.com/rss/articles/CBMiugFBVV95cUxPb3V0Yk1GLXV4c1JYUHdaOVNwYTlZZVNVQ0o3OURBd2ZTOEk1U3RIdGlUNDI4VnZJUEgtQl84ejVZcVlCY3NoeFozZVpKNGtIbzhScDJPQlBET2plWU5FOGhlMzgydEhNSDNCdVVsXzlzVlhnTnJNWHlmZWlrMXRicWhFcktfNXZXNTVCLWI2Qm1Jc1Bvdm14aXFuZHdCZVlZb01XV2lLTDB4dTNPUzhBRm5kTHVCZ3RBdlE?oc=5,PJM Interconnection Names David E. Mills as President and CEO Effective May 2026&nbsp;&nbsp;citybiz
2026-08-14,2026-05-04,leadership,,power-eng.com,"People on the Move: PJM, TVA and Westinghouse mark leadership shifts - power-eng.com",https://news.google.com/rss/articles/CBMirgFBVV95cUxPdFJ5NERMcDJ0eEozbUpxT1lhTWtuZ1J6WjM3QXB3QzhidGhJUklHNUFqdkdxblZ6RHczN01mSjJrdVdYZ0NlLTk1R3plenp4Z3U3WnpQdFNSVDlQYTBsNXNJT24yM2tpWFNBSVpsWWdCcUNOWnh4SlZlODQ0aXBwOHdLSXBUWUFOUzJIQl9uWHF1alQyVjMtT04xYl9qQjh6ak45THhLUUY5X1BGZ3c?oc=5,"People on the Move: PJM, TVA and Westinghouse mark leadership shifts&nbsp;&nbsp;power-eng.com"
2026-08-14,2026-06-26,leadership,,The Business Journals,Governor recruits business leaders to evaluate state's economic competitiveness - The Business Journals,https://news.google.com/rss/articles/CBMiqwFBVV95cUxNNENNbEYxc3N2dW5meEhFTkp0V241dEttMFVnSXhtVTBEaUFUWHI4QlFRa2ZpQUlWWGpFNW93c2g3eFNQUFhZT1JseTd0LTAyMEN2UWRXWXhCNWRfY2VxdFdvQzRjR3RHZVZzVUU4REtjTnMxWm9WWEtuRDVzc295alRDZXZELXdFcHRYUmc2ZTVTS1puWWZabUtoc0dXSm1KYjVBdlhwMTU2aDQ?oc=5,Governor recruits business leaders to evaluate state's economic competitiveness&nbsp;&nbsp;The Business Journals
2026-08-14,2026-03-04,leadership,,The Business Journals,How Mary Kipp went from living off-grid to leading Puget Sound Energy - Bizwomen - The Business Journals,https://news.google.com/rss/articles/CBMiwwFBVV95cUxPWEFYaFFWbjRBREc2RVdMOVp5ZzhfQndjQVlpVUl6VG1TeFJxSHBwZTBJUzdSblVXZlVoQ0pCbTNwUm1nU29ad0YxVnNkYWJVOU1FTktkc19odDRIN2pFRFVKNEtSY3pZOUx6Z0R2Uzg1bE5vdV9GbFNvVXJBZUV6RkNvSW13S0MzRU1SOHZabklfQk9kYXFDcENzRXhPTkZVYWtmY1lyTzY5LWdPVmY2Q1h2RzZtNnRrVnIxMDhBWEl6Sm8?oc=5,How Mary Kipp went from living off-grid to leading Puget Sound Energy - Bizwomen&nbsp;&nbsp;The Business Journals
2026-08-14,2025-09-15,leadership,,Daily Energy Insider,Puget Sound Energy appoints new board chairman - Daily Energy Insider,https://news.google.com/rss/articles/CBMikwFBVV95cUxORzNLZTVBOWo0NU5fYmRhVmZYdVZSbXo0QzZvRk9iNHRXalo2SnRTZEdNWjhwMWVuQWRJbFlaN2hTdHBjd2pQMXRtLXI4Y2pEUjRJSXBDdG5BYWJRdzBKSXNHS2R3WEJiU092QUlhUDRrWVNtbGsxSXZORzA2UlNjb1VVN1V1cTdVQUxON3Jfd0hhTms?oc=5,Puget Sound Energy appoints new board chairman&nbsp;&nbsp;Daily Energy Insider
2026-08-14,2026-01-21,leadership,,lynnwoodtimes.com,Seattle City Light leadership shakeup: Dennis McLerran named new CEO amid clean energy push - lynnwoodtimes.com,https://news.google.com/rss/articles/CBMiY0FVX3lxTE5hc3ZxU2xCR1RoVzFXT2xtUHVVYzNjczhMTUI0YlRNUHRidE1CVk9wdWZHTGFJaTc1OUVFQ0ZVTXAyQXpfZ1NZTGsyUDFzT1MtMGZlVjNXczliWWZwWkRIeW5ORQ?oc=5,Seattle City Light leadership shakeup: Dennis McLerran named new CEO amid clean energy push&nbsp;&nbsp;lynnwoodtimes.com
2026-08-14,2019-07-01,leadership,,The Seattle Times,Puget Sound Energy to make all-too-rare woman CEO to woman CEO succession - The Seattle Times,https://news.google.com/rss/articles/CBMiyAFBVV95cUxONHBIMEdFTkZHckNYNkhHYXRNSGh0Q0JNdGpGbzduWDcwM1J5YWpLbU5MQi1nR0Z6Z1JLaU9jbHRHUkREVlFaUVY1Vm9TYkk1enVaRjd1MjlSeVd3V2phSWI1Q0Q2bmFsbFNxOGp4Qmt1aENxbjlDVkxyYUY2YXhCWG5UMTJ6dHNWNVk4VTllV1hsMW5HbVluejJ6UG83VFgtWUJheUxJLUg3WXN4NmhLLXBCOEFBbWNsWXVoaUpZWmV5VjZneVF0Tw?oc=5,Puget Sound Energy to make all-too-rare woman CEO to woman CEO succession&nbsp;&nbsp;The Seattle Times
2026-08-14,2022-05-25,leadership,,portseattle.org,Port Executive Director named Puget Sound Maritime Public Official of the Year - portseattle.org,https://news.google.com/rss/articles/CBMipwFBVV95cUxPeDUtd05lbzZQbUxfcVZ2Y2l2ZjlIZUZGRDZBRmlQUWF4THBmbWlydnlGV2d1QkFVNXZNUTdXQzZEak5LZU9KdW9nazRlOTFQNGhGTEliVWdaLUZPa2lkdnVtdFBMX1BobUNKVk5xZU1XSnRXQ0VYUklWY2ZVdUdSWWE4Rnp5V2ZQbVRVTFVTeFN0LW5NMDI2ZldNbHJmbXc0ZExUU0M1SQ?oc=5,Port Executive Director named Puget Sound Maritime Public Official of the Year&nbsp;&nbsp;portseattle.org
2026-08-14,2025-08-05,leadership,,Alaska Airlines,Diana Birkett Rakow - Alaska Airlines,https://news.google.com/rss/articles/CBMiakFVX3lxTE92QS1OQmtDU3J4N2pleExoUE0xLVhMUmdrRTE3NnhCZGV1WkpSSi1FbjFLSkl3aUthVE9wWk5hZVFndlJIdndQVVJpSjB0UUVCTTlITGhDTDlzUGdDTlpvZ3FKb3pHSlNwMFE?oc=5,Diana Birkett Rakow&nbsp;&nbsp;Alaska Airlines
2026-08-14,2025-09-10,leadership,,PR Newswire,Alaska Air Group Announces Leadership Transition at Hawaiian Airlines and Executive Promotion at Alaska Airlines - PR Newswire,https://news.google.com/rss/articles/CBMi_AFBVV95cUxOZVh5VzloQWIwbERDbkJrSVRPMF9obGdQTl9SRmk4SWU5a01FN0RLWUlmd2JIMzVTeVZoWEZlSmFJaFdwT2w2SmJYdEZmNFVsMm8waDgzRnpzQTNTdHhPT1ZKdFhFWERyTG1Iczk1NFhxektCUTV2QUM4aTZXOHFSN01zdWE2TjRFem9QTUM2dVU1bzlwS0dZZDd0Z1ljRWxxUFVyVFVpWXNBLXBTZ3NQdkVtZXNjdkRNTWdya25uTmg2LU0xWmZneGRVUEpRT1dMSTZ6QlVXMmJSZVJYenNLQUVnRENqc2VkRGxhN3RhRGdTbEhpdms5c2s0MjA?oc=5,Alaska Air Group Announces Leadership Transition at Hawaiian Airlines and Executive Promotion at Alaska Airlines&nbsp;&nbsp;PR Newswire
2026-08-14,2019-07-01,leadership,,El Paso Times,El Paso Electric CEO Mary Kipp takes Seattle-area job; El Paso native to be interim leader - El Paso Times,https://news.google.com/rss/articles/CBMi0wFBVV95cUxObkY2OGJUMFJNZk9GVkFScnRzTmdHQmkyYmFweGZENHhXVU1Ca2F3WTVhQU42NVN2ZEcxZThkZXhqbEdLQmJDRU5rTkkyendYdWYwVGZXX2Y5TkNrRFZmNEFzbWdlSWNPRnlHWlI4QnlDYUVieXYzLXRrWGhQWFVRaU5NdEJPSG9mYXVtVGtMcXVJLWVHTlNfVXNWMzZnSGY3czkzYm5iZVRCOTZRbGNPbXlZNFRUdWhhQm1BUGdpTkdrWUFoYlAzMUEtVkQtV01BRzZn?oc=5,El Paso Electric CEO Mary Kipp takes Seattle-area job; El Paso native to be interim leader&nbsp;&nbsp;El Paso Times
2026-08-14,2026-06-23,leadership,,rtoinsider.com,"Stakeholders Urge New BPA Leader to Remain Focused on Tx, Markets - rtoinsider.com",https://news.google.com/rss/articles/CBMiigFBVV95cUxNVmlRUjVodEg4T3h4eTNPaExPZmxWWHB2eVdjUUVTZ0pCSWJpYl9pU2JCQWRncUppZEdXbjdfX1cwai1MMTBnNkF1a292NFowc2hRWWs0NmltRTBMbFU0dHEzcnVrNnEtSEJieDhxd2xkUXMtY2ZMM2tWZTgtZk04dFo0QVRYZlhOeXc?oc=5,"Stakeholders Urge New BPA Leader to Remain Focused on Tx, Markets&nbsp;&nbsp;rtoinsider.com"
2026-08-14,2026-07-29,leadership,,Yahoo Finance,First Fed Board Chair Cindy Finnie Honored as a Puget Sound Business Journal Director of the Year - Yahoo Finance,https://news.google.com/rss/articles/CBMilwFBVV95cUxQckxwT3lTdkFkM1RQeE1PR2ZNNklnNTI0M0xGQmF3b3lYcmdrQlJmcWVfS0dzWEtpVVFySlZHSHFDMldLWlNTT0ctVTA1UjEwd0NoV0xsTkdPRkRSQ2cwXzhEUTJJN2tmZkJWa0FzZjJTc24tZmhEQk1MVTY0aEZuSzA2ZXFrYnVnd3NZQXpBdXhWblZ3OXdZ?oc=5,First Fed Board Chair Cindy Finnie Honored as a Puget Sound Business Journal Director of the Year&nbsp;&nbsp;Yahoo Finance
2026-08-14,2026-04-29,leadership,,The Business Journals,Everett fusion startup Zap Energy names new CEO as it expands into fission technology - The Business Journals,https://news.google.com/rss/articles/CBMipAFBVV95cUxOSEdYa1V5WkFfcWJ0RDBDM1FkU2NvQzVxS2htV09aQTk3S3Bnbk5UMDAzcFFfZlZVQVE2VjhNS2xqUzZSdFdoaWN1WWU0LTdWakVXS0plT3duRmt6cnJ5QWlBdnhPMmltbk9tQUF3aVRyeERCNFFWRmV5WXFuT2wtZ2RTNG4yX0pQQmlLMXlsbFljSm5JZHZUSEJhS1pOMi0wMURhZg?oc=5,Everett fusion startup Zap Energy names new CEO as it expands into fission technology&nbsp;&nbsp;The Business Journals
2026-08-14,2021-08-30,leadership,,Washington State Department of Commerce (.gov),COVID-19 utility moratorium ends Sept. 30; state leaders urge customers who are behind on energy and water bills to contact utilities and make a plan to keep services on - Washington State Department of Commerce (.gov),https://news.google.com/rss/articles/CBMiogJBVV95cUxNRHRuMFNwSWNFczZGOFFrV042bmNuekItOV9YZ1I4QkhMZ2ZzVWU2T1pNRkUyc0txQmExVHhNRHRIRmpHeHZ1VFlfOUg0WGtEYzF1T1BrX3ZmTVhwTGJrTVdkQzR0MXVRMTV5cVJSRmhMcVQ3aVRMaTBiVWxxM05TR2M3c2pzOVJ0WW5mQXJpODRiUlZpM3h2SlkyQWFidUJqZUZ0T240N2JlV2d4ci1CWXVHYzRKcGR2NnpFU05TOFh1aTlLWlFiUGpqVldnbkI0U1BZSGgxcVpxU2JpNGxNb1BZaWF1TGRHMm16NG9CVVdRbDltcHo5QzEzZlRDT0EyTFdCWXdwaDgzYzJORjVMVmV2eFRtel9JVElqaE5sSUJjQQ?oc=5,COVID-19 utility moratorium ends Sept. 30; state leaders urge customers who are behind on energy and water bills to contact utilities and make a plan to keep services on&nbsp;&nbsp;Washington State Department of Commerce (.gov)
2026-08-14,2026-02-10,leadership,,The Business Journals,How Puget Sound Energy's CEO went from living off the grid to leading WA's largest utility - The Business Journals,https://news.google.com/rss/articles/CBMikwFBVV95cUxNRUNmcVdzVjlvRC1hS3NvSzVrVUdzbEJxSlM5TUQyeEFtRzVMX0d6WTZKaE5EUTM3eGtEX1A3SF9iMnEwWlQtQURXVmQ0am95QUx6YTkxYVpvVm5DYVBVQm9LYVN1Rm1Na25GcHcxM3BNWk93Y0NLSmdCbDA5SlJVTnNnbHdoNVQyQnJLRmdaajBuZk0?oc=5,How Puget Sound Energy's CEO went from living off the grid to leading WA's largest utility&nbsp;&nbsp;The Business Journals
2026-08-14,2026-08-10,leadership,,The Business Journals,Most Admired CEOs 2026: Mary Kipp - The Business Journals,https://news.google.com/rss/articles/CBMipwFBVV95cUxQVFRnRW5fLWRsRzlOb2VOdzRhZ2pVYkJiLWNFV3NDbVhCOHJBY1BndjhWTWNIVVItb29RRTZTTE1oazczYjRnaGtjOERLb3ZXUGlrRlVNMHcyWkY4MTdCUXpheDNmLWphRTQ0ZS03eW56cDJIRDdURGpSTFFDOTBSQktnbXJ0TjBfT0QyTWY2Wjkza1g4djFwNmdFS3J3eFF6MnBvRWMyOA?oc=5,Most Admired CEOs 2026: Mary Kipp&nbsp;&nbsp;The Business Journals
2026-08-14,2025-09-10,leadership,,The Business Journals,Alaska Air names Diana Birkett Rakow as new CEO of Hawaiian Airlines - The Business Journals,https://news.google.com/rss/articles/CBMipAFBVV95cUxPX3JXZlhBdGJYaXVUV0l4RUpDd3ZELWw4Z01UdmlLaVAxaGdBMTdBblN3SHNQRmhIb1lBTEFlZmxqVFlacl9laVlucDFYbGZRYVdzWTBjOXc3VmFWdmlUYU9JUHlkb3U1anl3YklwaXhHRWZtblhySHRhYm81dWp5a3NHbXJwQXdkMldTUE9QMG8wenZ2aEtnVjVnQVljdTRmTVpQRg?oc=5,Alaska Air names Diana Birkett Rakow as new CEO of Hawaiian Airlines&nbsp;&nbsp;The Business Journals
2026-08-14,2025-07-28,leadership,,Northwest Asian Weekly,"Power, jobs, and progress on the line, WA leaders sound the alarm on energy cuts - Northwest Asian Weekly",https://news.google.com/rss/articles/CBMisgFBVV95cUxQLWplbjNVbGNlbTNSUDFNSEIyMjBfRUs3QnZkNFlRMGVReFlUSTVJMkNERC1KUGdZLVl5MW1vcGphTmpTWUdpWkQ4NXZ6MEw5MXY3YzktbGdJdEp1ZVVjOThveTJkc3l0RmRqMUVQRC1WMnhKR1YtR0Nqdl9ZZE9ndUZuOFJleVNwVExDNmxNc2pfRktIcFJFTEpocktCb3NZVW1OM2ZtbVItVWhLaXAyZGxn?oc=5,"Power, jobs, and progress on the line, WA leaders sound the alarm on energy cuts&nbsp;&nbsp;Northwest Asian Weekly"
2026-08-14,2026-05-01,leadership,,rtoinsider.com,PJM Elevates David Mills to President and CEO - rtoinsider.com,https://news.google.com/rss/articles/CBMihwFBVV95cUxOdk1YZ0d1cVd4N3paX2IzUXhOT1BIMXVzU0lCQklqVkNBd2ZiR2dPU1hMWHB3clY0SE5tYVh4elJXOGY5QXV2M2JBV3E1THN0QWFZWi15NE1EMUdVN0YybmtiVmRTbWZpR3lmZ3Z0ZnZGdHpTVE0wTERVZ1Mtc3BvSUlXekktM3c?oc=5,PJM Elevates David Mills to President and CEO&nbsp;&nbsp;rtoinsider.com
2026-08-14,2020-02-24,leadership,,The Business Journals,New Puget Sound Energy boss plugs into Northwest ethos - The Business Journals,https://news.google.com/rss/articles/CBMiqwFBVV95cUxQazJJQWVaMmJfZmViMEk1dDRwbEhpaE0ySUJCbUlMa3RRSU1UeUVrcHJXcTRHY0pkbm5uRFRwX2lZbW1MdGFQcktPSkR0Rk00WTRsYlJ4UW16SWoxTnRsdUp4aWtHam90Z2VTajh1WW42Wm5GUm5kekVwTnh4cGoxNzNUQU9hb2FVaWZhYmZnZXQzVVlhY3VkQzFqd0ozb3d2LW5ySzZhQmlKTWc?oc=5,New Puget Sound Energy boss plugs into Northwest ethos&nbsp;&nbsp;The Business Journals
2026-08-14,2019-07-26,leadership,,Smart Water Magazine,American Water appoints three new independent members to its Board of Directors - Smart Water Magazine,https://news.google.com/rss/articles/CBMiwgFBVV95cUxPSVppTC1TaS1neW9rMVlsVkJqOVE0RW5kOGpUR1hLQnY3Z3BaMjRWYVp6UkZzdlRLa3VhV2pMRmlyeGNmSHBvSm1EenJJTXBzTVlZbEtBWll5T3JHaFV3U0piVWtTMFVQTDMtRHhiUXU3d0RqWktFODUyTmNCU1FVc2k1dXlYOFhpNFg3cFhXTDI2WUgtTXFhRzhiR0dUOGxEM19fRFFMR0ZlbzhvRlpZQ2NJRE1IZmJQSXdLTjZNWVAxZw?oc=5,American Water appoints three new independent members to its Board of Directors&nbsp;&nbsp;Smart Water Magazine
2026-08-14,2024-05-26,leadership,,McKnight's Senior Living,"People in the news, May 11 - McKnight's Senior Living",https://news.google.com/rss/articles/CBMieEFVX3lxTE5yZ1JPSmxZWkY5TUtrVFE5Z1Z1RlAtVnl3RHZwLVdVX3NFSTVLY253dGotczc4Y080QkxSTjBiOHRRYWs1Z25uMXpfNGtrVk9LcWFQVEVRS1JsekJqS2VqQzlPeHRJTnVVM01vZTJoR05OSmZRTHFITQ?oc=5,"People in the news, May 11&nbsp;&nbsp;McKnight's Senior Living"
2026-08-14,2026-08-13,leadership,,The Business Journals,Meet the Business Journal's 2026 Most-Admired CEOs - The Business Journals,https://news.google.com/rss/articles/CBMic0FVX3lxTE9NbWVyaXdLR0I0ODV5UXN5bHpIUmEtZUktQnNWb1lmNmhRcEdSdHlOWjdCekoxaExkbldUdnlDWF9yMHVqM0l2UzdDeHc5SVFFTWtGZGhiNUVLWF9ZWkdYcks2VTBWUnAtWHJWc0NZTjllRk0?oc=5,Meet the Business Journal's 2026 Most-Admired CEOs&nbsp;&nbsp;The Business Journals
2026-08-14,2015-04-23,leadership,,Seattle Business magazine,"Executive Q&A: Kimberly Harris, president and CEO, Puget Sound Energy - Seattle Business magazine",https://news.google.com/rss/articles/CBMitwFBVV95cUxORU9FZzFvblk4VXo2TVZWSjR6MWQ0S18wY21Cbk0zUVBkXzRjcExnUTNqZ0ZvRlN5YnFwMDdvOURzbmxYLTJ2a3dSemUyWkN2Z2YwTDlQRzdnbVFSdm1NQXNsbkZpMllKaF85MkZTd0V3QkRrcUIzZEhKVVFaTkFvbXF0V1l5clIwWkZLRGUxOGlfYWdXQWV1RG4zdVVEZWJPdlBrVEVIYVg0Y2ZOS3YyeWFUSVotWXM?oc=5,"Executive Q&amp;A: Kimberly Harris, president and CEO, Puget Sound Energy&nbsp;&nbsp;Seattle Business magazine"
2026-08-14,2026-04-30,leadership,,The Business Journals,Seattle nonprofit launches cohort program to prepare executives for board service - The Business Journals,https://news.google.com/rss/articles/CBMiqwFBVV95cUxQdmJGeTNsZ0p6NmFWZGF5LURTTFplOHJnVGlTaWxGMDZtU013TGJsM256T3J4UUJ6cFdTemhtcnNQcnRFNmlfS2ZxODNVQU1hQ084QWVOT1ZPWFhBYTM4aUNYczBYYzdUeW5EcngtLWh1MXUySDAxdG5WM29OOWVxNm1iUVB4WjdLMEZnM293SjhaMlpiWFUxS2lBTERPMGNEZjd2SWVSa25FZ3c?oc=5,Seattle nonprofit launches cohort program to prepare executives for board service&nbsp;&nbsp;The Business Journals
2026-08-14,2026-03-10,leadership,,The Business Journals,Bluesky CEO Jay Graber steps down - Bizwomen - The Business Journals,https://news.google.com/rss/articles/CBMivwFBVV95cUxPTDdnV2ZRNzl2a1hseFFSeXNRT0J5T3RoQktKcFdhdFI1NnFEaTRwSUFLVWlPR0QyNFNxWDIwTWNiSElRUkhpVGNwVWZLRnlsQWxnZVdnRm1GSkQyV3FTRHU5dFQ5QXJnZ1dQR3dlWnlOeFBrZzN1cDlPR080OEYyX3lwcmgzMFlrdm10YkNHQTZTbmJwSlBTcHEzNUI5S2dyNmlzRjBZSGtGU3Vkc0hXNGtWUHBTNk9iOFVINjhPWQ?oc=5,Bluesky CEO Jay Graber steps down - Bizwomen&nbsp;&nbsp;The Business Journals
2026-08-14,2025-10-14,leadership,,The Business Journals,Power 100: Jila Javdani - The Business Journals,https://news.google.com/rss/articles/CBMimgFBVV95cUxOTzhMOHRSdVhGdWtSTnlGSGYxYmhuZ19YdFh3Y1lnYkpDYlVjU0pkZjdpNFd3dmFOMnNfNDFaNUQyd1FianZ4UndjdW9rNi1SRE5wc2Jhc0w1eWNkc2VyeWlsSHRSQlU1MGlGTHowZHJGLUM1NFJDQmtvQ1IxVWFSei1YYjFrbTktVlBKYjBmck9GTU5YRE02U0tn?oc=5,Power 100: Jila Javdani&nbsp;&nbsp;The Business Journals
2026-08-14,2017-08-08,leadership,,The Business Journals,Puget Sound Energy CEO Kimberly Harris' rise to the top started with a cold call - The Business Journals,https://news.google.com/rss/articles/CBMiqAFBVV95cUxQQ1lZZDI0OXpnWHZ1amI1YmVDU01zUXhDR0hEb0tlbTZOSmRxZk11SzlUWGNqT2JrTHFESnhpajJzdF94SHQ3bDRVeUhyZW9NVWNGMXZMTGNZZnlVc1JPT2JJZWRkYy1kTTdtS244SWFLV0FRWXcwWEtlX3M5bHJ3b0x2cEdRRl90WHAwRzdnNHM1ZVJnUFBfZGpJRE1adHFzMjQ0MWxGMXY?oc=5,Puget Sound Energy CEO Kimberly Harris' rise to the top started with a cold call&nbsp;&nbsp;The Business Journals
2026-08-14,2025-09-11,leadership,,travelweekly.com.au,Hawaiian Airlines names Diana Birkett Rakow as new CEO - travelweekly.com.au,https://news.google.com/rss/articles/CBMiiwFBVV95cUxNZmdFeHVjY1RES2NFMEs4SThkUXBzbjhTZkVRS25ZSlBXOHotdmtrVGtCM2htVmpSRDlkT1BPNEhELUhqbnk5cV9kTVA5YUNSNDVpMEN5aFh5Tm96RXZoNjRmaHlyeDNsZVdQSkF1X3JvVU5rQ1ZjaXhoYndRbGd2ZWFnZHh1eDBYbVl3?oc=5,Hawaiian Airlines names Diana Birkett Rakow as new CEO&nbsp;&nbsp;travelweekly.com.au
2026-08-14,2024-10-28,leadership,,Seattle Metropolitan Chamber of Commerce,Regional Leadership Conference 2024 Recap - Seattle Metropolitan Chamber of Commerce,https://news.google.com/rss/articles/CBMiogFBVV95cUxQbkUwbGdGa0ctZmh5N3hydzB6aGgxdXJ2QnZrdjZjN0JfQmx3S1ZTMlk3UmtMMWFRRWNjcmhUZGFLWEIzOG1ZeG9TMVUtUnQ0dUFEY01RbXNaSm1fQ0h4Q0VzbDdlMlkwQWZXWm5ld2RnMU5KOFlvSHNfaHhnazB1aWZMcXVXY0IyeG9vdlRfbjUtRmxkMEMyNWNRbkVxU0NSU3c?oc=5,Regional Leadership Conference 2024 Recap&nbsp;&nbsp;Seattle Metropolitan Chamber of Commerce
2026-08-14,2025-12-11,leadership,,The Business Journals,Alaska Air Group CEO Ben Minicucci sets sights on global competition - Puget Sound Business Journal - The Business Journals,https://news.google.com/rss/articles/CBMilgFBVV95cUxNQlJKOHlScXlYendvdVhQOVFvWnp4V2gwSGVIZ2p6akt1dk5ydEQxLTZ2TlpzUUw4eUhEemJFbDBEVUFnalc4QkZmZGNPS0JPa182bG1vY1dweFd0ajZZeEJEdllHNkRJMkVhbEJOTFlNT3ZmQzk4SXhBbk9ucDRORGxXaFNWTWdBVGlqTHBscmNHOThzaWc?oc=5,Alaska Air Group CEO Ben Minicucci sets sights on global competition - Puget Sound Business Journal&nbsp;&nbsp;The Business Journals
2026-08-14,2024-04-07,leadership,,The Business Journals,Community Transit's CEO prepares to shift gears as light rail approaches - The Business Journals,https://news.google.com/rss/articles/CBMipwFBVV95cUxOdlZ0Z0dYbk9VMGFzYmoxUVluRUcyQ2pGV05jLVRwRGlXZ3VaYTF3MzY3MXp6WXY2WHByNXloZVBHTXp6amc2dHlOV3ZxaU96Sm9mLVlDbHlPbEs0UFZJMUNoOFdGX20yQ0FfNEtvVzU3R0YxeXJ4dGtxaTFiMHRtXzJvTHp2Y3Z6cTU0TXU3UExUSzA5VS1qLUphRDY4NlJWdWp6WWlINA?oc=5,Community Transit's CEO prepares to shift gears as light rail approaches&nbsp;&nbsp;The Business Journals
2026-08-14,2025-01-28,leadership,,The Business Journals,Fusion energy company Helion raises $425 million as milestones approach - The Business Journals,https://news.google.com/rss/articles/CBMiogFBVV95cUxPZnZpczdFeTYzcWp3VE5xUXhJc0dnMGZUVjJoZV9HOUMxODBkWkpFTzdwWkdOU2RBWHJEVmc5aDFaTnZQenhsNVJwY29ENXdGMFQ4TXBiSmVuZ2FIMTh4b3U4QW5zWl85V3UxdDRvMmZWSzM2VW1qMXlFYXoyZGVOVEN0eUpXdlF4U1p6SHE4a2pEVmwzR3cwNlNCb3V3OE9jN3c?oc=5,Fusion energy company Helion raises $425 million as milestones approach&nbsp;&nbsp;The Business Journals
2026-08-14,2022-06-29,leadership,,The Seattle Medium,Karen Lee Named Chief Executive Officer Of Plymouth Housing - The Seattle Medium,https://news.google.com/rss/articles/CBMijwFBVV95cUxON0hvWU14VFhsUWI2bzFMUWl5N1pJLWlrbWlXaEpRWWxVSTlFdW1UTmJieEJsOTg1TkhhTzJGdTVJbFFraks4akxBc1VOTkNzdEdzTG5LdGw2UnB6bU5uRzNsS3FIWXJWVzI1bGN4UEZCTFh0YnhXZ0dNN1RSLU5jaHB6RE0wZGhDQllTSEoySQ?oc=5,Karen Lee Named Chief Executive Officer Of Plymouth Housing&nbsp;&nbsp;The Seattle Medium
2026-08-14,2022-05-17,leadership,,Amarillo Globe-News,"Adrian Rodriguez to lead Xcel Energy SW, succeeds David Hudson as regional president - Amarillo Globe-News",https://news.google.com/rss/articles/CBMiuAFBVV95cUxQRVFORVhLOWRSS1Y4Y1JESGktZFZQN1lueUhMOVJPV2c5TGwyOFFUMmlPREdxYmI5TE0yQWlfQ0tfaUU3c2ZpZmVXTmx1R1laanVVbWRFZzNtYTh2MVhRcDFHRzgteGlrZUhHaWdNb1NVT253ck1jSFA5TVZyQ2ZkTTlLNWVnUGVzSVJqZmV6cDF0bzFVNnNlM0ZLNzlFdlU3WFd1Xy1xNlVXaVRKaHgzR21tWnkzd2ph?oc=5,"Adrian Rodriguez to lead Xcel Energy SW, succeeds David Hudson as regional president&nbsp;&nbsp;Amarillo Globe-News"
2026-08-14,2024-11-21,leadership,,Data Center Dynamics,Rowan Digital appoints Charley Daitch as CEO - Data Center Dynamics,https://news.google.com/rss/articles/CBMikgFBVV95cUxPdW9ManU0QlJieEhpajRnMk5HWkpzYjJBb1k1M2ttWWlqLUk0T2dhWk9yWkxRVTVUdXdPdFdNVEVJOVVjMkdYbGsxOHY4TUMweFhYd2R5anFpWmF5dU1TOWVzM2hRVkhYLXJtbUw1OWo4YURXM0V4WXFUdU9aNXJlV0dYR0owQ2UwY2lYck5QSlRVdw?oc=5,Rowan Digital appoints Charley Daitch as CEO&nbsp;&nbsp;Data Center Dynamics
2026-08-14,2022-05-15,leadership,,The Business Journals,Karen Lee steps down as Pioneer Human Services CEO - The Business Journals,https://news.google.com/rss/articles/CBMimgFBVV95cUxOSTF1eW11VURkcVlnVDkyazdGOC1RODBLdWZnaWFIdWo1UVRlN3ZRdkRRSVZhSVVsQkp2UUgxc3BxTXhjaW11UEFibWxFMGRsVVJRWmIzNkVWNWpRdFhaMk5Td0pYNzFDN2RuX21qVURhdi1JNkpPNDNTQVdIQVZJdzdLMG03Vk5MOVpnUkt6blVSSWxYTmJFVjdn?oc=5,Karen Lee steps down as Pioneer Human Services CEO&nbsp;&nbsp;The Business Journals
2026-08-14,2025-03-03,leadership,,The Business Journals,Brooks CEO Dan Sheridan reflects on his journey from entry-level rep to top exec - The Business Journals,https://news.google.com/rss/articles/CBMioAFBVV95cUxPWm1KbGx6WS1IWDdvekRLaDEwaThSV01seXVmR0dEMmJ2V01obGtyYUMxQzNwUHh5VUh5Z21lS2hFYTFsX1E1dThGNHJ1M0RQb29TUFhka28zV0UySllYX1ZOSS1SZUU1c0xEYS13cS04SVlLb3pkcUxLUzZiTzhITDl5Sm1LR0JIem5IR0hQdFRaT0syS0c0YmsxdXpYRVd0?oc=5,Brooks CEO Dan Sheridan reflects on his journey from entry-level rep to top exec&nbsp;&nbsp;The Business Journals
2026-08-14,2022-12-14,leadership,,The Seattle Medium,Anthony Wright Named CEO Of Pioneer Human Services - The Seattle Medium,https://news.google.com/rss/articles/CBMigwFBVV95cUxPbmlhcE9ERVlIbUJFeks4V05NTDdoZldVNWUyQTVuMFdQQWx0WEhENEpWTkdlYWRnbEJPOVIwVUJoYWhkUTRFb3BIaEtVUTZOQkpEZFZXMDJ2OHNtYk15LXZmV2sxLXJTVkhpVlE1VndLMFZETHFoUkRuVnFRS0o2WlJkaw?oc=5,Anthony Wright Named CEO Of Pioneer Human Services&nbsp;&nbsp;The Seattle Medium
2026-08-14,2014-11-21,leadership,,The Business Journals,Women of Influence 2014: ​Karen Lee - The Business Journals,https://news.google.com/rss/articles/CBMioAFBVV95cUxPaEQ5SzFXdjJPNGdOcDlfTUxBa01HVXdoLXBjMUVWVmNJOEd6YnJ5Y21HQnhQNm4xY0trWVMzODFPcndVU25OTHpoRFlPR0p0YTVVQXJMZTI0WE02b0owVFc5UDdqVkYxTjE1dFdCR29obWFxaWc2TElrWXZnWEN6NU9KLWpUMjBaWHFTZnVYajZ4TjRsdU83QU41dGpkdXpv?oc=5,Women of Influence 2014: ​Karen Lee&nbsp;&nbsp;The Business Journals
2026-08-14,2018-01-01,leadership,,Seattle magazine,These Companies Help Employees Find the Perfect Work-Life Balance - Seattle magazine,https://news.google.com/rss/articles/CBMipAFBVV95cUxPNzVmZHFFUG4td1Rta2JIaXA2YTRHMVN6WlJvbV9qTEplbkloSjZTWWRTRXRKSUdIdDJjRHF6ZV9mS0dWdjBkUWFFclZqWnFydWFCZzJ4di1wYXRjd3VUM1hzTTBZNnFCS3Z4aFY2MmNUT015S29TbkhFaWZyT2tIQnpOUk5COTRTckZzLUdSRVhtUkhSTEIzeldqeGdUZ2w0NUlXSA?oc=5,These Companies Help Employees Find the Perfect Work-Life Balance&nbsp;&nbsp;Seattle magazine
2026-08-14,2019-01-23,leadership,,O'Dwyer's PR,"PR News | On the Move: Hotwire Hires Chris Paxton; PAN Ups Darlene Doyle, Lisa Astor; Markstein Nabs Qorvis' Nicole Chardavoyne; Symetra Life Adds Sharmila Swenson - Wed., Jan. 23, 2019 - O'Dwyer's PR",https://news.google.com/rss/articles/CBMiugFBVV95cUxONkR6UXNjSFJTbmpicm5VWF9JaGxwa004ODM0NmRId3hZbnlVaERESGtPcWthdkdSU0xtMko4Xzg4TVFySHlmN00wOTZKT3RjOTktXzhqYWJOM1J1cGM3M3EtMG5VcDJkd3RYR2lKVDVqRmFDS1hiamhFZ0tRNlJLVXZrUGlGV3BLb3N5TFR3dTBqR1gzczA1NGpTYjI5UmRyclhweXFoVDRlcnJjNjF1UUZOdFNvaE0xMGc?oc=5,"PR News | On the Move: Hotwire Hires Chris Paxton; PAN Ups Darlene Doyle, Lisa Astor; Markstein Nabs Qorvis' Nicole Chardavoyne; Symetra Life Adds Sharmila Swenson - Wed., Jan. 23, 2019&nbsp;&nbsp;O'Dwyer's PR"
2026-08-14,2010-04-07,leadership,,Wind Power Monthly,Mataczynski resigns as CEO of RES Americas - Wind Power Monthly,https://news.google.com/rss/articles/CBMijAFBVV95cUxOaGhhM0VnQ3JHUHIteUdodGwzRFRGU3VRcXRnLThSOGtuZjlTR2lUeFlaWW95RUhMZXBfTGVUeV9JdDFudVZxc0ZMb2FMNmc1MjN3SlJKUlpKNmFGUnRydUZqcWo3bWNzcldQMk5CR3Q3SVdzc3ZaUVdoQ3pjNk0tV01pR0ZQWDBvdEM3TQ?oc=5,Mataczynski resigns as CEO of RES Americas&nbsp;&nbsp;Wind Power Monthly
2026-08-14,2005-05-17,leadership,,historylink.org,"Ellis, John W. (b. 1928) - historylink.org",https://news.google.com/rss/articles/CBMiSEFVX3lxTE1LaE0xWWVRQktlV21odGtrc2tqYmpmZVkyLVdxV0JRSWFQMGVJTkhJdllRUlVEX2tVRnlUa3Qxb0VfMnI0Qmw4Rg?oc=5,"Ellis, John W. (b. 1928)&nbsp;&nbsp;historylink.org"
2026-08-14,2026-08-09,company,,The Seattle Times,WA wanted clean energy. But utilities plan fleet of gas plants - The Seattle Times,https://news.google.com/rss/articles/CBMitwFBVV95cUxNS0Jub3hHd215UzE5SWcwRjBkay13UDMyVS1LQjk4Vnd5OC1McGluNzY1czNUblV2RFg1Rk1pNWNpZ0dHb0dHZWdoQVF6UFBJWUplUTg2WFZUSTdSelpKNjZEenFzdFhWMGJNQk1hS2VhZDV1U19PdF9rVHA4ai1ReWRLWW9tbVNaQ3M3UWM0WXBMMjBaUmJSNldMMGVXVjdURUdkRjhYYjlhWDgweGtaalFYSEZxSnM?oc=5,WA wanted clean energy. But utilities plan fleet of gas plants&nbsp;&nbsp;The Seattle Times
2026-08-14,2026-07-30,company,,KOMO,Washington AG challenges Puget Sound Energy rate hike amid rising utility bills - KOMO,https://news.google.com/rss/articles/CBMiwwJBVV95cUxObWdhS0gxT0MteVROb3h0OVkwZ1gtM3l3RlZwSmEzZVhKYmUzR1BHczVHaHdsb0UtYV9wWjJBSVpRcVZabDdzNmVBWEJhS1ExclduM3Q4V3FUNS1MLXMxWTMtSC1mRnRvRlZ0cFAyeFVJdl9CeWVnbWJLQnBpc1c2c1IwTTdBLTg0YnpnWUZFZ1ViR0xSUW1SNnZ1Zzl3VzhNWjZSUG9VRTQ4OUptSkRvMnE5TVBMOUxjdXJlWnoybHZ6V3dULVlkM0lKYzBtZWM5ZXZROVd5UUI3NnlXbU56bU5RZjZhX19qUll2aTg0bTQ1Y1RuaW5PR002N3ZSMmRqd0xJMW9qeGZoZUZhV3UtUVQ1Uy1taXItQ0tBa1Q3cnpreVdORldMQ3k4UnNMdWZ1MmQ2NGtqdnd6LUZMNUNvZnBMSQ?oc=5,Washington AG challenges Puget Sound Energy rate hike amid rising utility bills&nbsp;&nbsp;KOMO
2026-08-14,2026-07-20,company,,The Olympian,Thurston Co. residents regularly ask: Why is my Puget Sound Energy bill so high? - The Olympian,https://news.google.com/rss/articles/CBMibEFVX3lxTE1Pc1U2Z3ZfVXdOZVhJS0ppTkF6SVU4d01rZUFJcXRLcnR0UHpmZm8tZGZyZ3Bhdm5hbS1hNnJXYnc0QkxDQlBveGhwMGxoUzVrdk9WdGVibkdIM2R0ZFFDSkFSb2JPdnpQZ2tWbNIBbEFVX3lxTE1VR1pBZUFvM1NSZms3ci1aaW1iV0NUTk52TEJJejJYc2U1ZGg3eEQwT1hlYjFUU3lId0ZpYlFjV1VjbDI4SGxyaC1GcDYxeEkza1B4YnpuX2lQNnBaaGpXRzBwNVFfMXItMWFjUg?oc=5,Thurston Co. residents regularly ask: Why is my Puget Sound Energy bill so high?&nbsp;&nbsp;The Olympian
2026-08-14,2026-05-18,company,,KIRO 7 News Seattle,Pierce County residents feeling sticker shock at Puget Sound Energy electric bills this year - KIRO 7 News Seattle,https://news.google.com/rss/articles/CBMi5AFBVV95cUxQcFhjc0ppZWgyeHZocC10MV9tcmwyM2pRQWVJVVdxOWV1QW5zbjJsd3lJZzVzMVgxM1BWaF8zVUJpTkdNWC1TMHhUUlI2c3dSWXRzYU1MNUVhVkZBUTlrNWFieFlVdlRYd0tFY210Wk13M3BfYjRaT3pYVXNid0ZNMzB0MnpmVmRsa09HTTN2b05UYXhCY0hyY0Q4NGNwbVlkVFBVMXNMNVA2V2YtRjRPLVdETUd6MWo1TmRPNFh2S0QxSWdWX283d2laVmJ2RGFMLThPRnB5T2Z1UjVvcUNIOHFXc2HSAfgBQVVfeXFMTzhlVVk5bGRXcU1jN2tHSnpfLWEwNzl2ZlFBTDIxNjhKXzlxcm5BNG5qd1loS0xaZXlJNnJ0Z0g4X0MyRldxMWo5MWxSSlVJcEUwMnU3NUhCZzhBR0ZsNkZqdXU5NUo3SmtTcENFWE5oYjk5b2RIc0hSb3ExeE5TeV9ZMThDRFd0TGc4aEVRV3hBLS16VmZUaGRFSXhCdDZCOVB0X1JDWjFtclNSdDd4Z3BzdFNwcXo2Q1RCM2tualZ2SGdkX09UMzB4Um5JWUNJVVNLZEktQ2ZFZll4MW1aX1NOU1lJbG1mc2dxZHd2OGQwRlJpbmJKVE4?oc=5,Pierce County residents feeling sticker shock at Puget Sound Energy electric bills this year&nbsp;&nbsp;KIRO 7 News Seattle
2026-08-14,2026-05-21,company,,washingtonstatestandard.com,Washington’s largest utility moves to add more wind power - washingtonstatestandard.com,https://news.google.com/rss/articles/CBMiwAFBVV95cUxPOEdvcnlzY0hwelpOS181REllMER4NWotQURDUVpVVEV0MENmaEFsOXhkbFFCVVVxZFFCVVIyTU5DOFFqME42QWpnWk5PS2dwM0o4NlFMUVZFNktQMlNfSlI1cHptQVlqY1ppeEhkS1VlWS1xcUJZdk1hVzJZOV92Q1JqS3g2S0hHbGVScC1GRFAxWDg3Qmk4aUd1VGI1UUo3THM2ZnB1QThhNnRlbGZjMGNzaFdGa3FaZHlKdU44Wmw?oc=5,Washington’s largest utility moves to add more wind power&nbsp;&nbsp;washingtonstatestandard.com
2026-08-14,2026-03-04,company,,Cascadia Daily News,Puget Sound Energy proposes more power rate increases - Cascadia Daily News,https://news.google.com/rss/articles/CBMinAFBVV95cUxQRjBRd3hXbWc0aFNBX0dEVzhhVmZMSlVGVlZmT2NGVXhIS0JlaWNQb2VZb0JSUmJYQ3hhM2xjbWJCT3lPclVZN2VTMFh3SkxrVUtUUURqcHlUZUVvVGtsQzR5a3pwSE1Rd3dqSHVmYmpfOVdYQUFTMHUwbllOMnBhc08xWlFYVUZrVVFYOW5IVk5xZzE0S0VNZlRrdDg?oc=5,Puget Sound Energy proposes more power rate increases&nbsp;&nbsp;Cascadia Daily News
2026-08-14,2026-03-24,company,,Utility Dive,"Puget Sound’s vehicle-to-home charging pilot combines demand response, peak shaving, resilience - Utility Dive",https://news.google.com/rss/articles/CBMimAFBVV95cUxPLXVuNldOdnd6WGxUajhhWXlwUk95X1BDQ0pFOGxQLUtwUEZ5NkY3T1pQYnpNSE9ONUZ5MHp2TGp1TWFnUTRGdkYyT2trSFdzX3Y5R0JZS1R5ZDdzenJFcmpaN3czOU41X0NCamh1ZUs0V0J6RHJEMndteXJpSVhSb19QbHp1ZUpLSkJhQ3d2MmdTRThlYVNNTw?oc=5,"Puget Sound’s vehicle-to-home charging pilot combines demand response, peak shaving, resilience&nbsp;&nbsp;Utility Dive"
2026-08-14,2026-02-18,company,,dailyrecordnews.com,Puget Sound Energy announces purchase of Schnebly Coulee solar project - dailyrecordnews.com,https://news.google.com/rss/articles/CBMi7gFBVV95cUxPVmYxZTJMNkRLdTFJblNISlRDU3lpeU5vdENNano5ZTZmX096QU9QaVJIMC1ISXJkNTJFaXNsMThkYlMzb3NkMGJDb0JpenMxY3U0b2xYaDEyajBUcXlSLS01Z2hRd1B1YmxzSXN1SGJzLUt1N3JpR1hjek56LVZiMUNETTh2bXVNem9lLUtfclotdEJaTXpsZ2N5el9LNVZkaWZkRlI2NXJmSEdiTlVvXzY0cGE1RV9lb0xndXh2VC15TXJlVGk0VjN2M2V4RVBHWFhBQmZ3cEJ1SFhHTkJ6WlV3YWFoT2RGOFp4eFlB?oc=5,Puget Sound Energy announces purchase of Schnebly Coulee solar project&nbsp;&nbsp;dailyrecordnews.com
2026-08-14,2026-02-04,company,,Tacoma News Tribune,Why did your electric and gas bill go up this year in Pierce County? We asked - Tacoma News Tribune,https://news.google.com/rss/articles/CBMingFBVV95cUxNSTlJaWhvV18wbXRqNmIxY2EwdWpQdXBMZEFJSWdQcG1aME5TZUcxaTVDUmk2ZUhGQk9vTUNwazlMTmNLcUpjNjRSa2Fha0VOODU0Rnh3dzZMZEdveVpQcUY5M3ZkQ0pCOXFaOXNDeDVlcHFuUlN6c00xOVdRRUpieUFpazhtY3pGVnBCUjc3V0Nua3VNYTc1QTJhYzcwUdIBngFBVV95cUxQaUV1b1doZTFMdzNCMW4wSnBQbG11aTg1b3djeGVZcDZ4QUxlcWFHdXlKUi01SnV5RURjc25kV2pQWmVQa2VOMEpCSWNZNXo5cE9lNS1BVlBWRGJPSS1zUmxsMnRiWVQxaVZqTFpkNUtiSFBGMW1vdzV4a1F5MTNrTFN0dFVhaFpHdXBidDdZNTgwWG5pUVNRN0ZNVHVuQQ?oc=5,Why did your electric and gas bill go up this year in Pierce County? We asked&nbsp;&nbsp;Tacoma News Tribune
2026-08-14,2026-03-04,company,,Business Wire,Willdan Selected by Puget Sound Energy to Implement and Expand Program Offerings - Business Wire,https://news.google.com/rss/articles/CBMi0wFBVV95cUxPZ1VCRFJaVE9mSnNPUVlsQWxWSDRQZDJEaG1LZGtMdTZDbjRxZDZfVUxyRjdiMXZvS1ZDc2oyTlh1eXpKM1JmanRQcjdXVlhGY3ROVFFxYjVWV1dMYTl5dUZ5ZjhGMC1DNjg5YjN6cHdaUWpIeXBPc0cwSHBhYWszVVdrbU9GNllDd1FYMllKUXdldEhqSmdDcWpBOTdadjBIcG1Wei1wTWRXc0twSnZ5emhFUUhkSUVQNXZqSjRuWnp5Z1VheHZIclpZTmhON3BTWnZF?oc=5,Willdan Selected by Puget Sound Energy to Implement and Expand Program Offerings&nbsp;&nbsp;Business Wire
2026-08-14,2026-03-02,company,,mybellinghamnow.com,"Puget Sound Energy proposes rate increase plan for electric, gas bills by 2029 - mybellinghamnow.com",https://news.google.com/rss/articles/CBMiugFBVV95cUxQZGdfeE5QR2RWOHpUVkdTYUd6SmdRWnJSLVpNNGlLTTBiLTFjV2diS2d2ZWh1ai1VbmlMUDBRYldfOUR6NW9pRkcxb09kSW5yOXVyYXlfdmhEUkJXN2xLQzRzTXRGMFozU29UaElDWEpVSUVlN05WenJzVXR3ZUp4Q3BscDVIQWdna180enI2WFF0NHhtZDR4MXotQVVucWg3TG9JOWkydGI0TldMMnM2LXdtTzZLRTFSamc?oc=5,"Puget Sound Energy proposes rate increase plan for electric, gas bills by 2029&nbsp;&nbsp;mybellinghamnow.com"
2026-08-14,2026-07-21,company,,KIRO 7 News Seattle,PSE Flex program faces first real test as heat hits Puget Sound - KIRO 7 News Seattle,https://news.google.com/rss/articles/CBMivgFBVV95cUxNYWE5NU83QUUyZUVBYW5heGY5cnd1VzJULWxqdzRMN1hQVjYxS3ZpX2JPajZkZFEydllwbURUTG1sNllFTWFlc2tiWGNRQVhnUlZNeEJOekg1cXZ4d0NnT09RSFZOQnNuVThNNjBmb0JIY0Z4YzJlQTZPRHdWd2d3MlhWTnNmOGhUcV9XU3JZaHVMQ0tRejh2WmcwakltcWZ5dUxfUUxvdDBfZlFMazJZVVZaUzFtUjFkUGt0WDhR0gHSAUFVX3lxTE9GSjEzQksweEN5NnlZVmtOUXFoSmt2SDZ3RTl0cWFkZEtMbmRQeE9uclo2U3FpWHNNcUVLRExoYWZ0dVVMcS1qNGdlaW5ZVzBSd0U1bURNNGVPa1l4Tzh6QWlqM3liTnYwNFp5SDdINGUtaExtMHlRMnpYSjVRd2pUQ3hjVFZIYWYtSDA4anJTYjktajBGZmVNczZOQm83eTAwNjFSVzU5b2V6SDJYcEo0dTRhUnhueEhGSWRqT1RESDk1aW94Q3U3QUc3NURiSnladw?oc=5,PSE Flex program faces first real test as heat hits Puget Sound&nbsp;&nbsp;KIRO 7 News Seattle
2026-08-14,2026-02-03,company,,Tacoma News Tribune,What you need to know about Puget Sound Energy (Video) - Tacoma News Tribune,https://news.google.com/rss/articles/CBMiaEFVX3lxTE1OOW5RbGFHNWlSZjlWYW1NVk4ySW9weEhva1oyaHZPYkREVkZvNWl0dE5nNFpZWjJ3cXo5WmdWcUZrbU5zT0d5NHRLXzN3bktwWXhYaS1wSGtYdHNuTVNVS3BqbDhSeV9B?oc=5,What you need to know about Puget Sound Energy (Video)&nbsp;&nbsp;Tacoma News Tribune
2026-08-14,2026-05-19,company,,Business Wire,Avangrid and Puget Sound Energy Sign Contract for Washington Energy Project - Business Wire,https://news.google.com/rss/articles/CBMizAFBVV95cUxPd0JRV25zZDY3VFVwblg5Sk44azk1UENycW5CbkVickM4eGctVUZwMWJURVN2TlFxUWg3TDlHV3htS3ViaFNsdDRhSkZMOHQzR3BGMFRVWC0taTNWaHRfdjNLY1lOVTZveW5USWk0dldoMWk2ODFUazFNNGZKTHIxX1VjSWNHelM5YnZ4LU94WTkwRHVzQnVGQXNNRkxZcU04Y0sxWTNMVDd3Q3UwR3g0cFkxcGU2SzZSVUtUSkJ4dEVlV0tPaTM2MzhLa2g?oc=5,Avangrid and Puget Sound Energy Sign Contract for Washington Energy Project&nbsp;&nbsp;Business Wire
2026-08-14,2025-12-09,company,,Utility Dive,Batteries to provide grid support in transmission-constrained Pacific Northwest: BrightNight - Utility Dive,https://news.google.com/rss/articles/CBMikwFBVV95cUxQUnM5TENWaDVlOF9QREZoN2pQYUUtMk1PbFZqSHduY1dRbDJRaDIwcC1teFA2R0lkY3JFSWNxdWZWbWUyZFZWOFFDaWR5cVRLMHdaeE5LNS1XbTdzZ1lRMlJ0QnFlOTU3Z2JjaWJ5RG50SUM2M0FMZWFTbGpCZTkwWXZJWFdfNDBJT0tHT1dmYnREbUk?oc=5,Batteries to provide grid support in transmission-constrained Pacific Northwest: BrightNight&nbsp;&nbsp;Utility Dive
2026-08-14,2026-05-18,company,,KIRO 7 News Seattle,VIDEO: Puget Sound Energy prices soaring - KIRO 7 News Seattle,https://news.google.com/rss/articles/CBMirwFBVV95cUxOU2pGNjdtVkJaWnZ6UUZrUTNtS1FHaGlxREdJNFdXN19mbXJueUMxNi15X1RndFBieGNxUXBOV3JRUHVrR3V2czE3QVMzSFZXaDdXc3RNUzFNcVloT3VuQ1hJX3ZMcXZ2WDBScHZGQm9QODFGZXZRMVNCZDFOTjN6Z3ZEUEo5NllWeHU1U0VGc2hDelMtLXNSNV8xdjBkNjRmMVl1Wl9MVF9sWU9KRHZZ?oc=5,VIDEO: Puget Sound Energy prices soaring&nbsp;&nbsp;KIRO 7 News Seattle
2026-08-14,2026-03-11,company,,Tacoma News Tribune,Are PSE bills going up again? Here’s what customers would pay under new plan - Tacoma News Tribune,https://news.google.com/rss/articles/CBMicEFVX3lxTE1WX1Fzc2hJY08yQTl0c0FodmZIWENMTnI1U3ljdGllS2RnRWZzelVvenNidUdLQkFEMmRRemYteXQydk5EUFllYUh3aW4wdmlhb0NCdGxMdjBsdGltZVo4ajRxb3hvSTdsUzN6WFk0V2jSAXBBVV95cUxNRHhZczlvMzM2anlwdmNvSlNRZWF4SEM1UUhodUdBcHM2OWpZNUQzYjVwREtPdm9hdVpkOVNvTy0takthMTlSZnZCZGNLYXlGV0NIMWx6RG12bVJ5V1pOQnQzOFJPb25faVpxdmtQV09l?oc=5,Are PSE bills going up again? Here’s what customers would pay under new plan&nbsp;&nbsp;Tacoma News Tribune
2026-08-14,2026-04-01,company,,KIRO 7 News Seattle,VIDEO: Proposed Puget Sound Energy rate increase - KIRO 7 News Seattle,https://news.google.com/rss/articles/CBMiugFBVV95cUxQUW5lR3FiOFNlNnpxN1JVSXVxUU1KdDN5SFc0RXhRN0R2TzNiay1TekkyMmMwZmdtYmRTY2d4bElkY0RtU09BdlVfWndLS2RQUF80Y0ZwbnRJTk5QdDN2RElzcnNLMUViY2t6Tk9mTHJGVWNNTXhoNE9DLWpxX2FHSDNYLXRMZVBhZkE4MUVqT0plV1gzaWRLdFlHTnFhM09hR2ZIZE9BRnlmX00wZklyMjM1eUExa1BDNnc?oc=5,VIDEO: Proposed Puget Sound Energy rate increase&nbsp;&nbsp;KIRO 7 News Seattle
2026-08-14,2026-04-22,company,,KIRO 7 News Seattle,"Over 2,500 Puget Sound Energy customers without power in Woodinville - KIRO 7 News Seattle",https://news.google.com/rss/articles/CBMiwwFBVV95cUxQUTAzZEpxUFNHRGxwNTQxWl9EZUEtQ09RQlI2QjVtYkc1QXVrSVd2ZnRIcUZsSVhmUmd1a1pDUWFTX0ZsQko3RVZ1VWd3R3FsRXNwdHFkSjZyd1ItRkRXN0EtZXlQYlNTQ1h6MzNpbHpNLVR6WnhMbjdzU1BpWEsxQUFWajVkcS1xZ1A5cXpLRktsdWp2dE9ITUI3R2NFR096ZFlGblNEVnEwYm0wTjAzMS1nODZGT1dSXzMwZXZVR0k1OHPSAdcBQVVfeXFMT2F3bmxWZzdVX1Z4R0Z4TmtXZ1hGYkZobW1GSlNMZVhmdFQ5ODNmblJKTVZwYVBYREZPQkRJcXhjeEpoVzVleUFVbU56d3M1VFAtendRZW1nUm02SzhLdzY1bFl6TGNKQ05XWWk0YzNxdi1ma1BwYUw2WEppdm5rQTJDWVBFM2FGcEdhclR3bFJYal9QeElvSkV1VEphRjE4WTNuSlJtNEpJS1VGLXA5bHZUWVJWaGU2LWNyd1pNekRMZHQ3MVFfeHk4dmJpUnRtQy1LNmFXQzQ?oc=5,"Over 2,500 Puget Sound Energy customers without power in Woodinville&nbsp;&nbsp;KIRO 7 News Seattle"
2026-08-14,2026-04-01,company,,KIRO 7 News Seattle,PSE proposes new rate increases. Here’s how much you could be paying - KIRO 7 News Seattle,https://news.google.com/rss/articles/CBMixgFBVV95cUxPQi1MUmpFMjBuck1EbnVUcWdjS3ppbkJIWlJNdkx4RHFGUENDaVlfcVVQa3pRenRBckZSaHhfNk5qa3laRWRPM3pvZ1hKYUxxTHpsZDY3a3Q4bUd6Wkk1UlU5UnIxd21rR1VGb0REY0FJZkFwLVRuY2xTVk9EUWZrcEtfaHlTYmI2cE1wZ0NLTEoybHFteHFoSGtPR0s4YXctWmNqeHhqOUVLWDVqaGFWUkEtM2NGTG9aS2d2ZUI5dGhEQ2RVM3fSAdoBQVVfeXFMUDFhVW1Xc0YwWF9reGxPa09qaUQzTENjOG56emZWM1hpUnh1MWhCbUFYS2xQQkV5WVp3aDBValowUGlxeS12RGJ1WEtEQmxOVW9hSFhvRllWOFJhc29HQmg5QVpkMGc3MkxGMnk5WXRjYnl1ZDZqQndxN0RIbGtuUGcyM0Zkc2NVUEd4TnprN0tpNk1SMUJLejVKV2V5a2ZBaVRZTkF6cngtNUF2QnNLMWFVRzJZNzdRTWQ1MjhmRDhXS1BLOVh5ekJNZjNJdzZQMnluZEJudXQ0eFE?oc=5,PSE proposes new rate increases. Here’s how much you could be paying&nbsp;&nbsp;KIRO 7 News Seattle
2026-08-14,2026-04-14,company,,Whatcom News,Puget Sound Energy applies for 3-year electric rate increases for 2027-2029 - Whatcom News,https://news.google.com/rss/articles/CBMirAFBVV95cUxNSk5WVVJsWXdrOS1IeTBwWTlUdVFlY0FIbU9CRmlQQThWcFNTczZWZWNqd0toTDFWbmhDYTg3NDVTQ1RxbFNUdWZBMFQ1Qjc4bmdoZ1lVQkhuMW1iY2VOVlJaMjFNUXdNN0hDSjE5X3hkZVdTM0dja2tJNEJaa2xNelNmT3ZkRlNEWVBvN0RtSTVvVHozYWQ4SDE2MjJ6TzhZS3hvWXFPaUZ4SVVL?oc=5,Puget Sound Energy applies for 3-year electric rate increases for 2027-2029&nbsp;&nbsp;Whatcom News
2026-08-14,2026-04-07,company,,CoStar,News | Washington's largest energy utility recommits to headquarters near Seattle - CoStar,https://news.google.com/rss/articles/CBMitgFBVV95cUxQR0t3SVpXQWViUURFRzRJYmdkdGdXOHM1ZXRaLUdXTVNKcWtiSTZPWGVRTmVhTWFUcks2a3V6X1pXWjhIU2Z2NTlpT00zeVNsZ0ItZmRDbHB4enlPeFlFNkxLbkZMUkplS1B2SmhtemhLWWU0cjZkR1RKeklzZXI5eUQzUW1jSmwxNFhhRkl6VXMtYTJtMVlHOEoxYUNWYmo5V3pnSkZMSHRIVTBKRmpEb19aQmlHdw?oc=5,News | Washington's largest energy utility recommits to headquarters near Seattle&nbsp;&nbsp;CoStar
2026-08-14,2026-06-09,company,,KING5.com,Power across Puget Sound restored after thousands of customers hit by outages - KING5.com,https://news.google.com/rss/articles/CBMiwwFBVV95cUxQQVNLWHpYczh6WkJ4ZFpHcTVkeTFBUldUMXpkS3ZPTmxWN3lvVDBPRHN2djFTclg5c1FPc2FnYzJHd2FYeVhUMlNKWTlFMjFxM1VtdE04ZW1zLWdLRFZmVTMxbTlXQ0sxRk5sU0FDVEhXZTIwRzJtTDYyeVFmR0lXQV84N1dLTlVDWWlod05iSWxVZEhfWGNrUnJ1RU9XTFJIT0JpeU5wNFJOaVlSTmJYQ2pPRm93ekRXRjhQcnZIVW5kUUU?oc=5,Power across Puget Sound restored after thousands of customers hit by outages&nbsp;&nbsp;KING5.com
2026-08-14,2025-12-24,company,,MyNorthwest.com,Puget Sound Energy prepares for potential power outages over the holidays - MyNorthwest.com,https://news.google.com/rss/articles/CBMib0FVX3lxTFBZRFpkZ1lpN3JPV0xQRDA2eUdGQ0k2X3BhUFppb3N6YnZWektLUjc5LUNjVW9rSnhCdGJyZHhlYkl4Tk91VTdWa0xGT0hjd0VmZWR5Zk53N2wxSGtjVm1KcHhLbkNvYU9uUWs1dnNDNA?oc=5,Puget Sound Energy prepares for potential power outages over the holidays&nbsp;&nbsp;MyNorthwest.com
2026-08-14,2026-04-19,company,,Daily Energy Insider,PSE files request for proposals with Washington state regulators for new energy resources - Daily Energy Insider,https://news.google.com/rss/articles/CBMizwFBVV95cUxQVnd1cEVtOC1OVTZxdHFuU0t0UFdfYVg3eHBVdlBlQ2JRcnl6UnVKaG9QQ2liWndIYTVfc3N0MWtVMkZvT005N2V2dGVkMTNoVC0xd0FZYzE3SmhRaU5LSmtEb1NQWGVjZ0ZaRWhBMzJJb1VyNHVrZGNTYTVNWTB6UEg4UlJIOUp1NGdub255SDlYS1JXbkZlOU9EMU4xbTNzcjNJVzE0X3laQ3RxVmcxSkw2X215N2dUVk85am9xTUItOE9YWHM0WHMtTzhZanM?oc=5,PSE files request for proposals with Washington state regulators for new energy resources&nbsp;&nbsp;Daily Energy Insider
2026-08-14,2026-02-05,company,,The Seattle Times,Amazon outbids WA utility for one of nation’s largest solar projects - The Seattle Times,https://news.google.com/rss/articles/CBMivwFBVV95cUxQOVBxQ2trOG5uYkY2a1FsQlMzbmxGOHZIc1Q1aEx1TWtaZFliNVRNeENwV0Vhc0M0WHRDYTkxUG4xYXJSNU5CUVFFT3J5TF9oQUNHV2hVQ3M2SlJDalVTaXRkRlk1aTNvUUI5Vk5iSy1SOHFyT3FJdkxpMVFreGMtZ2k4ZTJPQThEZ0FCZWVpbUp0SHJpb3htcW9QdXItMTF4TENqM20xOGdkcW01TFlzMF9OVEREZ0tnOFBoeWtzQQ?oc=5,Amazon outbids WA utility for one of nation’s largest solar projects&nbsp;&nbsp;The Seattle Times
2026-08-14,2026-04-14,company,,Snoqualmie Valley Record,Residents ask PSE to stop Snoqualmie battery storage site - Snoqualmie Valley Record,https://news.google.com/rss/articles/CBMinwFBVV95cUxNaVp2dmdDNEdiVlU0eExoMWVJZTBkYjY5dWdfazhIYkhFY1dWMEU1eGFENVpXVlF6UHRWOHI4NWgwekZlREhCT0dhaXpRRjhSQmxjRkhtaThaQUFZQ3I4WmhmM3pnTXNrSmFvamh5T012ZlhBZGpSNERuT01oWXJJd2VCbHN4S0RHLVg5a1I2dzZ1dXFWdGpVcTlHNFdxbnM?oc=5,Residents ask PSE to stop Snoqualmie battery storage site&nbsp;&nbsp;Snoqualmie Valley Record
2026-08-14,2026-03-09,company,,KIRO 7 News Seattle,"25 people evacuated in Kirkland after construction crews hit gas line, Puget Sound Energy says - KIRO 7 News Seattle",https://news.google.com/rss/articles/CBMi5gFBVV95cUxORnAxVXF1cWctTzd4OWM3bFp0NlhFbWpGdUFCcG41aTl0djlPT09OOVIyMC1nOUwzUFhCUW5tbG9Qdzk1T1lnRHBsNE9MZV96Tjl3Ym5XaVhSaVFMaEdwZzVjcFJYcnRQaWpxRWUzNHNOUVRYdmlGVFJjRGFaTFllZVZTekZtazhYNXNBZFJfU1czOEcxc2p6cDhRaEhSX05GX3B2c1YyUVJkdk9LeGxIY3NSZWNPVzJUWlMteG5pT0ctWk51bkxvVnZaeUhsV3RIY1VGWkhTRWJ3WThZcnl4aS11YUF6QdIB-gFBVV95cUxObWpFQnZFdVI0VXNoUUtuaVNhc2RiM2E4NDBuZkFpN2J3cW1aX21lU2VFS0JWT1I2UDJtMUt2YjVCSG93ZVFsak1xWkpXTmgzMFptZm1wSU5xUkVxS0poRWo1ZDZYWWV5WktuYjRsc21vU2J6QkE1QmM0aV85NkhiaExURkFrN1B1VG56WnhCaDNhYnk5UVgycU9TYmNlSWNmTXF2RkRHRDgwVzdWZ0hfY3NoQWY4dWFGQlFja2QtaW9oOGxYYjhaWm5xc1JPWHNpZmJwLTlRakZSVGE0NHBVdnR4UmZtUG1IaUQ2UjBUNWRyR1Rsd2VrUGpB?oc=5,"25 people evacuated in Kirkland after construction crews hit gas line, Puget Sound Energy says&nbsp;&nbsp;KIRO 7 News Seattle"
2026-08-14,2026-06-03,company,,Cascadia Daily News,Skagit County attempts to plan for clean energy future - Cascadia Daily News,https://news.google.com/rss/articles/CBMingFBVV95cUxOY2NhaWsxOE5CZzlKcy1SZjBJcUdFNUlzU3kwTHEtRlRnZWg2NTBnYlJvVTdpX1Y1dkpfS1pZOE5uZGhuMDVRa0R6T0kwSUczbEJEek9FajhkOTVIMWVNR2JyWENLMTBQcEVSNm44RFVPQ2xpcTNfTnNJZ3ZCRHc1YmZ1TW1zTldMWjhzZHRNMTh5TXJkQnNONmJMU0VBUQ?oc=5,Skagit County attempts to plan for clean energy future&nbsp;&nbsp;Cascadia Daily News
2026-08-14,2026-05-13,company,,The Olympian,"2,300 without power in Olympia, PSE says. Delayed start at several schools - The Olympian",https://news.google.com/rss/articles/CBMibEFVX3lxTE1GMkREVE9DNHpkMjU3bHFhYWZQZ09ld1dTX1FubGMxR2M5TFdVRWtBcnhaQjduc1k5YWlzZk94NU5RZEg1WDR3bnpONVgydzBmdEcyWkxvczJ2Y1FPU2l6WGp2NDc0b1JPLUFoZ9IBbEFVX3lxTE1VN2s1cWFHV25BTWYzRUU4NkE5Smc5SlVlWW5KLWptWnNsRTI2TnN6UkQzckNUMWlkSndzd2VDanB3d3V5aC1tc0F3TWp1aWJFTFhOR21aY2V0elpxNnJOODhIRVE0WVdnNS0ydw?oc=5,"2,300 without power in Olympia, PSE says. Delayed start at several schools&nbsp;&nbsp;The Olympian"
2026-08-14,2026-03-23,company,,KING5.com,Samish Island couple's 'happy place' becomes maddening after microgrid moves in next door - KING5.com,https://news.google.com/rss/articles/CBMi1wFBVV95cUxOV08yVVhRaURkSUk1SGloTXF3bHFrRlh0bVlPU0JpV1BZanBTUUp1d3lTUG9rZkN6akZ3LXlBYWZzOWhoRGdta0RsbmNQMjNPUUw3djhxVm9OaWVqVkxRZGQtZkVtVzUtUUtaNXJiUkRZb25XUnJGUjlqWnR1ZWRTb1l5M1ZoTm9sZS02XzZSM29FZnF4TVhTRFoyV3lELS1yOGZtbWZwcDJYNnd0bG15RWFaUTZ1X2docEtiTWN1OEpXTzVMRS1rcWN0SDNrZ2RFdkMxOTVhWQ?oc=5,Samish Island couple's 'happy place' becomes maddening after microgrid moves in next door&nbsp;&nbsp;KING5.com
2026-08-14,2025-10-14,company,,KIRO 7 News Seattle,Puget Sound Energy grants $2.5 million to Fred Hutch Cancer Center - KIRO 7 News Seattle,https://news.google.com/rss/articles/CBMivwFBVV95cUxPamhYZ0Nja3NzVGRKQmkyWERGT1c0blVKbjZSYmV5UFBqbGVTM2xuV3JVOVlPVjh5V0tsRnVCa2xXWjBlaDVjSmk1SEh4NUp2Rlo0aDYyMFA1V3BSREdaVW1VRmVOSzlzaUFxbXhvenYweXlyR3ZPSktTVXYyLU9SNHdwekFOT3Nock9LLVpfc3dkYXhaV2N2N1MwVk5pbDdodHA0cmlLZld1WDFqMVFydmJrLXdCbE1zTkx4YkVkONIB0wFBVV95cUxNekVRZTA1SUQ0aWJacUVla3h2SGk4bFdGNHVDcVRZa0drRWJXd0x0SHBvbkF1TFlSVFRFN2U4WmJrZkVzVG5BZkZXeTZ1REhadVlFdDdUSlY4MlV3WTFUY2FpXzRUOUdFa0NJUGhqQmZER3RtMkE4RVhHSjl1Q1Jqc3BVMzVfWnJOaXRZTlJvYmxzRVZCSHoyRFhoQkpVdFExWWR6Rkw5czlPdi1oWHZGV2l6T1F5eUk1ZDBVd1d6TXZuaml5MllyMDVMOTZOZThaT0pr?oc=5,Puget Sound Energy grants $2.5 million to Fred Hutch Cancer Center&nbsp;&nbsp;KIRO 7 News Seattle
2026-08-14,2026-06-27,company,,Whatcom News,Power outage stretches across south Bellingham neighborhoods - Whatcom News,https://news.google.com/rss/articles/CBMimAFBVV95cUxQaDc0T2xlYlNTU2F5bVpyeDNZYnVnZXByd29Sd2RTeFNmWUhXN1RJR3loX1dGMTJlVWh3aV94RkpRa0RVcjRwMG9NZVZ0bHJraHNWQU53SGhYeUN5WmZwRXliSVZIeDNxRWRyNE1nTVZqelZPRnZLV3pNaHIybVR3WEthMUxJZ05DWTU5THhJTG9oLWNEOUFBXw?oc=5,Power outage stretches across south Bellingham neighborhoods&nbsp;&nbsp;Whatcom News
2026-08-14,2025-12-23,company,,FOX 13 Seattle,Seattle weather: Driver conditions on Tuesday - FOX 13 Seattle,https://news.google.com/rss/articles/CBMibkFVX3lxTE9VY1BybUZuNnlCMVYwcjViVzEzN3FURko5cGlLRS1LNTQ2aUp3XzhaNWd4ZGlKYXFZUG5sa2xNM3B2akFJeVNIbldQeVQyMHN2UTBGX2lFRVpqSDVDSE1RTE9TWTdfTHI2MjNnVjFn0gFzQVVfeXFMTVVrSHNSa0txd3diQ2J6SzRBV2xlUUZQTkl5X3lmVTVwUTZPY2Y3N21icFRsLVExVnZzY1VjNlE5VWpSR0t1QWZEdlJBOUlPQTdrMlZsV21JeDhQRnIwM2gyVDUtWjBTNDhaWUlfdmhOTXptZw?oc=5,Seattle weather: Driver conditions on Tuesday&nbsp;&nbsp;FOX 13 Seattle
2026-08-14,2026-05-30,company,,Whatcom News,"Lynden power outage impacts over 1,700 Saturday - Whatcom News",https://news.google.com/rss/articles/CBMihgFBVV95cUxQZ3hqckJOZTQyM2x5RzdBNGNCYlhBYzJMQ0pidkNPU1B4MnFnTTNMR19SWEQ5RUVWUHFDRnVya2hNUXI4QkptS1JrNzlob3duV1VsVXM4RzBvQklleFdJc2ROR3Axb2RNQ2JSSDYtNmhpaVRVMU54YjdwYW10NklMTTFabUxfUQ?oc=5,"Lynden power outage impacts over 1,700 Saturday&nbsp;&nbsp;Whatcom News"
2026-08-14,2026-04-24,company,,MyNorthwest.com,"Nearly 9,000 were without power in Kitsap County - MyNorthwest.com",https://news.google.com/rss/articles/CBMiYEFVX3lxTE5ob0FFdGFDS3FEZEpfa2QwR1JEQjM5eDBLMGlFUjVHNjNKTFZrcmxJWkRDT0NwVWFOcW1rN2poaWhNeTJHdThfTXRDQUxTZVRITUdLc0RFbFlNZFd5Y29fbg?oc=5,"Nearly 9,000 were without power in Kitsap County&nbsp;&nbsp;MyNorthwest.com"
2026-08-14,2026-01-28,company,,Tacoma News Tribune,Thousands without power in this part of Pierce County - Tacoma News Tribune,https://news.google.com/rss/articles/CBMicEFVX3lxTE1Mb09ocUVhaklIUGpjS1c3eGNBMkVkT1Y5VUhQRVBqamwxcnZQTEEwbE8yQXJMNm5ZWHJwNC0xZTJwNzBzYW01cUVmZjN0NHBkd0lVQmllNHpmeS1sUHVRcUlNUTUycWtNb2FEOGVPdXHSAXBBVV95cUxPRHlpNWh4SXJkbFNwelhOUm9pdFpEQ0lzUmxqU1lud21Uek96T1FKMkg1eTFVWUZDVjVxaGZpSjZLWTFCTHZCcFFUWlBCQTBBN3JVczNIVUNkRlROZjdDUXF2ZUNsNDd2b2djb0NSQUI2?oc=5,Thousands without power in this part of Pierce County&nbsp;&nbsp;Tacoma News Tribune
2026-08-14,2026-06-02,company,,The Seattle Times,WA’s clean energy transition collides with angry residents - The Seattle Times,https://news.google.com/rss/articles/CBMitAFBVV95cUxQMlNVT1IyMzYwQmE2NHcyaVZKMHZwZnBVVlFHMFEzZmg4MWs4WDdJelhsbmJxV19WWFRoUEtlcDJoYzRNZFVFblhnbkVGckdoM043SXVDbkhnQTBWT3kyWDk2bVpZdktlUU9kZERYLU9tQXAwckw0YzJpQl95c0doOUdGOE1hajFhVXVUZHBGQVItYThhVnBacmMta09lWWZQX2x1b1F3Vk5tUzN5Yzg2S2ZnTS0?oc=5,WA’s clean energy transition collides with angry residents&nbsp;&nbsp;The Seattle Times
2026-08-14,2025-12-19,company,,The Olympian,Here’s how many Thurston County homes are without power. When will it return? - The Olympian,https://news.google.com/rss/articles/CBMibEFVX3lxTE1JVWo4MmltTGsyeWtlSlg0WEFrOG00V0NBYlZ5d0o0OHp5OG9lbGloUWx5ZGdiV0RtaXdUdVVoQTM4NEVZX28xbC1UNHBqd1pkU2ozelZYc3dTREc1SFp4SjR5dHVIQ0lvNFpvdNIBbEFVX3lxTE9QQUhBVUZlREhIWTJKSGtYZGpKdHZqQnZsMFZoTGxPb091ZkYxWjVfbml5STcyNXJmUENVZnJnUTQ0M0t0djhtRUttWmFUSlcxUXdqcERfN0NnQ29UcUZJajZFTnh1bzVSeERDVQ?oc=5,Here’s how many Thurston County homes are without power. When will it return?&nbsp;&nbsp;The Olympian
2026-08-14,2026-05-13,company,,Tacoma News Tribune,Hundreds lose power after tree crashes into lines in Graham - Tacoma News Tribune,https://news.google.com/rss/articles/CBMicEFVX3lxTFB5OVFLd1dMeU1CVGdfTmtIaWU2YzB5Y0lDRTZSNDdFUWFKZldHcmMzb3lydGlQY3p0bWtYZk9jV2xjWXQ4dkxJSkstRkwyRGNPN0dxYjJ1aFQ0TUw2b2RsRmlpc3JoTm1MMkJfVFFHVXXSAXBBVV95cUxNUnlkY0dxVWpzcDJ6cTlfX2VHUlZobVBPamM0YktucU5ucVQ3VVJycFU5QWdCd2hWdGpmQnE4ZnF5OEdYU09NUDdkeURLcFBBTDVzemdyTWNiZjlycHRDaVA5U0ZsZGd1MEhfdmFPOGJx?oc=5,Hundreds lose power after tree crashes into lines in Graham&nbsp;&nbsp;Tacoma News Tribune
2026-08-14,2025-10-20,company,,thejoltnews.com,Puget Sound Energy partners with Lacey for rebate program - thejoltnews.com,https://news.google.com/rss/articles/CBMirAFBVV95cUxQcUdwQ3VvWW1mVVFxNzl5M2NIbGUtblVUMWZCNjJPS3ZOOWg1SFlNbThVaDRnbm9ndGxhZG9CWk1WSU1VMEN1aUZsLVp6UEoyU1dzUHExOTA2eFFTZEQ0bzA0MTdpZ1hGTlJjeWEwMFJQSUdiVUxnQ20tVTkzVWRwekhySTZWUXhzclJuckdWbXdDX3h0ZmZyMGRCdzlqSE5nM0FlWFhEN0NZVkd6?oc=5,Puget Sound Energy partners with Lacey for rebate program&nbsp;&nbsp;thejoltnews.com
2026-08-14,2026-04-13,company,,Capital Press,"Clean-energy laws shunning natural gas will be costly, report claims - Capital Press",https://news.google.com/rss/articles/CBMipwFBVV95cUxNRjgxNC12ZXFXUHZwTndfaU1BTWpiZlVWVzJybXA3ejdGZmpjRGVkb1lYbWlqVTB3NERONHNnaUFOdlhQeXpNc0tteEkwQzhtMUwzSHh6NlVHM0ZlT2JjX25yU2w3TWRGcExHUGdBY1VtSVY3Qkk1R1ZUWEVfQjlnZ2ZBYVVGZXV3VE5SWDM1b19ENzkzb19XNWIxY19XNTExVGNKTmoxNA?oc=5,"Clean-energy laws shunning natural gas will be costly, report claims&nbsp;&nbsp;Capital Press"
2026-08-14,2026-06-05,company,,Whatcom News,"Bellingham power outage impacts over 2,700 Friday - Whatcom News",https://news.google.com/rss/articles/CBMiiwFBVV95cUxNbnVkQ2JoM0c2TFNiWkMxWWFkRTJUOER4VjNtSHdCSHpyZno2WUJNTDRwdUNmSTM3R2tSaUp5dTRkdHd6ZjdkNDJwdXZDdDRVSzExWXZtTFlqVFFSb0xTTkpObXEyMmtOT2FzX2xTemFlTkVRcHppX1pWdy1pWmhsNHdVOFlPa2luUVgw?oc=5,"Bellingham power outage impacts over 2,700 Friday&nbsp;&nbsp;Whatcom News"
2026-08-14,2026-02-11,company,,The Olympian,"23,000 lost power in the Puyallup area Wednesday morning. What happened? - The Olympian",https://news.google.com/rss/articles/CBMibEFVX3lxTE1XZWVuN0NDdG9wdEptcjBWell5c2dDSjhJSG4xRlFwVW9pVHJfX0hPVk5haW4wNkVDdC1SNGNTQldMazZEMGxyUm9xVW4takZFdllDZXQwZHMyaDR0djdCTm9wdXJqTV95VktwYdIBbEFVX3lxTE9YeXRNTmFzZm44QU00eW1KclRCNXRmQW5Ra1NRdjNDX09mTUZ1bUNscGRtTkpMeXhERXczc1VuMkRVM1VkVmNWbFR1MWdsNk9SSUtIemlXT2RUOXJuNGRHR0tmc3JweWhzdXE5Tg?oc=5,"23,000 lost power in the Puyallup area Wednesday morning. What happened?&nbsp;&nbsp;The Olympian"
2026-08-14,2026-04-21,company,,Tacoma News Tribune,Thousands in East Pierce lost power after raccoon gets into transmission line - Tacoma News Tribune,https://news.google.com/rss/articles/CBMicEFVX3lxTE42elpkSGc4bmdxWG0wLWhqbXhVdHF6VjdvbjEwMklmYzBrYTFOMDF2VHo0b1FQSk5pTTJhcUpYcEx1RTYtWW9RSVpkcUwzd05JWmhpVnJuQUpURmlidzFvZnFnc3pGTjV2SEY3TnViQi3SAXBBVV95cUxPMkk3Q3Z3Vm5IaEJSVjNpWXlsMTBHSF9JWXRURnFmQjRZME5xc3RqVVhaWXdVelczcThjR2FoQUFTZ19XYmlqTHFGYUM2c3VkdG1TSzhnamZHajEtVHBic1VFWldXVFM0ZUhGRkJJRW1a?oc=5,Thousands in East Pierce lost power after raccoon gets into transmission line&nbsp;&nbsp;Tacoma News Tribune
2026-08-14,2025-12-18,company,,FOX 13 Seattle,"Power crews continue to restore power on Whidbey Island, WA - FOX 13 Seattle",https://news.google.com/rss/articles/CBMib0FVX3lxTE9UR2lMT0RCdGxWd2hQUjI4QnVJNk1nRlp1MGNZSThXOWpYVERTRjRqQk5SNnUzRjNWN2daRWJMUlE0RzJsdzl4dGFDaGozaW9QZW9xOG1UdzlXdmszQWIyRERMbVpBTUhuYXIxbThzY9IBdEFVX3lxTE1iRFc2WHh6ek5DT1FiNVdyd3pfeFllNF9UWnNELUVzLXJwZUlCdHZwUjVFTzhyVkdlZVlqbnR6NXBuZmxhRVg5amlDRThMNU92QVpvV2hhZ1NZMTNsVTJCODNIcVFmZ2NodlFscVF4RVNCaWoz?oc=5,"Power crews continue to restore power on Whidbey Island, WA&nbsp;&nbsp;FOX 13 Seattle"
2026-08-14,2025-09-15,company,,Hunton Andrews Kurth LLP,Hunton Advises on Puget Sound Energy’s $500M Senior Notes Offering - Hunton Andrews Kurth LLP,https://news.google.com/rss/articles/CBMilwFBVV95cUxQRW9QN09OakVvNkduTTR0RGxpelBaUnFVZlU0R0h3ZFhNZEQxREhpQUdwZzRIODhkc0NMZ1F3UFBzeGFtLWJxRnpJcnFvRFJHYTlUb1pySzh1ck1rbVFCaG9kV1ZpMkR2dW5jVUR5cFQ3eXlTUHcyQl9VYUdCbVFjeThuMmE3MW5rcUVMcmZTdExzZElKVFpR?oc=5,Hunton Advises on Puget Sound Energy’s $500M Senior Notes Offering&nbsp;&nbsp;Hunton Andrews Kurth LLP
2026-08-14,2026-06-13,company,,Whatcom News,"UPDATED: Power outage stretches across Bellingham neighborhoods, business district - Whatcom News",https://news.google.com/rss/articles/CBMiqAFBVV95cUxNNG9aR09nMTFDTjdocjdlTXE5aGRWNlZXRlBVaDQ1NFV3Q3E0TUYxZzBGeUxpTV9zdFAyR3Z0NmJsYUNnb3RwV1o1b1dwck5ZTlNTay04QW50a0xETEJpb0V4NDFMZHU5TWstQUt6TW1xZlQ4eXNNTWkzYjhKOE53MWtXSWdHTGg2ZU9vX19nMVRaQ2tfdnlxRG5QU21yS3J4RmFVTC1BdXA?oc=5,"UPDATED: Power outage stretches across Bellingham neighborhoods, business district&nbsp;&nbsp;Whatcom News"
2026-08-14,2026-04-15,company,,KING5.com,Power restored to thousands after fallen line cause system-wide outage in San Juans - KING5.com,https://news.google.com/rss/articles/CBMitwFBVV95cUxORnduSTZnY0p1bklVSzh3Tk00MXRfdENuVkJpeE9lWDJ5c05VbmM5MmZBNDdqb1RzNFh1N3pFdS02MS1lVDhHVnpwY0JCWThaNUE2ei11TllpbTBhYTMwNTN4UkRnVTVLVF9YNGs5RWw1eUk4OW4wZ1RnMy03RzlQdkJhVFJjUHhXeFUwaDhnRGs0LTNUb3E0YUpPWWNOa0t6TG01NlRqa0I3cDJXUmhvQS1WdlVDLTQ?oc=5,Power restored to thousands after fallen line cause system-wide outage in San Juans&nbsp;&nbsp;KING5.com
2026-08-14,2026-04-15,company,,KOMO,"San Juan Islands hit by outage affecting thousands, tied to mainland accident - KOMO",https://news.google.com/rss/articles/CBMi-AFBVV95cUxOeTRCUm1tZzBVXzBFOFRuMEh3ZUtEZWhXd0xRMjh6LVNSdEZuMkYyV25DZkxmM0hqOGlCTUZKSms3eWxsNlR4bHczOWdGUGotVGgyUTN6VU9tU2FJQl82WTdIOXppU3ZxVnhKcGJDaUt2WGRKbWh5Rm1zLVhTSExPOG50RTFndk8yQVFZWEU3MDJidFY2MlA0TlVKWTI3SG85bGY2T1J0YU51MmJZWERaRXl0YWhwVlhwcUhsend6NTMxN2FyRFJTcHdhNGJEOTZkQkpNSmRIYXNDSEI3dlBGNWZpa1N1M3NvMFNSUFdJS00zZk5uQjExYg?oc=5,"San Juan Islands hit by outage affecting thousands, tied to mainland accident&nbsp;&nbsp;KOMO"
2026-08-14,2025-10-26,company,,KING5.com,Several thousand still without power after wind storm downs trees across the Puget Sound area - KING5.com,https://news.google.com/rss/articles/CBMi0wFBVV95cUxNeUFRUm93aFp0RU1McVltMUJXTjQyZGk1WjBCRDhaS0hVNGZVQ25XSGoxc3pKUGNxckw1SkVKWGdTVk1WRzB6MjFiMXNlN0I0UXowLThGdlZGdlExOXZ4TjE4NDR3U0lqR1l3eExEZXRMS3l2dWVDUi1WeWdzdVp6WFBmM2kyaUs0NVh2U2JOVkhFZnVMd3dGSEhBREpwRTU3ZjczZXgydUhQZzJnQmxqYTRDaW9oZW5IVVRYd3hEVGQ5ZXVXd2wtVk5fcmhNOGpnUDM0?oc=5,Several thousand still without power after wind storm downs trees across the Puget Sound area&nbsp;&nbsp;KING5.com
2026-08-14,2026-06-09,company,,MyNorthwest.com,Power back on in Kent after high winds spark major outage - MyNorthwest.com,https://news.google.com/rss/articles/CBMidEFVX3lxTFBpMExnMExZVWZlRnFDS1FaTmhmS0l4MGVnZ1F6U0xTcGlJeVpnYXFVQVd3ZHRQb3hzcjlBOXRxNDVzNER2Zmw3MWtSWnNrWWlXYlhOQUJTU3MyX3FUU1dMWGw4UUZYU05FVG1jV1lXRl9qdjJp?oc=5,Power back on in Kent after high winds spark major outage&nbsp;&nbsp;MyNorthwest.com
2026-08-14,2025-12-05,company,,Energy-Storage.News,BrightNight and Cordelio close on 800MWh Washington state BESS - Energy-Storage.News,https://news.google.com/rss/articles/CBMimwFBVV95cUxPVHdocXA3OFpzemJWQXRKeENRM2Nvd19oa052SkFMdVFQU1RzZzJuYnNvc1hXXzBfMFBac3ZRRHZDbktTU1pLYlQ1ZUFVb0ZNNF94b2RtM1NfbUJRWThRMDBjT2NNdUEtNjdsOE00ZUJneFJOZVV5a1hPR213ZEhmUVljaGRRZWJ5Mmx5VWxFZDNPSlE1eGhEamJJOA?oc=5,BrightNight and Cordelio close on 800MWh Washington state BESS&nbsp;&nbsp;Energy-Storage.News
2026-08-14,2026-04-10,company,,Tacoma News Tribune,"Gas leak in Pierce County causes street closures, evacuations - Tacoma News Tribune",https://news.google.com/rss/articles/CBMicEFVX3lxTFA2eHNYRXI0RHZTTzB6Q0VGQWRZZWNIMktySVFEckh3WUVzSmJpNVhzM0hhYnhua3ZHQmduRlg1SmY4R2djanhfSEpPQm5vanRuamtWT1RXRll1dkVrTlhWOHhLTFRwbXIwbWNNVEFhQ3jSAXBBVV95cUxQd3V0eXE4aDRaYi0zU0Z6OTBHbHFEZHVLa2Rfc0t6R1hTUGcwSFJURU5SMDlmOHd3VGhVQmItMnd6V2NxVXpzcS1MWkFDNGl0YlhGOTN3X1lqTGcybjZEeHpZV05BZzV4OUtWNFFsOTFp?oc=5,"Gas leak in Pierce County causes street closures, evacuations&nbsp;&nbsp;Tacoma News Tribune"
2026-08-14,2026-03-11,company,,KING5.com,"Windstorm knocks out power to tens of thousands, blocks roads - KING5.com",https://news.google.com/rss/articles/CBMivwFBVV95cUxQOEtMV3dwOWZKcnB2RkozS0F4Vjl6YWNjMmctRHdYS2dURVM5anVER0lpckk4UjdlMkdyQmhWUU5qRk9vREdMUFY5dlQ2bHlmVDRsQ2pKeWJuaFN2WGJPQWlFWUk2WUEwclFJWTV5VXRKeHZrcDBiUkVDUTdLbV91aUdkOFA4RU41el9kQnJ3WHpjakcxWGttdG50WGFpUHhiV3FUY2JEQWhvZS1pZHNSYmNPdEFJcHlnaFBWcUNtZw?oc=5,"Windstorm knocks out power to tens of thousands, blocks roads&nbsp;&nbsp;KING5.com"
2026-08-14,2025-12-17,company,,Tacoma News Tribune,Weather updates: Howling winds batter Pierce County. Power out across region - Tacoma News Tribune,https://news.google.com/rss/articles/CBMiekFVX3lxTE9neUVodHUyYXhJMnF3dHJzNGVDWXRaTzRPazRQYS0yZjJIb081WlR1YThRZmZqcGdUSVJid29IeHZyYkZiTWpIS0FGdlR5czV4d0NqajFQWmRBb2loeFJzOTNSa3BzR1lDM2NPM20wWHNoT0VaU09SWWtR0gF6QVVfeXFMT1JhRENiZ1B5ZUl6STBuVDI5ZllRem40SGxwTktRMGZTUGVsT3Fnb0pMalBkd1laS29GajVhRFE5ZjVTUVNYd1B0d25mYUhheXhkQ1RsbnBZbTlJSzZaWTZJYjdjM09kYnZ0T2FYa3MxQTRGdnlqNTliSlE?oc=5,Weather updates: Howling winds batter Pierce County. Power out across region&nbsp;&nbsp;Tacoma News Tribune
2026-08-14,2025-12-07,company,,The Seattle Times,WA's coal ban comes at steep cost - The Seattle Times,https://news.google.com/rss/articles/CBMiwAFBVV95cUxObHJqNVVnZ3dJX2tKX2JNbTBOS0ZvVXpTNEhhaEVHN2JkWElpMUQxMkUxb1NrLThZcWc5TGJFdHZQUW5kdHRqUHlfaGtFQ0ZJNTVXY1V4cVdmYkVkdzlDU2pCUm5XSHRzSFBDd2VPQ3FwNkFCNmV0ek5semY0X3diSnBDZmxSZl80dmJiLXliQXFFaS05OTVVMUVSS2RTaGdfUnJFUzNEX1ZhVDhCU0NxOXgtMUxrYVBad0tJb3BzaEw?oc=5,WA's coal ban comes at steep cost&nbsp;&nbsp;The Seattle Times
2026-08-14,2025-12-17,company,,Cascadia Daily News,Power outages leave thousands in the dark; schools in Skagit impacted - Cascadia Daily News,https://news.google.com/rss/articles/CBMisAFBVV95cUxPRVFKNmJUY0dubl9xUGhuTnRkaFk5MG9yNFBoUTA1VHZJUDdDWEo4eHluc3pDVzN2RWlpeWdUbnZtQ3hCUkdFOFprZHRaUDRUZndwRjZzRlp6ZWhUZ2YyeDJvNms0VzVwTkR0R2Z6NU93dF90OUZ1SGpkc0lXV20teG91SGdLQ2t6Tm1sRzQwZVZUV0JPM3RKTmVYaUgzMmx0UXFGMlZWdktIQzJNNTVBRQ?oc=5,Power outages leave thousands in the dark; schools in Skagit impacted&nbsp;&nbsp;Cascadia Daily News
2026-08-14,2025-10-26,company,,Tacoma News Tribune,"Pierce, Thurston counties suffer most damage after windstorm pummels region - Tacoma News Tribune",https://news.google.com/rss/articles/CBMicEFVX3lxTFBGam5hd3hMOW5nNTdoTnYwUkFtTjVQdnphcVRwMzNMN0lIYzR0S0piR2E3RmRBX3JaVmU5S2RrM1RDSUlEUFA3NDhXZmdjN1RpNWhrM2ROTXdQRjRTQTM2YXlLbkRnRzF2STVCVVUyMTPSAXBBVV95cUxOeWtSb1VHM1I5QVNGNHphb3MtMWlZSVA4UnZmLUdSNXdGN0d5UjUtM0Z0bmJhaGNVbllSNUEzemJYc21WWHdrSnNMT1N4SGFodWx0NUpmQ252Qk5YbGZRbkcyRlpfTjVlZ0ltdU1ZWUxp?oc=5,"Pierce, Thurston counties suffer most damage after windstorm pummels region&nbsp;&nbsp;Tacoma News Tribune"
2026-08-14,2025-10-25,company,,KIRO 7 News Seattle,Power starting to be restored in areas of Skagit County - KIRO 7 News Seattle,https://news.google.com/rss/articles/CBMisAFBVV95cUxPZjBRUTRkVC0tODNxN05vU0poblNibkJzZFl6U3JXMHdiOTNveUtCaHBsNml5MW5ZZDNFMkNzZExvX1lfbGJHa2hOMnk1b1ZTUU9PZS1jdEYwVThTVEJjRURVM3pDdU1EQjVkVnlwcVdrazhWeHNsdWtCRUl3dDUtZXlRdm1fakI0aTZlUGowSnZzS2xzUUtneGphbFZJQlBiNzNUOUZtT0NLazV1T0RNcdIBxAFBVV95cUxOXzZLMFdEZm1lUGV0SUtjdFJqdlpBZDRUZy14OFlmQ09lVXdjV0hrNzhhR0hQZnU0MUtWNi0yekdhRXhuWk1FVTdLS2dfREFxUmRUUWMxODhQWmhYN0xCdVJaSHBFelJBV3RIeHRfX2pzc3V4LUhTcVRtRDRKdDBiYXFoam5xRlNZWUNrTFFRLXpoSzdfZ1drMlhtUER0ZDZBZG9XTGcxRVdSbTkxM2l2aUNmVEpRUENBbTUyMnV6bGlSN2Ru?oc=5,Power starting to be restored in areas of Skagit County&nbsp;&nbsp;KIRO 7 News Seattle
2026-08-14,2026-04-15,company,,The Seattle Times,Power outage leaves nearly all of San Juan County in the dark - The Seattle Times,https://news.google.com/rss/articles/CBMioAFBVV95cUxPT2c1aTItR1A4SFlCTk1wcUdoQ3piWkFBZjBOSTB3WmFsTmVDaFNHeVpSM0JHSEJsLUI1ODlTRlpVVWhoS05iajhHZWRLbmxVUi16RXhYT1Jsc0pZbjVvSnFjOXhwRE9rdnYzcXJDYlUzOTRGLVRDUmFmZlFEUm56bDNmcGhCTnRmSklVV3MzMmFzRlNsQXlmcWFINGVBcmRa?oc=5,Power outage leaves nearly all of San Juan County in the dark&nbsp;&nbsp;The Seattle Times
2026-08-14,2025-10-25,company,,FOX 13 Seattle,Tracking post-storm power outages with Seattle City Light - FOX 13 Seattle,https://news.google.com/rss/articles/CBMicEFVX3lxTE14NTYybU5LbnRmU2NDNS12Y1ZSaDJpR2ZTUGJTTmdGWFgwZmtGcXZzakVZR1NOWEFSMkphODlwREk3R3IxZHBiUzgzR3Q2VkF0TG1ycG9UNlIybk9BQ0QwNXZRaTZqbDRLRTZuT0hDSG3SAXZBVV95cUxQampOUkt5ZXl3X0E4NHYzaGcyTnE4VGUxTkhMUlFBOTRYTzlQUVc3WFJWenpzSk01ZUtVQ3JXdnFiMkxqZnptWENrLUM0REhRY2FwSlBrcWVKa2pGVFJKMk5paUlKRG5FZ09PckRQUkFRX18zTDFR?oc=5,Tracking post-storm power outages with Seattle City Light&nbsp;&nbsp;FOX 13 Seattle
2026-08-14,2026-01-15,company,,montanafreepress.org,NorthWestern Energy now owns an extra 592 megawatts of Colstrip. What’s its plan for doubling down on coal? - montanafreepress.org,https://news.google.com/rss/articles/CBMi3gFBVV95cUxNXzBMLTFnS0F0NjVpd3lSdnRjN1BtQlQxdDc4eUgtODU3MElKUUpWRTBoSjV6TTcxenpScUR6cHVfRl8tU2x5Vjg4UDByMnhlelJTQnZ3Q3ZLU1V6WWZPdDJIZjJkSTViTlM5T19oTVdqU1I3aVpxRW03dXE5XzRhM1Z4QUVzMG42Tzk3ZHVKWllOMUUzdThqY09YdnpDS19SOHAteUtaa2FVMVJDbGFRczVaSlV4cEJ5V3NldjZJLV8zMXNfLWl5ZU15ZjBOX1FsWFNPYnVzSjVDNzAyTWc?oc=5,NorthWestern Energy now owns an extra 592 megawatts of Colstrip. What’s its plan for doubling down on coal?&nbsp;&nbsp;montanafreepress.org
2026-08-14,2026-03-24,company,,Whatcom News,"Bellingham outage leaves over 2,500 without power - Whatcom News",https://news.google.com/rss/articles/CBMiiAFBVV95cUxPZ29SZkxlaE1CbnowT3BQWEd0SmZnOElvWXFqTFd6M25KU1lrRWxxYlN0ZVI0R1hxWDZGV19fSHprVEtSYVdnUU1oSnhiMjZMM01laW10dk9COGU0ZU5IMnk5MGw3TVB2WXdRUE9LVFJnRDFBZWpoYmkxeFRDOGdvSDF5SDdzQ1lX?oc=5,"Bellingham outage leaves over 2,500 without power&nbsp;&nbsp;Whatcom News"
2026-08-14,2025-10-27,company,,Tacoma News Tribune,Thousands still without power in areas east of Pierce County after windstorm - Tacoma News Tribune,https://news.google.com/rss/articles/CBMiekFVX3lxTE5sRVg1NzdFRmpNb3VsOVdUbTE0cm04WTJFcFlPZzN3T3hiYktGbzhkcGhTV3FKUVA4U090RndkSWlaZGpSQ0w5UFFrYUhONWNfYUoxN2FuUnF4YXNicUc5c0Y3WTdTdm94Tm1aLUNwVU5nSm5KMWl6R19n0gF6QVVfeXFMTTQxbGE3Q3BneHBpc0I4dm0tTWQyTFFaTEJ4ejRpY3lSTjZYNkdYVHNzQ29QYWhVY3h3elUwVDg4OGNYSHNDbWRCT1E4Z3Y4LVZFNjdvVjVxWkxHR2hiVzNibFhSUUpTTlNfVXlpUE1IZmVvemhwNFRiVkE?oc=5,Thousands still without power in areas east of Pierce County after windstorm&nbsp;&nbsp;Tacoma News Tribune
2026-08-14,2025-10-23,company,,rtoinsider.com,PSE Launches DLR Pilot Project with Norwegian Tech Firm - rtoinsider.com,https://news.google.com/rss/articles/CBMijgFBVV95cUxObkdOUHE3d0poc1MwT0M5bS1QTmxiNlYwN21POW1MSHl2VFFRQ2lnWkxWVmkxZnY4TzRzZUFERTBoa0ZQNDl0bGcxd3hjc0tRU2JwWmhMMjA4T1oweUxwdjZyZzZWVlJCN2JVTndQM0tFUjRWd0txenZkT05qM0xQYTN2N056Y1I2WG8wSWRB?oc=5,PSE Launches DLR Pilot Project with Norwegian Tech Firm&nbsp;&nbsp;rtoinsider.com
2026-08-14,2025-10-25,company,,KIRO 7 News Seattle,Major power outages leave thousands of customers without power - KIRO 7 News Seattle,https://news.google.com/rss/articles/CBMiswFBVV95cUxNdk96elEzdHk0bE1Mdk81RThSbU9PYjJSV0IzRkp4eGV6aHdmbF8xTk9URjF3dXp2a3lqM0gwRDdjeWJETHFBeE9yTGxBeHc4ZVRMMXRmYXFWa3p2NEpfaVVVMmN6N1dCa0hlSDgycnZxeWdfaktKbzZTTnR1czlubjBMb1B4VUp0ZTJFcFBTWEREQmM2Y24zUU5yS012QmVabGU5UHBoTUtsSmxoWHczS1VjZ9IBxwFBVV95cUxOMDNqRE1TSl8tQTBBdDJhWnRpZGJrb3NuMzFFT1YzbWUyNmFqd3pxNmZ0NzVyTGxndnNocUlFR0pQTVVFVW1xS2ZtNlFVU0l0QmhCT2hiTlNWQ21JbEd5cDlqdm9jcjh4VEY5SkdNT0w4Qi1MR0NvUHJ0NXgzQWxhQUlaSDM2R3hsMkExbk9oLTRsWFIxMjNkN0hXb1ZWbWlaOGpSdG9JVHUwemVidU9PSEI5d2NfVF9FRVN0cWF4X0EtZk5DRldR?oc=5,Major power outages leave thousands of customers without power&nbsp;&nbsp;KIRO 7 News Seattle
2026-08-14,2025-12-17,company,,The Olympian,"Storm knocks out power for thousands in Thurston County, closes multiple schools - The Olympian",https://news.google.com/rss/articles/CBMibEFVX3lxTFA3bFZBdE9VM2xJUHlCWFRsczJDd28weFgwdWRyUmNEcklXNjBPdk90VjdVeUdJSW56bmZOa3IyWTBHSGlkS0pJY3NvQklPZ2Y1Qk1yalNEbTBMZVhUTUZjV2xrUTNpMzAwX0hvVdIBbEFVX3lxTE5BbWNKRUtOSnEyR0ljcnZOZnItNldYVi1EYV9zeERsVnZtZnlwaDhibzhCMHRXLUxKSlNRSnpZclQ2bDBrRFRtcEpZZEFSdEFHT1hUaDlZM3FhaW9tYUJTa1pianRvMWZiUUhFZA?oc=5,"Storm knocks out power for thousands in Thurston County, closes multiple schools&nbsp;&nbsp;The Olympian"
2026-08-14,2026-01-26,company,,Whatcom News,"Bellingham power outage leaves nearly 2,000 without power Monday - Whatcom News",https://news.google.com/rss/articles/CBMinAFBVV95cUxQUlUwZGpRa04zcDJtZGdwNVZjem0zY3MtZUNLcy1wVzZSbld4X0p2T215Tms2RnFrQUZPcnFzWUtZMVFRTXJNeWo3WnVTVjBScDZpR2g3NmxPaXNwRUhUSUdpV1ZzUVlpQmVZQmZMYWtYOGwzeUhLT0lsNHJpQjZFb1hnUHk4N3NVTkRKWnliRUZTTmptLWNUdG5iNGE?oc=5,"Bellingham power outage leaves nearly 2,000 without power Monday&nbsp;&nbsp;Whatcom News"
2026-08-14,2025-12-15,company,,KING5.com,"Crews making progress on power outages, more than 14,000 still in the dark - KING5.com",https://news.google.com/rss/articles/CBMiwAFBVV95cUxNa3d5Ymd6cVRmN2llS0sxT2xzMllkbDF1dUhfSVNVeE13ZXhwa0xjWWZfWjlMV0hQNGpkQkpHZGdVc0NPcTVvczMxN3Z6bWhiMHVvaUh6ZllZSkNJOWt5QzFwemE0RU5vMUt5elRxYzJYQlhkbjZmT1k3bmRjV2NwZnZiLXR6ZGY2WWdhVTVnckw1NFFHT3drS1FXVGNMd0tTaFk3SmtDeWx2b2w1V1BxamFOTU9WNlF4ZHlMWHZEMHQ?oc=5,"Crews making progress on power outages, more than 14,000 still in the dark&nbsp;&nbsp;KING5.com"
2026-08-14,2025-10-28,company,,The Olympian,"Thurston County hit with sudden spike in power outages, utility data show - The Olympian",https://news.google.com/rss/articles/CBMibEFVX3lxTE1tN2h1WTFxUW1zZ2pNN0VWeDhBLU9rXzRKMm05VkpSN0Q4VUZyMExveEQtUTV1dHFIMHk5ekROSTVlZklxaHZuZUpvWEJ4NHFoRk5IM0VmLTlKcFVha19YV2dMdHhfNy1fMW1xUdIBbEFVX3lxTFBCN2pNX0VzTlY0cVIwcjdjRGZjc2tWVU92ak12UjhmQUp6WlFfWnViZnRmZVhlNUlJV3VUUnR4MW15b1NPdzhHa1A5TnN3WEh0ckROaE9fYWJ3R2k2a1k0U0hBWGd4Z1Y0Y0tKcg?oc=5,"Thurston County hit with sudden spike in power outages, utility data show&nbsp;&nbsp;The Olympian"
2026-08-14,2025-12-18,company,,KING5.com,Power restoration could take multiple days in some areas in western Washington - KING5.com,https://news.google.com/rss/articles/CBMi3gFBVV95cUxQLXNfMzJ5ZjFEN1BTd2FVV19RS29YYldqdjA0Rmwzb1k4Z3JKVWU2MnFLYXdSN0ZOYlFvU1BqSUJKd3o1LXpvcFB3TF9Fdm9fUG16czlsTDRYRlo4Ui1Tb09DdWxwcGJPNFBJOXUwMjNQdlg3eVE2blZDRkZweFVqZmtlQ2xZTDJKTzNEa1ZDSDBqd2xpQmFNVkxBaTlkNkE1MFF2VWo3bkQzM25lTFNHU1FuUWtGNHVFaGRkeWNVbFJSd04wTWNDaXAweld3OXNDdmlWMUlkQ3RDLVZRV0E?oc=5,Power restoration could take multiple days in some areas in western Washington&nbsp;&nbsp;KING5.com
2026-08-14,2025-12-15,company,,FOX 13 Seattle,Over 30k lose power as strong winds hit western WA - FOX 13 Seattle,https://news.google.com/rss/articles/CBMie0FVX3lxTE1ibWc2bFVSOXhnUTVyOW9nX3RraWNSVTFJUUpSR1lVdmc5WGdCNlp0VDN3MGlKSWdSb2VONzRQQk5fSG5PZHVIX1JCaEFwTXFnNlBVYkpXRU9ELUhVNm42YWJJZ0ZoWmo1YzlKN3NsQncxOHpZYlBsd2s1cw?oc=5,Over 30k lose power as strong winds hit western WA&nbsp;&nbsp;FOX 13 Seattle
2026-08-14,2025-12-17,company,,The Seattle Times,Hundreds of thousands out of power in WA; downed trees hit roads - The Seattle Times,https://news.google.com/rss/articles/CBMiugFBVV95cUxPdWlGNWxGS284QjN4NU9lbTZvS0hiUXJyTUJFZzFlY2JjWVVwSnBiODBtYWs0UWdfSzB4YklYczllc1FhaWRPSkhxQ1dERDJHWlRoMlhCRk5LMTMzQzNWZHRvdkVXLTN6bHU3eVB2QzI4RnFEVGpweGtoNTNsTEJqLXk5c3ZQMlF3TUZVYWM5eXNaMkF2THVOOGlsQUVPcFQtQTZtUzRQZUs0UjRhV2FobFlDR2pSZ0piMWc?oc=5,Hundreds of thousands out of power in WA; downed trees hit roads&nbsp;&nbsp;The Seattle Times
2026-08-14,2026-01-17,company,,Oregon Public Broadcasting - OPB,Washington’s largest climate polluter shuts down despite federal order - Oregon Public Broadcasting - OPB,https://news.google.com/rss/articles/CBMijgFBVV95cUxOVzFsQ3BVTm9ucWNHc21mMkhVSTVQX0tLZWNWaTZKeGR0UGxiaU9ET0h6eUh4ZUpYMHl6VDJyRnZnSm5vQ2JmbTRvck9BbU1pZEMwb1ZyNHFzLTNxU3lWT0xYeGRpWUprM3NfS2lHYlZTMWRQR3ZZLTE3a2VxWnlYelg2X09TSXFyOWo1c1dB?oc=5,Washington’s largest climate polluter shuts down despite federal order&nbsp;&nbsp;Oregon Public Broadcasting - OPB
2026-08-14,2025-11-01,company,,Tacoma News Tribune,Thousands in Pierce County are without power due to widespread outages - Tacoma News Tribune,https://news.google.com/rss/articles/CBMicEFVX3lxTE8yOXAwRkV3WEstLVJKS3dKQzQyQVZZSTdSanFZT0VRTk1YRzU0Z0EzVU9SbV9jUklGRWJKR2YtZUJReGlUMWg3V196YVJIWUpLb2kwdUdNc0dRc0hsb0k4S0dndldFVEN5dHJRampfbjHSAXBBVV95cUxPZnZ3QWFrQUU2N1JadnFsZkhNekpOb0xKaWFBRFlFVE1nVFpfczhUZzVmTWZ4NHYyRnF0TEpHMXM0b2Z0bXN4ZVQzWTRaeHF2S0ZzeV9KZGVOTGhpam9HTXItR25JOEI5S19zWjhPRmFH?oc=5,Thousands in Pierce County are without power due to widespread outages&nbsp;&nbsp;Tacoma News Tribune
2026-08-14,2025-11-01,company,,FOX 13 Seattle,"Atmospheric River brings power outages, flood watch in Western Washington - FOX 13 Seattle",https://news.google.com/rss/articles/CBMifEFVX3lxTFAyMWUxZU9HUmZIdC1UNlZzLUhYMlFvRGFIR2o0ZDJocFlacUpSeGVNUTY3Y0xzMWVPSEFpaUFOQVVNOEdNWVJGT3d2THdEUlJCOFQ1MjQwSUphOXhUVHhrOWVPR09BTF9raU1PV2lwaWswRm11LUw2bDBVeXnSAYIBQVVfeXFMT3NWVjllckJweHRna2l2Q3lrVHQ3MFZpcEhYNEtjOHZzNWJiaU9oOVgwRkxfa1ExYmc4dUcxcFk5RHJ1UVBacDRDUEhpMEQ2dGFkcW9fb19RYTRIc2xCaTM1c0s0WmFHejZGRmVvcXBQWEVNYnJpSHVxVFRBWDI1ZDBPZw?oc=5,"Atmospheric River brings power outages, flood watch in Western Washington&nbsp;&nbsp;FOX 13 Seattle"
2026-08-14,2025-09-03,company,,The Seattle Times,Puget Sound Energy to begin solar project in southeast WA - The Seattle Times,https://news.google.com/rss/articles/CBMiwAFBVV95cUxPSjN5MWZNSE5pS1E5d1R3Y2lDTV9sN0NSYjZlWEtUM2RDYTdVQUlOVGR4WHhhc2k1RF9iRzhzMmkwS0NNcnh0eTNDN0NpRGRMaUQ0bWI5aDJteWh5LUN3REFzcGcxRHpLRHhmaFQxMjN4RHhmMlR2bzdhUzQxVC1ad2hzSm1QQmEzLTI0ZkhPbUR4Tk5CZldmZXRQbzhadWxDeV85UndLTzEyd3ZTcDh6Y3VheW5oSWJYRzlHMmZPU1c?oc=5,Puget Sound Energy to begin solar project in southeast WA&nbsp;&nbsp;The Seattle Times
2026-08-14,2025-08-19,company,,washingtonstatestandard.com,Puget Sound Energy’s new wind farm in Montana now fully operational - washingtonstatestandard.com,https://news.google.com/rss/articles/CBMirwFBVV95cUxOblBFQW9pVXBnZWlFa2hGcUItWGxETDBKUWFoMGNZenVvc3JFbXR3WGpzT1JVUVJxMUVqQ1hKWnFjRlotVngyZ0hHYkVvUGVoWGZzWEtiZDNLM1U0SHNxbFFiYkNjS2h3d2Q5dllqRkVqNFlyMEFrZVViajNfWkJwVGc1aUxfaVh6dkJPejFESWtaOVJjWENaNkgzelNHRVVqbTNtbDNWSGlpYUtna2VF?oc=5,Puget Sound Energy’s new wind farm in Montana now fully operational&nbsp;&nbsp;washingtonstatestandard.com
2026-08-14,2026-01-19,company,,KOMO,Puyallup police close roads after mudslide downs power lines - KOMO,https://news.google.com/rss/articles/CBMi_wFBVV95cUxNMERRV0Jja1FDajY2S0FjVHBPLWl3STFEQjhaZjlydngyWFZ1QzlRNjlqTFBLQVdVYmRUSklUUXM2dGFiSXVIX3RmeEJ1ejh0ZUNoTW1NX1dTNVhzUC1xQ1A3WmNFSWZVYk5DNnpjQklnVFlSV0lnTFg2WmcxRGlMM3dyc1NnLXJYUkRXQ202dEg3MUdJLWdRX1hIN3dFNmptRmZBYnVuY0VWeXkzZWdxbnRXQVJubDVyMnFhOFE2U1o3cHMyWXNfX04yeTdQUFlJNXRfWEFtMVBiTXNpandTVkhDMFdqUV95R1Rxbm1yZGNfZVctTVFfbHdETGJGbmc?oc=5,Puyallup police close roads after mudslide downs power lines&nbsp;&nbsp;KOMO
2026-08-14,2025-10-25,company,,KING5.com,"At peak of outages, more than 200,000 were without power in western Washington - KING5.com",https://news.google.com/rss/articles/CBMixwFBVV95cUxPd2RZZExSUmpEM3I3YjZjY3laaHhGQmpmbVJjVEd1c01xbkJ1a1g0REt6dVhZVENlSVR2YlBNOHpwVUoyM0tHbmdVcXBRMW5fa05KMWx6SWY0VDhlYWJFSVB2OVFWbmJDSzhUdU01bmZBOC1hUjdKSFc4X0ctVFlHUzIxT3h6RjN6cFl1UkNWS3p2SXRyeGdhOXBKWGNIa0xhSU52MHYyZFc0T19iYlY0WkozOFVEV0VvbDgzYjI0bFpMQTh1MUsw?oc=5,"At peak of outages, more than 200,000 were without power in western Washington&nbsp;&nbsp;KING5.com"
2026-08-14,2025-12-09,company,,KTVH,NorthWestern Energy goes to regulators with plans for larger ownership share in Colstrip plant - KTVH,https://news.google.com/rss/articles/CBMi0wFBVV95cUxPNElBdWFId3pKMzVpTmUwYTdNLWh1ZllSa0hQR3lqUUJQMlEzMW4wM1NDYUhMUmNLcFJxRE9oVFJETDQyOWJqOHhyRXhXSEdtc2VLTnZVRG43QWVLeVJuaDBGYjlYNlE2azNwYmJxVk8wcnlnaG94X0FaQzY0cW04T3g2R1N5VWxTYVg5WEFhTlJDVHE5ZnN6NTl4RjBqNTE5TlQtcGY1TnNJY2VlaHRXVWNIYlp5c0NHUzFYTmNrSE1ZeFhMMXg1LWp4UkFOamxkd0U0?oc=5,NorthWestern Energy goes to regulators with plans for larger ownership share in Colstrip plant&nbsp;&nbsp;KTVH
2026-08-14,2026-01-06,company,,Tacoma News Tribune,What’s the best thermostat setting to save money in WA winter? We asked experts - Tacoma News Tribune,https://news.google.com/rss/articles/CBMiekFVX3lxTE1uNlJBTDBXWEZSc00ySnZpYlBwdmFJQUpmblVhazYzUndMcDg2NEY5Wi1WRnJOREhzM3BlZ1NyVTJJckk2dTJuN2hwT0p0VUxvVjd1U1hzR0hqVVFjQnV5R2xnMWRudmNjbnVWd2dBQTNvdDdaNGtYVnlR0gF6QVVfeXFMTS1wQzB2VjAtVVBINHNqOEJzMW40ZFNrSmdteEphSHMxREdaWmFhTWNmbGlNYzBRMUJ5STMxaG1sSjJvUnhiWnBuZE5DMzl1M1RvYlBwb05aQi01OFhUVEN3QW9fSEwtY0tVLUlaaUdjc1ZQT2x1X3VQbWc?oc=5,What’s the best thermostat setting to save money in WA winter? We asked experts&nbsp;&nbsp;Tacoma News Tribune
2026-08-14,2025-11-06,company,,Tacoma News Tribune,"Outages spanning Pierce, Thurston Counties impact thousands of residents - Tacoma News Tribune",https://news.google.com/rss/articles/CBMicEFVX3lxTE9UTUlQVVl1VWZmZ2NHRTIxeG4zbGZHTTdaMGF4dGtCNWtudkhtNjdWeHA0dEtMWFZjakJoMlJsR3ZldWlfZVNQaHZYNWVHVHQwcHpZQTNjQXdLb1lxeXR0UkxZV2hQcDZjTk51R1JwMTPSAXBBVV95cUxPY1dxZVNESnNEc3lyV0Y5akhNWDFtbk9SenJiT1lob0ZoU2xrTGpvTURTZTFUd0pZUXdKUEo3YWVKelFOd0Fzbko4eUF1N29ja1h6N0dfMnpkYnNWOEZ1N3hZbWVPQUFQNzRJNHlLeVVM?oc=5,"Outages spanning Pierce, Thurston Counties impact thousands of residents&nbsp;&nbsp;Tacoma News Tribune"
2026-08-14,2025-12-17,company,,The Seattle Times,Power outages hit WA as weather woes continue - The Seattle Times,https://news.google.com/rss/articles/CBMisAFBVV95cUxPc0VHSXZVcC1IMDl3ek9Kb21qUS16MDhCbFIwWUVLSTRIVXdQc0R6dG5HczhUUFNHSkxkZTZBeUtibjRMWDRVeVhMamlYWDZmNE5iWFhreGNJNTlKRVVET0VGRmxLTGRGWldBLWM5LXU0UVFXTW52dVJtSFhMXy1UelAwMFpHU2EyVmdqem00QnNKazBiTTh5XzdXbGJzWWhWZ2ZnTGFuVjJfU3k1SUs3RQ?oc=5,Power outages hit WA as weather woes continue&nbsp;&nbsp;The Seattle Times
2026-08-14,2025-12-18,company,,The Olympian,I-5 delays expected as crews fix damaged power lines near Thurston-Pierce line - The Olympian,https://news.google.com/rss/articles/CBMid0FVX3lxTFBzb3Q4c3NJVmNpSmRTWS1Yc3Q2UVV4UXdoOTlETW1pY2Z0R2lQb2dRUE56ZFY2X3VKRkRDQWtqS1kzUTcxTXFHYUZWUThHWnFlNUJ3ZmZ3TzBERUhyVVBSSTZQbmJxTGs0R053bWhIUWdkQ2VSOXNJ0gF3QVVfeXFMUEYzZ0RnTW00RXU4NmxnRmpkdW96ZTlKeHZLWnp4ZEozR0Q4WWtjLWp6dmdPd21DbzFwRjEyNVk1dVUwSUpxZGdnMElXaXpBeUxiYjNOM2JldzRwVE1fa2w2dHBON0s3Tk1QUmRyMnBuQXhQOEFkU0k?oc=5,I-5 delays expected as crews fix damaged power lines near Thurston-Pierce line&nbsp;&nbsp;The Olympian
2026-08-14,2025-12-18,company,,MyNorthwest.com,"Nearly 60,000 remain without power across western WA - MyNorthwest.com",https://news.google.com/rss/articles/CBMidkFVX3lxTFBKVEdaNmZMR1A2M0R6TEpSczNabE9FSU80UnJYRUtndk9lTXpqNm5vWWlHNl9faUNyQmtqb3NQZ3dURExpb1dzZWtHajJUeUl6TEt3SlZXSldqcEw3b3FTR3BzOTNTcDlVQzVubmNiY1poUnlMVFE?oc=5,"Nearly 60,000 remain without power across western WA&nbsp;&nbsp;MyNorthwest.com"
2026-08-14,2025-10-25,company,,Tacoma News Tribune,Hold on to your hats: thousands facing power outages from windy weather - Tacoma News Tribune,https://news.google.com/rss/articles/CBMicEFVX3lxTE9WR2JRMEFlWG1ibTdFT3NBZ2pQVl85alR4RnJFN0c1ZjdoLWV5MzRXc243NjRqbDdDQmd3VHdwRndoVWdPSy1wZlNRSTlmZkU2NlFZeEMzajg3MGgzd1RaOFN1MEpjVWNBQlFPMHV0VDnSAXBBVV95cUxNT2JBMjE3Z3ZZLUltb1lCN2g2S2lyZDZMOEpHeXdjcGRIQjRJTVlsQ3lBV3RIUjBVX1cyQVpmLXFLRFZrY2VydXhZenVrMmpldG8zWVh4ejlvdlQ3ZW1JV19IUXFIMTZlcGlaaUplV3ds?oc=5,Hold on to your hats: thousands facing power outages from windy weather&nbsp;&nbsp;Tacoma News Tribune
2026-08-14,2025-10-26,company,,KOMO,Power restoration underway after windstorm hits western Washington - KOMO,https://news.google.com/rss/articles/CBMijgJBVV95cUxNdkFudWdUamhNVkx3djktSG5yQmdzdkhjeWU4QmRORGk4ckR3UUY5WEZvWXdVeUpTSGRUWDAwZ2Y2TTJfdkctcVNPSVZDdFNsc1VPbDZZc2d0cDM4M3VhQzZLY3Y0d1NQM3IzUUJSU0hkdkEwWGQzOFFOMGRoelNrUDAtRS1CLV9lWXRSUWVZN2NXMVIydlQwdnJTbjFtMUljcXo2RERsSjcxSFFpcHRIdTRWZmJOdmZhZnozNDFZeGdNNzdEeGdiblJoVWltUml0SWpkcHZ1cEJhcUI4VFJXX1lfQmlDbDJKNTFFRzJWZTdtTnpYRlNLRGlqeTFMM3VoOTFQM1NCd2V5dWoySUE?oc=5,Power restoration underway after windstorm hits western Washington&nbsp;&nbsp;KOMO
2026-08-14,2025-10-27,company,,FOX 13 Seattle,Power still out to thousands in western Washington due to windstorm - FOX 13 Seattle,https://news.google.com/rss/articles/CBMivgFBVV95cUxNNmw0TWQ5SjA4V28wc1pqeFdtM0NmZExjeHN4ZDl1TjVoMnZGX3Zsem1yOTZLbTlxQ0tuSFB6TlJ6b0gyd01ycjV2blhadkc5c2tYNks1V080aENRSldVekYyRnFtTk9CNHNTZEpKV2o3cTE1TzJpbkJPZlhPU3lzdHdpSTFPeWRyalZNZ2d1MXBnNkExTlFaSGdWNDJFek8zQTNfc1NfSW8waGdWMjdMQmVLSEVScHktVmVhZkdB?oc=5,Power still out to thousands in western Washington due to windstorm&nbsp;&nbsp;FOX 13 Seattle
2026-08-14,2025-10-25,company,,KOMO,Strong winds knock out power to thousands in western Washington - KOMO,https://news.google.com/rss/articles/CBMitwFBVV95cUxNdUJmRi01YnJhNkdBdnRkMDE3cWwzOE5Vc1ZNb1lXWkZyTDBLSzFZNDJkSWRhajZreTZXUGZ6dGhOMGR2ZC11dF9HSVIzUFdSN3lnaTBKUzlIc3NTY1FYQUFMQ01UeUdUa2h3S2drdlV3bHlEbjB5OGJzNjVqZktUVlRHVGJSOUU3c0w3YndwWE01cjNLRXBfRUNaWXJYSDZkS21RQTFwNG1Tb0g5eXVYQmFRSVFSSzA?oc=5,Strong winds knock out power to thousands in western Washington&nbsp;&nbsp;KOMO
2026-08-14,2026-01-12,company,,The Business Journals,Amazon wins bidding for giant Sunstone solar project in Oregon - The Business Journals,https://news.google.com/rss/articles/CBMinAFBVV95cUxOeVRkY1dqaWpUMTFiLVlWRXU0UjVLVFNoLWx2VjM3ODVwcFlHYlREbE1GMXM5MEZfWXNvVDd0QlppTURTVWRuX05Nb3pSNkIyU0luYWpKbGZ0dElVMk5EeDNvZm1RcDhmMmY3aW1NMkFrQ0xidXVoR3UzU0VzaE51TkZMTm5ZbmtoakI0TXRJMWtlN0lIYWdZYTY0TnQ?oc=5,Amazon wins bidding for giant Sunstone solar project in Oregon&nbsp;&nbsp;The Business Journals
2026-08-14,2025-08-31,company,,KIRO 7 News Seattle,Power restored to over 9K in Bellevue - KIRO 7 News Seattle,https://news.google.com/rss/articles/CBMirwFBVV95cUxNaDVFanhjUWNqbjY1SWlHUkJXekxEMGdsbDhWb3oyQ2dDekF2dlZob1k4eVc0VmR2ZXM1NGFfMDhXLTlkUkZXeDdqRzAyekd2MWNNQzdjU3A0TGgtTk5KMXVobHJTNmZsSi1ENmR0VElUbmt2Unc0QXdZQXd1TlJxMjFtdVhMRF9mMExnNlptY0NTNWoxRk0wenpSSllhQ2pQX0FGNDZhUmI3TmhBS0FN0gHDAUFVX3lxTE5kT29RbWo5WDVHMGNpWF9QM3dVay1tbWdRNWc4UjZ3Y1dVdmdXVGxjaHh3U3ZOVU5PT2JSZ1Z0ZTZTQ0swVU01QWJsdVMzM0VxTXFoY01EOW1SVUhGbHlUSi1JZE94QWNFU1doUmNHRTNYZXFwd3hFTEJOMEMxOUVHN1NRVVNiVkZPY2lzRXJpXzhRdERPbWtPeVF6LUxVQkZPRlVxUWNPVVJzSE1HZURFbU0yd1hhakNsblFSdXBrTlUxOA?oc=5,Power restored to over 9K in Bellevue&nbsp;&nbsp;KIRO 7 News Seattle
2026-08-14,2025-10-12,company,,The Business Journals,Work to continue on PNW hydrogen hub after $1 billion federal funding cut - The Business Journals,https://news.google.com/rss/articles/CBMimgFBVV95cUxPYWRTMkZNZ2RqU3I5eDFNQXd6STdIQjl2cGo4ZUpZMDFUeW9UNUtJMUZhU216WXFZU3pzNW9jZ2JQdTVmQzBWcElUelFqNGt0M1VhUjYxd0hrT0dHM3d4TDFVcDh6RWgzSWZ4YnFycVJHSzRTbDc1YWhRN0tUVk9xc2NrX1Mtc2xHZmozV1lGdUtZQV9Tb2g4eGFB?oc=5,Work to continue on PNW hydrogen hub after $1 billion federal funding cut&nbsp;&nbsp;The Business Journals
2026-08-14,2025-04-02,company,,Seattle Sounders FC,Sounders FC and Puget Sound Energy announce multi-year partnership focused on energy savings and community service - Seattle Sounders FC,https://news.google.com/rss/articles/CBMi3wFBVV95cUxNUjZzQzVYVlA1TnBnV2s1WDdXS21wdXlvaWltc1hRYXFFbmJON1FZeVZ6d1JkVFFzQ1RyOGhqd0tZVndfamlSZVZVcTdQa1QySHh2amhXYVhRLXQtQm5fMy00MndDbjRvZVZPWGg0MVRjVWdWR1BhZlBtVkNqOU5aeUJVUHN5QjhjZmkyS1hPM0tqcHQwMXM5Qk0yYWx2WWJ2ajJaZ2ZHa1NBVXpuYmZQUFh3ZGNEMk11dC1tZXNzclV4a3FGXzl3OG9sQU9NTmhfN2xzZzZKWFNVRUpWVV80?oc=5,Sounders FC and Puget Sound Energy announce multi-year partnership focused on energy savings and community service&nbsp;&nbsp;Seattle Sounders FC
2026-08-14,2025-10-25,company,,Whatcom News,"Crash likely cause of power outages impacting over 14,000 in Skagit County - Whatcom News",https://news.google.com/rss/articles/CBMiqgFBVV95cUxON1pwV19LNDRmUFVIdy1IMTZVNndFcnlLeHhEc1hHRl9TZTVDNDJMeUdzUGM3Xy1sbGJCaW82N3UzNEVzeE9jN2k1TmFNdDNnRWMxenBMQzhzc3BUdURiNjJUdnVkeTZLWmlfNUdtX0pyTmxzc3ZaSXhQSWtDbGxrX3NCNnpDSnNJdER6RGVlTjVadHE1MHcteUxZMFZuNkdaQTNwQXNqMVBfQQ?oc=5,"Crash likely cause of power outages impacting over 14,000 in Skagit County&nbsp;&nbsp;Whatcom News"
2026-08-14,2026-01-19,company,,KING5.com,"Landslide closes road, downs power lines in Puyallup - KING5.com",https://news.google.com/rss/articles/CBMiygFBVV95cUxNZnFCd0p6X2tGckhvWHBDdDJTQTd2SklfajA3MWMyLW91MnVwUFV4QnZWUjFxYklYVTlsVzUzSTN5dGtiMzBsS2JWRjUtTTJrYUw3eEVSZ1k0bWtxcVdQSExmb09WRmFOWWFPcU9VV3RzRGFVRWtZT3JxRFBiM3AtVzVZRndzbkxON0dIdF90QjFTdXZRTWtTdXVnS1lvcTRKNDItWWIxWnZxRGNfYXgzS1BEbGpnWTVqUk5Nc3p0c29VWmplc1hvb0hn?oc=5,"Landslide closes road, downs power lines in Puyallup&nbsp;&nbsp;KING5.com"
2026-08-14,2025-06-25,company,,Cascadia Daily News,"Puget Sound Energy outage: Oops, it was actually a squirrel - Cascadia Daily News",https://news.google.com/rss/articles/CBMiogFBVV95cUxQZ3lxUHdzZ190NzdmNWpubTkxdEc5TFpqaXRGeXUzZ2U4cTlpeENhVnZVR0lQS2trMTRla2MySXVEQ21hdDZTbnBZcjRPTURlUVhzM2hhNWhGN0VmdXBYMXduUnNtVkRKSmVrQVVFVWxrN2lDQmN2N1pvWXZrcVVyeVpBRXFncnU2NDZVQ2ZXSVlkcllVX2E5bEF2M3Q3RVNNc0E?oc=5,"Puget Sound Energy outage: Oops, it was actually a squirrel&nbsp;&nbsp;Cascadia Daily News"
2026-08-14,2026-06-12,company,,Washington Senate Democrats (.gov),Public comment open now on PSE rates - Sen. Jessica Bateman - Washington Senate Democrats (.gov),https://news.google.com/rss/articles/CBMikAFBVV95cUxNSWhKN29lU3QtdmZweXdGaW5od1BnYVUxNHZra3N1T2JfX0RWVlZ2bm43RVJZX2tLTzR0RU1odmNhYllzNU9KZFlxZnh6V0NKNmwxclc0UkRuX1RWODRoRlU4UjAzdGpXQWl6NmtSSnBBZDNRX211VXB1OXdrZ3U0ZEc3X2FqOWVCbUdPazM2VTQ?oc=5,Public comment open now on PSE rates - Sen. Jessica Bateman&nbsp;&nbsp;Washington Senate Democrats (.gov)
2026-08-14,2026-06-19,company,,auburn-reporter.com,"Rebates, discounts available as PSE rates increase - auburn-reporter.com",https://news.google.com/rss/articles/CBMimAFBVV95cUxONDJnZVl6eGp3ekNNUHZZbWx3Y0hLYXZpdWliVWQzQi1fdWpfUW13NmlMMVUzaHJ3dUJTbi1iWGhvd0REcGREY2t1N3QzV1lyeFh6R2ItY2ZLY1Y5RldEVjBVa1B1MEJrSEpuakRRakZtWWo1M1NNa1Jsak83Tzk4LVZaWEtFMzY3Y2QzdnZmaG45RFdtOVdTbQ?oc=5,"Rebates, discounts available as PSE rates increase&nbsp;&nbsp;auburn-reporter.com"
2026-08-14,2026-03-05,company,,thecentersquare.com,WATCH: PSE wants 30% rate increase; clean energy mandates behind request - thecentersquare.com,https://news.google.com/rss/articles/CBMilwFBVV95cUxOV1FLWm93WlJwbHJBcEZtanJBM2NQQkJneXh5eUlERGFXTVlXQV9DNjdFWnJJb205dm9CQkx6cmRtOXd1enlpRngxYjNRT3cyMW9IM1V6UjVtZV85UWxVdXNsWjRBZEEzNGtmSm4yRkRnTjZoQWt1LW5jQXk5S21nUm5JRTlySGpoTUU1YndJanhtR000NnBn?oc=5,WATCH: PSE wants 30% rate increase; clean energy mandates behind request&nbsp;&nbsp;thecentersquare.com
2026-08-14,2026-04-01,company,,New York Post,Energy bills set to spike for Washington state residents — while Microsoft gets rate cut: report - New York Post,https://news.google.com/rss/articles/CBMixgFBVV95cUxQaGI2d3VXdUFBcUxYNmVMeG9VcWRFYUNhSzFxdjNPVy1ZZ2Y1UTd1S1YyX2tlVkNiakJkZUlNU1FzV1JMYXFjTW54SDFyYTUtLXNaVkxPQTg0ek9YSU1xU1ZkQmJ1VUlYMm1qUEppM0w5bmUxaEcwNHdBc0p5WlRBZzh6b2E4SEpoMHhSNkdVWTBlTGtnRE5XRG11Qk56alhVeDlkX0lYWmtMblZIOGpxdGI2RE9hWmpOLUZMQkdBZ2dQLWxOU1E?oc=5,Energy bills set to spike for Washington state residents — while Microsoft gets rate cut: report&nbsp;&nbsp;New York Post
2026-08-14,2024-04-22,company,,The Seattle Times,A future without natural gas? New law involving PSE aspires to set the course - The Seattle Times,https://news.google.com/rss/articles/CBMivwFBVV95cUxOZS1FaUVUSklTUTN4WUthbGpMMWRBT0ppbERWcDBLUWNaRTNmU1M5RDZNcXJrdlpQbFh4VmEzd0pLMkJua0VDdTJFYU1ISGd6bmJyQjdxUVRibGR3S1ZhSmMtV25IWXktZDlTX29wYkdiYjAzbmsySzZVSUljYkJ4aXBMSmVxRWpyclg1aVI1dG9MZDR1ZW5MOVYtTjdISUE2VV9EWG9tX2g3YTNqX2Z1ZXFicG1DZTJkTXRDd1ozZw?oc=5,A future without natural gas? New law involving PSE aspires to set the course&nbsp;&nbsp;The Seattle Times
2026-08-14,2026-04-27,company,,MyNorthwest.com,PSE wants to add around $51 a month to your electric bill by 2029 - MyNorthwest.com,https://news.google.com/rss/articles/CBMiZkFVX3lxTE1vQWlVRjE5dmcySTI3dDg0bkpEVUJZRUJTbmtUdVRGd0xiTHdmX19DWjZGdUtDMDhvY3dCSlVEcnZCUElYMnowX2w1ODVsTGJOMG5wdmZBc1VkVU1CeDhRVHFkV1JtQQ?oc=5,PSE wants to add around $51 a month to your electric bill by 2029&nbsp;&nbsp;MyNorthwest.com
2026-08-14,2025-11-20,company,,Sightline Institute,The High Cost of Slow Permitting - Sightline Institute,https://news.google.com/rss/articles/CBMiekFVX3lxTE9vTG9ZaF9aZ19FNVotdGFsbXQwc3JKa1JpU2pqOGtDVXNIQW1iU01GeTdsSUFaU0JaWTZiZ1BISWV1TFVUSElndk4zQ29vcktiZXhGMUtRaXhLUWdONUgwR01rV2lDSXd5bWpOMDl1TjRkZmI2eHh5cXpB?oc=5,The High Cost of Slow Permitting&nbsp;&nbsp;Sightline Institute
2026-08-14,2025-01-09,company,,bellinghamherald.com,"Do Puget Sound Energy “Flex events” really work? Yes, but not in the way you might think - bellinghamherald.com",https://news.google.com/rss/articles/CBMiggFBVV95cUxOX0gwbEk0WjJ1ZnY5NG4zR0pRcU5HTXZXb1AtWnF6OUtCc2pUblhHTHFudEE5Wk0wM0I2WjhqNjhXRUVaSHo0SkM1elp2WU1hMXNuVElmMlAzWVgyOVlrQUlZOGpKM0gwZkZsQUhwVUo3b3FZWUdETmhWQzBPNHkwVkR30gGCAUFVX3lxTE53R0V0dzYyRFNTVFlqT0FnX1pQd0tYYXUzLWxLNnNYbmNYR29lOTVxWGUzT2JTUTNBRGM1VDM3dWhfZ09pek16WmlMWVJfb2NXcTNwdk54cVhlOUsyZC1pR0QyRWlPVC03aVE4MGpGMW1IQWd6dDRkeUpTb2tVakFYUkE?oc=5,"Do Puget Sound Energy “Flex events” really work? Yes, but not in the way you might think&nbsp;&nbsp;bellinghamherald.com"
2026-08-14,2024-04-09,company,,CleanTechnica,A Consumer’s Guide To Rooftop Solar & Home Energy Storage - CleanTechnica,https://news.google.com/rss/articles/CBMilwFBVV95cUxPVUdDUGd2MDdXb2Q4MXRIQXFudWpaVUlqdi0zRllJYTZXRDlqNTJsV01MSDZRZzhxMkhRRW0xYjBZbDJuMkpNbDNkSmJLTXRzX0taN29TWGVZWGo4N0sxY3hsMTF6V0ZaTWI1UlM4dTVJdVhfS0FpdTVhRnBNTGNVZHB2OEw5ejNVRmJXNE43WDExSFZBT3RF?oc=5,A Consumer’s Guide To Rooftop Solar & Home Energy Storage&nbsp;&nbsp;CleanTechnica
2026-08-14,2025-01-17,company,,MyNorthwest.com,What PSE’s newly increased rates mean for your budget - MyNorthwest.com,https://news.google.com/rss/articles/CBMijwFBVV95cUxQWV91TDFTY19CQUIyLVZXMklaUEZOWF9ac3BTRFQ5a3dtR095WkNEVWcyYjBIOWtxNkJ6ZFNnRFM0V24yNzEzR3NvNFdXWjN0UEs5Njhadk1EcUxFeFJkZ0NiQlI5MUJWTGpXcFB5dW81RVNxZ3FOa0FiTURqSlppRFhqVlNRbDJtVU1kVE55WQ?oc=5,What PSE’s newly increased rates mean for your budget&nbsp;&nbsp;MyNorthwest.com
2026-08-14,2026-03-23,company,,The Seattle Times,Why more WA utilities want to remotely control your thermostat - The Seattle Times,https://news.google.com/rss/articles/CBMiuAFBVV95cUxQdzVjZkExUUxfTGdaS2tibWJPNXBLLWVYTmJVRFp4ZTBsZFp1RU1HdmhVTjREVEdEVU9nZ3lLTHZwX3B3WVhRT1dPcThUSGpxd2dmNU9tQTc0WjZoRTRDSHdtNFVqZjdLLTEwNzJGbG9FVjR4S3g2QW5tM1lvem5mQ2JWYUV3TVZjSjJyVmd4UjNMRHFZQ01fdFpQY1FRZlV4WS1kN1kyNGwtS1pDM0NwYXFsX3MxNEV2?oc=5,Why more WA utilities want to remotely control your thermostat&nbsp;&nbsp;The Seattle Times
2026-08-14,2023-06-30,company,,The Seattle Times,Why do Seattle-area electricity rates keep rising? - The Seattle Times,https://news.google.com/rss/articles/CBMikgFBVV95cUxPLVZyOEpzbkFXNkVjZzJ3TTdhclBCSlNGXy1Vb2VkaXpFX2JUOW1XM253OHdIb3VCT3AwcEF6WFVPTmc2U1ZXcVRiR2VNM0h2ZVFVZ04tRDhhUEh0c3dNVjBZVERzR3lTd0F6LXZUM0dYSFBJamxseUU0cTZyYjM1SDhXTGpUWVFfN2NHR3lRWHB4QQ?oc=5,Why do Seattle-area electricity rates keep rising?&nbsp;&nbsp;The Seattle Times
2026-08-14,2022-10-13,company,,Sightline Institute,"Northwest States Need to Build New Power Lines, Fast - Sightline Institute",https://news.google.com/rss/articles/CBMikwFBVV95cUxOTS0yVXVpc0UyS3BqbUUzcE9xdkZmNmh2Zkl5Y1R3LWVoS1RocXBHc3NmZE44YXlfUTBodHNKNmtZTGNVdXV4RUxqRDRZRzZoVUdlb1YwWjZZaWVMWVRObXpCYVZQS0EyNDNuSUhidXprTTFQVDZSTDFtSUl5V1JEOHZqVlFuR1BFQ1FkYWJMU2d1ZHc?oc=5,"Northwest States Need to Build New Power Lines, Fast&nbsp;&nbsp;Sightline Institute"
2026-08-14,2021-08-25,company,,Oregon Public Broadcasting - OPB,"Can Oregon, Washington and British Columbia learn to share renewable power? - Oregon Public Broadcasting - OPB",https://news.google.com/rss/articles/CBMimwFBVV95cUxPbnk3RGRVXzFjYUVrcDBqemdDNDJXWDZoUXh1VTdSbUw3Q3JQcGJoMnNjMDFMSTdKSmRDR2ZDVzEwcTdVZi15VEN5dUV0S3d4bUZzN0gtLWp2LU41T0hOU09ha2hVSGpENDVObUtlOE82YjEtdHBRNks3LTZhY2lSeEd1ejBOTExpLS1XUG9EdTg5VTdEc3hwYWhqVQ?oc=5,"Can Oregon, Washington and British Columbia learn to share renewable power?&nbsp;&nbsp;Oregon Public Broadcasting - OPB"
2026-08-14,2026-08-11,sector,PacifiCorp,The Laramie Reporter,City councilors object to PacifiCorp’s retreat from renewables - The Laramie Reporter,https://news.google.com/rss/articles/CBMiggFBVV95cUxOYzktenY5TndZMC1mOWhDZGpLZHYyblFCSC1kWUdPZzNWMjJiZVlvdmhwd1BZXzVSV1hxVFEzTE91TS16NE5LZVo0YTl2Q3JMcU4walJPOWNoZjBsMGtwQ3JjX3FCaDh3QUQwYk1NM09WcnJGNnZSVE1rME9tMmZzV2pn?oc=5,City councilors object to PacifiCorp’s retreat from renewables&nbsp;&nbsp;The Laramie Reporter
2026-08-14,2026-07-26,sector,PacifiCorp,KPTV,Pacific Power requests rate increase; Utility Commission invites feedback - KPTV,https://news.google.com/rss/articles/CBMiqAFBVV95cUxQaDNzcklsWUxyeEJLVmdTUy1kSEVWWWJBWmM0YnJfQ1ktRE0tZlB5TDRSUVkzdVBSeXdGaDBwdWJqVWx2YlJ0WEtEQ2R2NHlEYzZWdm92U2dLaUJLR2NhZmJJNG9tVV84Nk91WFhiUkFmdXY4Z003b2RocXFPYzNndnBMM1laT2ZWXzBsTU5VWEJ0TjVhYWdhYl8xaGxnMEZFYVdYRTdYZTLSAbwBQVVfeXFMTVhiVmo5cE92a1FtbTF1U1pXOEVrNTZ1dnhmdnFkcmFlNkIzTWpCODlKN0hJTUtzRXVfdlp4M1JTV2xuQ2ZjMi1rM2g3Ym9IcG1EUnBCdS1LZXJFcGVnMWxoUWE2OVA4RlhwbFNGdUdLUTJxTGpkSEZ0cnRKMnpONzMzUnFldExZZEZqMHc1NTUxZEF0QzIzOVQycmRYVmhEOHhvNjkxY3VNanlSZ045SFM3X0I1SFh5Qy00QVQ?oc=5,Pacific Power requests rate increase; Utility Commission invites feedback&nbsp;&nbsp;KPTV
2026-08-14,2026-07-25,sector,PacifiCorp,Oregon Public Broadcasting - OPB,Oregonians can comment on a proposed Pacific Power rate increase - Oregon Public Broadcasting - OPB,https://news.google.com/rss/articles/CBMigAFBVV95cUxQOTMtWmVDb0RYNzVIcmJqY3hmZGRkT1B2SFNkaU5ZQlBZcFZ5bjdHVHhnUVloOXpyb0VQQXdOeXpxTFRSc01mR3pFdDlSZVFib19lVlN5NU9tM3h5OE5kUmpWQXZLY2pjZ1dDb2VlcUNJTTRTS2xncEVXbDhaNHU0ZQ?oc=5,Oregonians can comment on a proposed Pacific Power rate increase&nbsp;&nbsp;Oregon Public Broadcasting - OPB
2026-08-14,2026-07-26,sector,PacifiCorp,KPLC 7 News,Pacific Power requests rate increase; Utility Commission invites feedback - KPLC 7 News,https://news.google.com/rss/articles/CBMiswFBVV95cUxQZGE5OXhIZnpWX0E0T3kxbWpidm91Q3huUVBBN1c4eTB2XzItZ05TUkZvbGhWWk8wd2t2S1FFaDZpdzJ4QzlvczVDaFR3NkhtelhqUFFGZ2Z5ZExWRmtHMkt1S3B3SFdjbE5PRTlzZURDRUh2N0ROTWRqeXNhS05CbDNqbnk3RE5kNVhzMmtLWC0tV1g5V3pacDNxTmpfUHphdnRkaWhUREdFT3hqd0NjTFY5Yw?oc=5,Pacific Power requests rate increase; Utility Commission invites feedback&nbsp;&nbsp;KPLC 7 News
2026-08-14,2026-07-26,sector,PacifiCorp,valleynewslive.com,Pacific Power requests rate increase; Utility Commission invites feedback - valleynewslive.com,https://news.google.com/rss/articles/CBMivgFBVV95cUxPMlBxV3p2WElnYlU4MHpkY0MzbmR5YW1nNHBZVmswcDd6SzNTOUZDNHlOZlVxa24xVWEwRGNVYWpDRTNVT2xVWktfTUVndVhXc3pncG5ldDlOUXNfdzJzTlo1bzFhUWtRSVVqZ2VPZkowZ2hadVppWGQ1UHZYbXBRZ203MXNVVWhUYjRBSmdnQjFiN2tlNXVOLVNLYURpdUdoOVQ3cGpWSVlIRl9sT3JyNVNnbjU1Z3FGN2Jac1Rn?oc=5,Pacific Power requests rate increase; Utility Commission invites feedback&nbsp;&nbsp;valleynewslive.com
2026-08-14,2026-07-27,sector,PacifiCorp,The Business Journals,"PacifiCorp's $171M rate-hike proposal faces public, stakeholder scrutiny - The Business Journals",https://news.google.com/rss/articles/CBMinAFBVV95cUxNSUV3dzJXSHVwS1htUTdNZUhSbU82WkFpY1RKdC1makpzbDlmQlRHajRnYnpZWk5iSEE5a3dDMDZxYUhiWU9rN05zYkp3X2daRlQ5VjExaGtidVRWODJTTEFQSmt1RlhUYnkwMGZRQTlsaUUtakVRRVgyUW9fM0tRd1dxaDhmZTB4MVU0dmY3dEttTjlxWFpTb0F0RGo?oc=5,"PacifiCorp's $171M rate-hike proposal faces public, stakeholder scrutiny&nbsp;&nbsp;The Business Journals"
2026-08-14,2026-07-24,sector,PacifiCorp,kobi5.com,Pacific Power customers can weigh in on proposed rate increase - kobi5.com,https://news.google.com/rss/articles/CBMipwFBVV95cUxPRnBEMElJNV9HSDlleDVXek5SS1dZU3h2X2hCQlVQamNENmJIZnJsVEZGWHg4ajFLY3hIUFpRX3pfODlZeDZHSlYzZXhqazBkTnMxU081Z09MWW8xel84bGJ2blpBd0ZVSlM5NlhRZnpvSTF0bWpYT2YzUTNFTEZ3VVI0RVBqNHVyVVFEWkpmZnAtcTFXdUlKYjlPMDBZRGRnY3EwZmxjNA?oc=5,Pacific Power customers can weigh in on proposed rate increase&nbsp;&nbsp;kobi5.com
2026-08-14,2026-07-27,sector,PacifiCorp,KEZI,Oregon PUC seeks input on Pacific Power rate hike - KEZI,https://news.google.com/rss/articles/CBMiywFBVV95cUxPX3gtUjc5VDFYeW9rb29tNFZuWWU5cFlGQzBDXzJYY21HRmREcDFKbm1YR2hMZXJxOHd4SFV0NnRvelRDUE9TcW5JNGZwajEyOUZjUFpmWTY1NExPR3ZBWnlNbXR5c1FscjY0OTRMVkNkc2hNcGJaZ29vVXpwaHZqRHg0Rjc3LW5JVFpGWjhqcFNXV2ZSSHk1M0lZR0xiWGpGTUxDR1plVGVnN09kQThrVWxZRDN4MUM0ejV3Tm1hcnNUUTZNY18zS2xjaw?oc=5,Oregon PUC seeks input on Pacific Power rate hike&nbsp;&nbsp;KEZI
2026-08-14,2026-06-30,sector,PacifiCorp,Oregon Public Broadcasting - OPB,Dispute over $2.2 billion to thousands of wildfire survivors heads to Oregon Supreme Court - Oregon Public Broadcasting - OPB,https://news.google.com/rss/articles/CBMijAFBVV95cUxOQ0VuNi1oTEh6VGJZeGYzbGlwTjZJTDhER0lZRm8zRUVkOFp4ajR1a1dneFUtazBGV0d2QktFS3lrUlFoeUJtb2hrckRtczJiUzJ5SHo2bF9PZEZtQXFLUnowRUJqR3ZrTFV1MVhHbXRtT3h1Z1NjMlZyOGFQLUZydmlDSlFCeVFSWDlmWg?oc=5,Dispute over $2.2 billion to thousands of wildfire survivors heads to Oregon Supreme Court&nbsp;&nbsp;Oregon Public Broadcasting - OPB
2026-08-14,2026-07-27,sector,PacifiCorp,The Cool Down,Oregon customers can weigh in as Pacific Power seeks $170.7 million rate hike - The Cool Down,https://news.google.com/rss/articles/CBMimAFBVV95cUxQNlM1RUxLVW9EVGsya1YzQUZYYmV6TkJvR2pMNk9oMjdqeWpsbVQ4dWNDZDBwUVhCWENmcFRoQWZ2WFZpNHVYOWljcGs4YXZGcTAyeWRhdWlyZFBtZWVCSHVxM1NkV0JRVDBBZ3U1aFN4bV9IQkRwUm5ibU5vWkNES1U0NVhqQUR2OGktaUkyNFUtTzI4WkdHRw?oc=5,Oregon customers can weigh in as Pacific Power seeks $170.7 million rate hike&nbsp;&nbsp;The Cool Down
2026-08-14,2026-07-22,sector,PacifiCorp,kobi5.com,Pacific Power selling assets in Washington State - kobi5.com,https://news.google.com/rss/articles/CBMihgFBVV95cUxNTWMxdy1FMHNUcHlwWWFoV0lQaDFhc3RaeExpODNWQmZhZUlNaDd5MHRWZktkWWV2T1hiS1Eza0JsOXhBOHlraHlYRTNqNXZlRmx4M2xYWlFvQXJidlNDSWVBVVVxU2RfMEJEU3Z1dW9ORGxvWUFKMFJQZ24zSDFBREV1aUNldw?oc=5,Pacific Power selling assets in Washington State&nbsp;&nbsp;kobi5.com
2026-08-14,2026-06-03,sector,PacifiCorp,Utah News Dispatch,"PacifiCorp’s long-term plans don’t include new renewables — advocates are fighting that, again - Utah News Dispatch",https://news.google.com/rss/articles/CBMimgFBVV95cUxNeTZkUzl2alBVSjF3UTNreE1hXzhaamctN0IyMi1rbjlmN1ZWeUFvRzEtNFdQUzJCbGZKTnNKRmtKUElHLVJ6QlpPaEZLZDZzbnRZRHg3RmxkQnlCN0NQSFpQams3X09QLVBiUmNqVy05dEhIV1RxS1lmSVJjUmpMekFwOUpRZU50X2Vwd0xlcHgwU1NXZk9DZGpn?oc=5,"PacifiCorp’s long-term plans don’t include new renewables — advocates are fighting that, again&nbsp;&nbsp;Utah News Dispatch"
2026-08-14,2026-04-08,sector,PacifiCorp,Reuters,Berkshire-owned PacifiCorp utility wins ruling that could reduce Oregon wildfire damages - Reuters,https://news.google.com/rss/articles/CBMivAFBVV95cUxPN2hpQzhBSGNUa3BjNnBCcTczNFlubTdwR3YtV2hoVU5NWERfWVpDSEtHYmN4SDdTWTYweVVKWmNkUXI0R0c3QVh4Rm1LZnhFUEVHM3lDa3dVX3F6elpSVTczRUtmR0FxQy1rTTNYYkJYWEZmX2VNeUFoc3RmYnl6Qmg2MzE3TlhIM1pkQW5SN0lGX1lyVWJzSEo5N2FWU3B3cVcwNXBPYVZRc1M0SlRkQm9KUHlUMlN6YUlhLQ?oc=5,Berkshire-owned PacifiCorp utility wins ruling that could reduce Oregon wildfire damages&nbsp;&nbsp;Reuters
2026-08-14,2026-05-29,sector,PacifiCorp,NPR for Oregonians,Oregon utility regulators deny PacifiCorp’s temporary rate hike request - NPR for Oregonians,https://news.google.com/rss/articles/CBMivwFBVV95cUxOR09jNnpnSzlzRk5TQlUxemw3VzVQZkNiSEpaTk9vX280SXd5TjZ3YkpJZHJtMEdyc1hJeF9WbU94Yk1LRjZEbGlhdFdOZTJIb2tfR1lUcXpPaHNiV045SHJSVkJ2anZjY1ZsSWVDVlNyR2JneDFYYlA5aU9mWjZ3M0liQ2hfSW1FZTVSZ25DYlRGRC02NWtpdExPQk00TUQxUmZWcDlSMVJfcFNfLXN5c0FfODc2Ymk5M2Z4OGprYw?oc=5,Oregon utility regulators deny PacifiCorp’s temporary rate hike request&nbsp;&nbsp;NPR for Oregonians
2026-08-14,2026-06-25,sector,PacifiCorp,Utility Dive,"A month into EDAM, the data already shows two very different grids - Utility Dive",https://news.google.com/rss/articles/CBMiiAFBVV95cUxNMW9fN0JPZ0RudlRGc1FqdldSSFp4U05LamUwQXhCWHUxYWd3RkczdmQ3X3BySlNpTEtFNm52S2hmRk5VREhTa2xMX2RFd0JiNWFYLWhXTVUxdVoyQmwzX25QMjVJQkNDNnRac0xib0NyZzcza0N3SVFNWmQ2VmVQek1hdUY5clo0?oc=5,"A month into EDAM, the data already shows two very different grids&nbsp;&nbsp;Utility Dive"
2026-08-14,2026-06-27,sector,PacifiCorp,Oregon Public Broadcasting - OPB,Pacific Power holds heated town hall after frequent power outages in Central Oregon - Oregon Public Broadcasting - OPB,https://news.google.com/rss/articles/CBMijwFBVV95cUxPeDJORzFWUzN4S3hDTHBsQUlheFlYZThtMk9MMGQ5VFFCMDBnSE9icnU0cFhwYlJxcmtKUll6Sm42bzE5VEZ4R0k2T3JjbG95NS1DeE9Iamc4Vl8wWXJpbU85bGRYeHJQaS1jdDlvT0Zmem9LbnVlMzhXRDBIaFdGcVlZYTBsVnY3bUpPM2NzMA?oc=5,Pacific Power holds heated town hall after frequent power outages in Central Oregon&nbsp;&nbsp;Oregon Public Broadcasting - OPB
2026-08-14,2026-05-08,sector,PacifiCorp,Oregon Public Broadcasting - OPB,Pacific Power asks to split up looming rate increase - Oregon Public Broadcasting - OPB,https://news.google.com/rss/articles/CBMimgFBVV95cUxNdzlkQmdyaFc5THBXYmFPSzRmd1oxQVlhemNpQV9Jc05BY2lvWnRacVRXbTNFR0x5cTR4bDJ5UnQ0YTFiNWtPZ3FqeGxITFRqS3V4VXdrZFphOFBweTV6T3FobDJ0OTVwazdGMHZQNTZod3F0Yl9halVHb3d1OXlWVDFNSjdJN3ZyemkzcmJOVW9YTjJvdXk3dUVR?oc=5,Pacific Power asks to split up looming rate increase&nbsp;&nbsp;Oregon Public Broadcasting - OPB
2026-08-14,2026-05-11,sector,PacifiCorp,OregonLive.com,"Pacific Power seeks rare ‘interim’ rate increase, citing financial problems - OregonLive.com",https://news.google.com/rss/articles/CBMiwgFBVV95cUxPSTNKazFreHU5SGEyUEZ1Tk9lcnY0cWdueEJ4OFNnWTNEeUxZY3AzVS1ZU3JJdEUzVTRFYjdPMWxFYTVnUDhSdVFWZWp5TUxlT0loU0JrZVl2d1hRcXZHZHBhU1V2RHVPU29WX3RFWl9iZnF5VVo5OWRuUlV2ZFpyX0hySTRZUy1Td1VWTmVvcWdNUEVYdjlCSGRicFltVDMwQ2FfMjY5WTlUdWFoUWRHdHRGYzhybFI1SUxSTnh4ZWtaQQ?oc=5,"Pacific Power seeks rare ‘interim’ rate increase, citing financial problems&nbsp;&nbsp;OregonLive.com"
2026-08-14,2026-05-27,sector,PacifiCorp,OregonLive.com,PacifiCorp proposal for emergency rate increase denied by Oregon regulators - OregonLive.com,https://news.google.com/rss/articles/CBMiwgFBVV95cUxPWVd4dFQ1SENXcHhXbzVzd2hQblNEZ1hyQ3p6ZGZIVWIxQ05kdG9IU09PMjEwZGg5N3NsX0ZtSnNiVlc5TVYzMGNZSEdtUVdYck02TmFEOXFsM2dLWkRUaGEwTjk5WWZ5cVFuN2dhU3ZNQVlTZHpJaTVKZ3AzVElPa3NvejYyNFI2UDB6YWpEaENEemVkOUxKSzNibVAxbk1CV3NySzdEdnpxbjBDd2Nwa00yWUhiYXBZQmlpS2pEMzRZUdIB1gFBVV95cUxONy1nNnVyWDFSR01hUDNxeFBmRWVaUTdEMWx1enpvZzBtWTAtN2w5am0zNDExcmt3dng5RXBONHQ3dFpPMGtJeTBrUnZBR0tJdXd5UjlDaWV4cXcyU0RGak8tZ3FTaDhobXBGRHhla3B0TTlfdVFWQTZ5Q1Q4N2ZWZDdPQjlUOFdwTDlJTlFPNWhWT2k4OG9SNDJRSkxmS0p3bTZDc25FaHJfSmkyMVF4dm5DNUpLdjJlcWx2ZnNYSXR3UlU4b2N6WmRaaG1hVUNsV3ZzcF9R?oc=5,PacifiCorp proposal for emergency rate increase denied by Oregon regulators&nbsp;&nbsp;OregonLive.com
2026-08-14,2026-05-27,sector,PacifiCorp,KPTV,Oregon regulators want full review before granting PacifiCorp utility rate increase - KPTV,https://news.google.com/rss/articles/CBMitwFBVV95cUxNeHBPUkZxOWEwTC03NFR4Vk15NWFoVzlsVmR0YkZxNHlWLXA0bGZmemlLU3dfRVNuZjhJMXp2SHRxN1Y3T1NRQ2lsQzhnR0RoS2wtdHI4XzZLUjRvVkNqRndoWW9oLVZ1SmwtUnFmTHpPLUZHLVQ1RUxNMEdkTlFrUFJIbTZtTmFqYXF2VGpnWVlYbk9BaGJkOU5XOWFNSHpKaDdnVkxRWEc3MVY5ejlId3AyM19KeTDSAcsBQVVfeXFMT083VlZuTkgxR04xUTFoaTNmRk9nNXBFS205U1oySWJSb21BeEQtTkNwX05JLWM0cmY3eFprR1RkSEZBb2FKNjBvMkRIb05DaFVySDRHYV9DaG0yaC1qUmppbWxzMWdHZFlrdEZhb0M5MjR3MWxPQmtIYnQ3YjhUQU51dUVmZEFxQTRaVTBlZFdudmhGbDhZOXliUG1QNGJRNlR4Z0ZYQTJBbUcteEpjakhLb3lFcTJpb3hkQXd5bHlPNzdoM3FHV01fdEE?oc=5,Oregon regulators want full review before granting PacifiCorp utility rate increase&nbsp;&nbsp;KPTV
2026-08-14,2026-05-04,sector,PacifiCorp,Willamette Week,Appeals Judge Who Wrote Opinion Favorable to PacifiCorp in Landmark Wildfire Case Formerly Represented the Utility Giant - Willamette Week,https://news.google.com/rss/articles/CBMi-AFBVV95cUxQSEczeXY0cHU5Wmk5TWU4WWpsNEVLT0pfbDR5UlVSblpJNkhxSHpDZ2xDdWhWbW96N1phd3llckJpdGZrVklhRXFNenJaSU5MV1VxcGpKWWhFb3BSOF9RWmVORzBKQmlaWksxNTR5VWNHcjVpNERTMHUyUWVRVjYwVlBNT3IxSm9iYno1cVBYUVdNM3pCY3hlNnNlRnN5S3hCNjJCN0NCdGFqVGtzOS1QWkcyQUVGS3BmT2ZBc2pyeUpnX0RSYjNfWkZsazktTEF1WUJCMGFKY3dMT0owaDFTWVhtQzhUNnNPOEVPd3RPa0Rlb3BqWDBWVA?oc=5,Appeals Judge Who Wrote Opinion Favorable to PacifiCorp in Landmark Wildfire Case Formerly Represented the Utility Giant&nbsp;&nbsp;Willamette Week
2026-08-14,2026-05-11,sector,PacifiCorp,NPR for Oregonians,Pacific Power asks to split up looming rate increase - NPR for Oregonians,https://news.google.com/rss/articles/CBMiowFBVV95cUxPXy04QW1FTFd4ZmU4Wktjd0J3dk1yYmFtdm8ySGFWQ3A5dkZuTjF1cExTX2RmekpUVWVaYXNjN3VheC05NnIxN2l0Tm16V2paSmlhdHVoTVNLT0hLTHFnTy11S3dTTVFBMm5VVHNPSnB5U2l6Z3hYajZTLTUybGUtYl9YVDFvMkJuRWs2cDYwdmpkSXNVdE01V0hHLWIzVFlrTk1r?oc=5,Pacific Power asks to split up looming rate increase&nbsp;&nbsp;NPR for Oregonians
2026-08-14,2026-05-14,sector,PacifiCorp,Oregon Public Broadcasting - OPB,Wildfire survivors ask Oregon Supreme Court to take on PacifiCorp case - Oregon Public Broadcasting - OPB,https://news.google.com/rss/articles/CBMijgFBVV95cUxPZW5PQzZFNk5aSWdEM0hOd2kzaWxhMzRVbVhfaWJFN0lTZlFQdkFVZHJRU0hZUEZDaF9jM0RkVUNQZ0FpS1FlYUk4V3RMdmFrdk9ya3VKZXB5TFpZUHZmRkE4el95Q1BiQ2ZSWUt1RFRUZlpPTUhWRlBQNWJVNkFaOFVGX1JDcHhDcXJtMGxn?oc=5,Wildfire survivors ask Oregon Supreme Court to take on PacifiCorp case&nbsp;&nbsp;Oregon Public Broadcasting - OPB
2026-08-14,2026-05-06,sector,PacifiCorp,Statesman Journal,Pacific Power pitches state regulators on plan to lower utility bills - Statesman Journal,https://news.google.com/rss/articles/CBMitwFBVV95cUxQRHBvc1J4QW5BYVFxS1Q0ZjE4YkZMWTdYZ3otd19JUnc1bGdVR3JmQWp5R0ZZRGlBT0c2OWVMR1FCY09TLVUwZXpuMUFLZ2FnYVdwUlp4ZVZIOWNfQ3ZyRDdYWDk1NmR1TjhXM1ExVEtBak95THRlT1I3N1ZZUmRPbGtmeTZ0LWxRalpyVGZzbmg4am5RUV9qbi1Rc1E4LXlxNVdDbUpGWnZHcGt6NmJMYmE5VHNmOGs?oc=5,Pacific Power pitches state regulators on plan to lower utility bills&nbsp;&nbsp;Statesman Journal
2026-08-14,2026-06-14,sector,PacifiCorp,Flathead Beacon,PacifiCorp to Power Down Bigfork Dam Unless Buyer Steps Forward - Flathead Beacon,https://news.google.com/rss/articles/CBMipAFBVV95cUxNd3Z1Q3R0RVdEVzhqQmUzT1RjU25NZ25jaEl5dlFVR1ZPakV1Y1lwc3lNdmk5M2V0LXByc2FuSldrVGRmY1dfc1pfdFRrbWpZa3d6UXJSdUFQMHlZdHBadS1BVEJCWnR1SWUyMlFPbmtESGxRWGRDZUM5bGY2X0NvVEt4QVVrOTVQcFRSa196RFNFdE1PdW1PbTBtTmpwUDlBaE1oaA?oc=5,PacifiCorp to Power Down Bigfork Dam Unless Buyer Steps Forward&nbsp;&nbsp;Flathead Beacon
2026-08-14,2026-07-02,sector,PacifiCorp,Wallowa County Chieftain,OTEC drops proposal to buy PacifiCorp’s Wallowa County territory - Wallowa County Chieftain,https://news.google.com/rss/articles/CBMimwFBVV95cUxPM0hWcWpuZTh0eXNhMWdMX2o2M1pBWkdzQkhRWjFkdTlQeENLOXkzbGlReEhfcy0yR3Qxb29ZSmVBb2k1QWJiYWx0TWxsN3hpZGtNdUtZY3k2dWg5Sy1val9XWFZnRUJySGFCa1czMUpyNEdKaS1KNEZSNVNrTWJiMXpEY25uUlZLUDJ2ZU5BcXN1Y2djZmhxeW16OA?oc=5,OTEC drops proposal to buy PacifiCorp’s Wallowa County territory&nbsp;&nbsp;Wallowa County Chieftain
2026-08-14,2026-03-31,sector,PacifiCorp,Oregon Public Broadcasting - OPB,"Portland General Electric, Pacific Power residential rates to climb Wednesday - Oregon Public Broadcasting - OPB",https://news.google.com/rss/articles/CBMilgFBVV95cUxQTk9EZWhLTF82WXdlWXdnaERBWU44aVk0MWZJbFVYVFpmMzZWVmsySjRTRTFxVVUxSjY0TGtBZmxHa3VYR29JTUVBMkRUY2pIRUhuUUhaYWVYNU1ObXBDY2oteVNKTXZGamNBSi1YNTZaSjM4dGlaRi1QWm5QejMtTWVnTFVJWllRVEViT210OU91T3Z1aFE?oc=5,"Portland General Electric, Pacific Power residential rates to climb Wednesday&nbsp;&nbsp;Oregon Public Broadcasting - OPB"
2026-08-14,2026-05-02,sector,PacifiCorp,OregonLive.com,Why this Oregon utility is betting big on California’s energy market - OregonLive.com,https://news.google.com/rss/articles/CBMitwFBVV95cUxNZ2ZNV2VyOUhCYXhpdGstVGJUY1Q1M21HTTQ3cElDRS1sU2RGaENhY1o4aDlGTW1pTk5VckZsNnViWnVBUHYtM19lX2RQT2ZVYk11LTFNUlJ1c3cwU2xfcFR0cVFUc0R6bEdDalRoeEh1dW9vSWNORHpQalNPMzdjNzdwd2xzdElQX1d6bWtYUDlZMDZoV082Q0NBeUJHbUNDZlRyanlVU1NiNXVkZ3FOTDVERUtGVWPSAcsBQVVfeXFMUG84bG5kQkNOMUdoaHN1U2c1cW5PeTdUcm5qc09MRklVRUNrM1lLMWgyS1d2N2lXajlUSG52a1BwSFJjM0NlTGRyODFCWG16WHFyakhlTHRkSWpsUmxaQUVBSnk1SWUyLXlhOTFzbmozeXlFMmRpbXFQT3NtQkNHdHg0eFJJRnotUlgxZ0FJSDhsWFJUY1p6a2UwTGpWTWc4dmF1WWFQSi05bmx4TXJfSWlWYVI4Q1NBX21sLUZ0Q0ZPUHJwTHZaZ0JBeHM?oc=5,Why this Oregon utility is betting big on California’s energy market&nbsp;&nbsp;OregonLive.com
2026-08-14,2026-05-28,sector,PacifiCorp,KOIN.com,PacifiCorp request for emergency rate hike denied by Oregon utility commission - KOIN.com,https://news.google.com/rss/articles/CBMiqAFBVV95cUxNbzJPWFlOV3dZLUZoV1A1SnBOcS1XTy1UeS1fMDlKMEx0TnVnaTV4VEJyY0xNQWdsU2NBeF9YUndqMzJqeWRqWUFucU8wR0lVRlJVNV9OSTB2RDRQbjVzT0JyUldkQkR2di1RdFI4cEFORnhRbjFwQzlmel91UXNXZ1dTbEVoZlFTaG9GTWlxbDN1VWpiT2o0S1VaVnRZcDVOX25HN28tdVXSAa4BQVVfeXFMTU82UnVWYUlINkxpTkhnYmlDeVZRdFh2NmxWb2hFM2Qybjd1Ri1hT1VJeHE4R3JwdFVidVM2RG5WNW9qbWh3OE0xOTQxXzY3NFJWLWtRUFhMQ0pXLUdxU1NUd3otNWFUb1JkNTJpT2wyalZkVVcyeHNhcmp5Z1VvUWRBZjRBbTczMDBhdjRpaUpocHdwcjNpTjRKTXVQeUdyMlMwVFNNSWc4OWd3Y2R3?oc=5,PacifiCorp request for emergency rate hike denied by Oregon utility commission&nbsp;&nbsp;KOIN.com
2026-08-14,2026-04-08,sector,PacifiCorp,Oregon Public Broadcasting - OPB,PacifiCorp wins victory in Oregon wildfire lawsuit brought by 2020 Labor Day survivors - Oregon Public Broadcasting - OPB,https://news.google.com/rss/articles/CBMikAFBVV95cUxOd0E0ZW42T3o4OFR6WWozaWhUTEpBSDNGWHk5Qy1GbjNGQXJyT3dDYmlsLXp1M0s2dThJbEtteVpWbmpuT2RhaXJibUV4X0dSZ2lvT1htOVdyS2RsbEhuOGRMb3dKdm5RcFoxVW9WZkRneUZBVEw3UzViZGkyRHE0bDg0UC0zdHJsYXJOckhPTG8?oc=5,PacifiCorp wins victory in Oregon wildfire lawsuit brought by 2020 Labor Day survivors&nbsp;&nbsp;Oregon Public Broadcasting - OPB
2026-08-14,2026-05-05,sector,PacifiCorp,Lookout Eugene-Springfield,Appeals judge who sided with PacifiCorp used to represent the utility - Lookout Eugene-Springfield,https://news.google.com/rss/articles/CBMi3gFBVV95cUxPWXBReV83dm1LeDQwQUVOVTBJdlJKZVVvZjQ1Uk1KQ3FYd0FBRTFib1VxMHdyZkV3V3NxcVF5bmNaS0NaRnp2OUx4TGJ2aHJ0elg5cmY1ZHpFbjNaM01malVGU0ZHTEsxTm84NXM3RzR3TVZwVmJEVF9ZdV9yVGptZEF0YWRtaXJLbVJpdHgxUUozN24yRUFldXFYOXI3NWxIUXN1dGF2TndBdXpQYlFLTHlORlduQnJJWm5GeDFzZk5hME9JTWpXamphUEVFZkhhYVRWNGxPNDhRSlZTQ3c?oc=5,Appeals judge who sided with PacifiCorp used to represent the utility&nbsp;&nbsp;Lookout Eugene-Springfield
2026-08-14,2026-03-31,sector,PacifiCorp,Oregon Capital Chronicle,"Pacific Power, PGE raise residential electricity rates again for Oregon customers - Oregon Capital Chronicle",https://news.google.com/rss/articles/CBMixgFBVV95cUxNSDFPMkJQUGJTSmNNYWtUY2NYRzRwZUIzOG45TGZ3LXVGVWltblFnSGFLajdoSzFQX2dNZlB3XzcxLWFRZjlvVWJSczlRaFdrQUEwT2NxSFozSTJyczNzRTdUSk5EVFpxOXJ4aW40ME55LWMzV3ZSVTBiT1pVaERsVXRPTEFnVWVFbVZCQjNlZmF0WDY5Q0ZOeWluQ3R0S1ZZWi1reHEyck5yVEkxbWVQeUUwVGpjN0NWU3ZRMExwOVMxYUJGOWc?oc=5,"Pacific Power, PGE raise residential electricity rates again for Oregon customers&nbsp;&nbsp;Oregon Capital Chronicle"
2026-08-14,2026-06-13,sector,PacifiCorp,Lake County Examiner,Lakeview's Pacific Power customers slated to be transferred to Surprise Valley Electric - Lake County Examiner,https://news.google.com/rss/articles/CBMilAJBVV95cUxNTmVPNXpmUW1hQ21lVTk4RHlIVTBobWJMdnFfZ3BCbHl5c2ZTMDgtRk42Y3ZSM0d1YkliWFRQdXp2enktQ2lDbnhZVWE3aUd0VzZRbVd0TGJkdXhqUkZIb0pFNGlUdGoxUktpQWw2LXFLWjhoUDZxSHVBM3J5NzJOb0dQeFFUTGVOeVFQOEdDNnEyR0V0TkM4RnctU05JVlNlVFNaUXlGcmxFcGw3dnpiTnNHd2JVUjB1SW9iaGlTT2QzQ1lXeEdCd2VvLVpnQ2J2S2xQSnlpXzJjTVRwS2xFbjZYZ2xkSUV1dmdTYjRLelBHZXpPczVEMUhOczNpTmtxUGNmeVJ2andKaVZzajhLdUw2cHo?oc=5,Lakeview's Pacific Power customers slated to be transferred to Surprise Valley Electric&nbsp;&nbsp;Lake County Examiner
2026-08-14,2026-04-29,sector,PacifiCorp,Utility Dive,"CAISO expects ‘solid launch’ for EDAM, first Western day-ahead market - Utility Dive",https://news.google.com/rss/articles/CBMiqgFBVV95cUxQTnhESW8yeFJMMnJVbXdKTi1iem9UQ1lWQlhVVG5WVGU1azZrdlh5b1d3aUlRMlh6Tkdmai1yMXk0ZEt3RXVZRFJTS3VvanhRUUwwa3JuajI5aHZWUDcxT0RxOURuWTFUOHFTX2xxRGpZYXllcVJWQUdIc1pwZXhFaTR2VW8xVzMzd1lReno1S0V4R0EyRzI1eVFzT191WXVvbWU5Vi1CeElaUQ?oc=5,"CAISO expects ‘solid launch’ for EDAM, first Western day-ahead market&nbsp;&nbsp;Utility Dive"
2026-08-14,2026-05-27,sector,PacifiCorp,KGW,Oregon regulators deny PacifiCorp interim rate increase request - KGW,https://news.google.com/rss/articles/CBMi5gFBVV95cUxOVnU2WXNCWHN5UUowSnE4aUswZ3Z6dXY1blVYQlVGd2FRVzJSdHpSV1NleU1ELVlyOFZkVEdtR3dXUm0yYkZMOFUtSW53RjhyUF9YUXk5VEJQcjM3T1lkdl81VU1hQ3BtYWRERmpWNWpVLVdYTHdJeS02X3RlZENXTWhZZU5WZWxzdDVRaENHWDRqQmI4M2dHcUNGUUdnc3gyUGJ0OU0tT0Zoa0dPTmxocGkyZnJhaDAwTFBCUG9lamVocXBKODNrczJTNFYtcF9pUHNyZ2dJZXoyN3hpTDFYV1hoREg3Zw?oc=5,Oregon regulators deny PacifiCorp interim rate increase request&nbsp;&nbsp;KGW
2026-08-14,2026-05-27,sector,PacifiCorp,WVLT,Oregon regulators want full review before granting PacifiCorp utility rate increase - WVLT,https://news.google.com/rss/articles/CBMivgFBVV95cUxQQllQRHo2ZnhqYUpzVDBnRmRhbGlSNXpHRlUwLTkwZWRUYVVUaEdkOGdvTHBxY2tMQThJbEhSM2txQ0NqYkZZWGRvM2hGd0NpY05EMlZtWENvMTFudWlhZzR2Z1MybE01bzkwTW5ZQ0V3VVVhN1NCaXpLaXlqazFlTHpsdlVqeFRPWFNZcnNhSVR4anJhUmtHVnpSTUZjUlRnWk9xTWpNMnZrNWdncW1wRGdacUJVa1ZnTmpsc2J3?oc=5,Oregon regulators want full review before granting PacifiCorp utility rate increase&nbsp;&nbsp;WVLT
2026-08-14,2026-05-26,sector,PacifiCorp,The Business Journals,Oregon regulators deny PacifiCorp interim rate increase request - The Business Journals,https://news.google.com/rss/articles/CBMingFBVV95cUxOejhQeFg2M25tZkRkNTdXbmswci1BWEFSbXBtOGVlcVQ3TGVZUEdsa3lUQ0JtMVpQbXFIMlNJNTk5bERpNHNpUFJrS1pzSXRFSG9EeEsyUjNscmxtUWRiNmgyZjR0LWRaVTNaaU5VVmIteFFpWU9iaGg0WUFMaElwTVlqdjBDbUFRQ0lLZE9HZXlNR3ZRdmJjV09sMkhuZw?oc=5,Oregon regulators deny PacifiCorp interim rate increase request&nbsp;&nbsp;The Business Journals
2026-08-14,2026-05-01,sector,PacifiCorp,Inside Climate News,Wyoming’s Largest Utility Joins a New Western Day Ahead Market for Electricity - Inside Climate News,https://news.google.com/rss/articles/CBMimgFBVV95cUxONG5ncW1MSlpzSUlkTlJGWkdlWHE3SzNEWEZwRjhIUGJRR1JkOW5xZFFLQUEyYXE4eXdBWmh4MXZXVXhDMnBIYlQtcWo5N3lmNUtFV0tjVnI2TWpiclBYNEtBcHl2M29nWEJocHIzd0V0SkZ3d1Jvb190aUlFemVEVU4yQ0FPU0FRSVM4RF9lS3NIVlp1ZWVjMnRn?oc=5,Wyoming’s Largest Utility Joins a New Western Day Ahead Market for Electricity&nbsp;&nbsp;Inside Climate News
2026-08-14,2026-03-03,sector,PacifiCorp,Reuters,S&P may cut Berkshire-owned PacifiCorp utility to junk because of wildfires - Reuters,https://news.google.com/rss/articles/CBMi3AFBVV95cUxOTkRLOGdGY0NkUk1HbnpoX1ZkeXp0T1V5V3pJUXVqRndWOHNVUFk3THZ0WldYUEhGQmdteGlpOUVHSTFmYmYzODVKSklHLUk4S0tEd2MwSHhjMlFHcE1oZG1DT1pzUHdkTW1sQmRDdld5SXZFOE5odVZVQVktQkJlc0JTYm1qM0xTM3BrOXdJV2JyU3BnLTRlWGl2S3JqY3JBVFRfZHhndFpOSWlIaFgyUDh1RmQ0dHBZdlhBS3puYjFocFZFNm16YUZudVdtUFZ4MDdtRmx0bU9TbGxn?oc=5,S&amp;P may cut Berkshire-owned PacifiCorp utility to junk because of wildfires&nbsp;&nbsp;Reuters
2026-08-14,2026-05-27,sector,PacifiCorp,Statesman Journal,Pacific Power won't be allowed to raise rates in June - Statesman Journal,https://news.google.com/rss/articles/CBMiwAFBVV95cUxONUdBWHRMcEZjX28zWHhLdWk2TG1uVXI5WlRlSnBEX0RGeEMwdThWNWZmcDFTeUNENzZxWmRxR29iRDV2eDFtOWVEajgyZ1hvZU9qOElVelBFeURaUE9ZZFhRdFNtZjlLNE1PN0Nick9WQ3lJRmZ3emdkWUJZM1NxYnFPNW1jREUzeTVMRmZaLXU3clBqRTh2QWRLSV9qT2ZmQlFlcmw2RUs5Vk1leEp0b1NIUmJuSUxkc01oQWsyWjg?oc=5,Pacific Power won't be allowed to raise rates in June&nbsp;&nbsp;Statesman Journal
2026-08-14,2026-04-11,sector,PacifiCorp,CNBC,Berkshire electric utility's court win could save it billions - CNBC,https://news.google.com/rss/articles/CBMingFBVV95cUxNajNqeHlGUFpBTFhvSndKY01EUHFEXzJrVVBmbUs3SUNMdlFjYzN3QWhVWlp5TzNfWkVFRkt1V2dmUmN3cWVzNUFnU0tkMDJXdFFoemdGOUdUQTBJRVlONTVfUFIzSnpyNmlJeklENjFRT2FtLWo1eHRzOWlIX0Q1QzloNEt4OWpNMG5vZGlaNDRfVUFMbHp2elB1RkZlUdIBowFBVV95cUxPTnJGaEJaTE90Wm1ZVDZ4MldwS2pla0ZfdGN5WXAxUDhKWXhNMzJ2SEtxMTZoZk9JaG1mWE1nUTRYcU42SW1jV1RqZmstN3VvZ3d2TmpXcDNZeTgxSjdyaXlmOS1aSHFnWEY2MEk3OWpvSUhDZTU2eF9NaEM0d2JpZWN6WjEzV25CbE9PYUx2LU56UTFNVTh4OXBkUzMzdGF1V3dR?oc=5,Berkshire electric utility's court win could save it billions&nbsp;&nbsp;CNBC
2026-08-14,2026-05-27,sector,PacifiCorp,hawaiinewsnow.com,Oregon regulators want full review before granting PacifiCorp utility rate increase - hawaiinewsnow.com,https://news.google.com/rss/articles/CBMiywFBVV95cUxPSkNFazVZbU1pc3J5UWZYYV9seFRDby1xMExCUkhHUmJteXR4SlptbXIwQXowVk9wbWFraUl2U21ZM1c4US1jaFhUVlRUR0U4Vnp0TS1ZOEZKNmxycnBLV0pUTmM4LTJfVlhqZ1lzSlF4cG5xaDBBckRRUEJ0T2lxbk8xSnRwWEtVYWI1ZFVZVm1FczlhNnRxVmREbFdRcVpRNVd2MmFIbF9GM0hzalU4cElfUWJ3SnNTZTFtaWttZ3lIaGVsbUxWdGNvUQ?oc=5,Oregon regulators want full review before granting PacifiCorp utility rate increase&nbsp;&nbsp;hawaiinewsnow.com
2026-08-14,2026-06-16,sector,PacifiCorp,AppleValleyNewsNow.com,Pacific Power taking steps to reduce risk of wildfires in service area - AppleValleyNewsNow.com,https://news.google.com/rss/articles/CBMi8gFBVV95cUxOV2tIT1FCaUY0SDZIT084UXJua1lmcUlCY3h1ZUJZVUdVVklrQ3dsZnVzUDAwNklwTjl0MEd4eEZTaGZKQWFMdTlzaGxldS1CYW9ZVWc3VDRXbGZOaVBRanRtdlBBY25LNWd3ZEhEclhaUV9XVGFiZ0hYc2o1dExuSTliNW9HaUpDWDIyWVpHZjRKZWctbjB0cWdVOWxiRGhXeTJfR0R5VjNtQnJZTzB3QjFCZkV4eUhseUlMQUNVZGFaZ0hUOUM5VTB2cHlTQkhxV3lqZVBPM3pkZzdvYkM0Rm0zTEtPaldfb3pQYlpWZTNrdw?oc=5,Pacific Power taking steps to reduce risk of wildfires in service area&nbsp;&nbsp;AppleValleyNewsNow.com
2026-08-14,2026-06-16,sector,PacifiCorp,katu.com,"Pacific Power preps for wildfire season, warns of shut-offs in high-risk areas - katu.com",https://news.google.com/rss/articles/CBMilAJBVV95cUxQRlA2VEd6STlJd0ZDMmVWajg1Yl8zZFNvR19mWFYtaVp5a25sMklkN3BpUjdHRmJDN1lZc3JQXzlIbHQwY09OUnNfOTgwU0hjS3k5WEx0SmZTRXllRXJoV0VITXRNa0N2Wk5MeW1PSW90Skd6N3BDT21LZDRELWtaeGhaa2FTTmtNdWhYTnBIMmxHUXl6UkpPZGgwckZDQjFPVWpOTW91NFZYZDRlSno0X3p6QWMzWHFDUlRoc1k5SDdvSjhjaDF5Yjd3MUdJUkNMX2I4MFZCOEVsaHctdEk0VGlVMngyVnRrMjlkd2c1V1loMFA0UndfQ2xETHkwS3ZzSXZYLTM4Vks1Rjc2R1k3a3VuanQ?oc=5,"Pacific Power preps for wildfire season, warns of shut-offs in high-risk areas&nbsp;&nbsp;katu.com"
2026-08-14,2026-05-06,sector,PacifiCorp,The Business Journals,"PacifiCorp, facing 'severe financial distress,' seeks rare interim rate hike - The Business Journals",https://news.google.com/rss/articles/CBMiqwFBVV95cUxQdUEtaWRjdS1lVkdlbzZRYUtodUx1N1ctNERYN1NleERaYUJMdWoxcWNyTGcwME1IM0xsb2E2NndORHByRmM0UklqaWRHMXp2bllJY2hCcFZCWmFGU1lCMjJXZWN2S1hRSVIwaFJKNS1PdmNwb0g5VkRPT0V5NDRuWEdRbjdrbGRqeS1rRE5qcWpoMVhyUG1XWnRRcC1mUkxnXzA1VHQyUERwWjA?oc=5,"PacifiCorp, facing 'severe financial distress,' seeks rare interim rate hike&nbsp;&nbsp;The Business Journals"
2026-08-14,2026-04-13,sector,PacifiCorp,WyoFile,Wyoming electric utility dumps wind and solar in long-term planning - WyoFile,https://news.google.com/rss/articles/CBMikgFBVV95cUxNellQYmJCZTVEcVliN01XLU40dW1KZkI3UWZJb1R3eU9IZXkwN056TUtaVFhuSzhabTdXRDFrQ1hyTk1JQkwwemxSSnltcWltbGV4Vkw0TTV5NkxtU05OQ2hkQmJQbEFxVHpKSlhMbFc3cHdVbzdkalkxTklVOG9xalpXRWU5Z0trMXpqMVVjS2czZw?oc=5,Wyoming electric utility dumps wind and solar in long-term planning&nbsp;&nbsp;WyoFile
2026-08-14,2026-04-08,sector,PacifiCorp,Statesman Journal,Oregon court reverses billion dollar wildfire verdict against PacifiCorp - Statesman Journal,https://news.google.com/rss/articles/CBMi2wFBVV95cUxQNGxwbzNWUm14bk9kNjBwMUFTMEtNcmNsbFpJZllJRjE2RzJaRzF3UldhcUJYeVktZ0JuUEo2a0dXNWVKTmEyZ1ZsMG1scEd2bnhRMWZOX3BteDV5YlNFX19UeVktZVA4dGQxZlktZHE4MDNvQVF3Y1ppRmp4NnRUYVBfQjJ3RHZKc0RDNk1GQ3prb3QzYXM5VE1IeWROblBkSjNybjVVdjFpX2EtTHNaMFBtNmtoUi11emhISVg4M3JOSl84b2RmYkxqUmtIMVpoRGhiZDI4bjdZSEk?oc=5,Oregon court reverses billion dollar wildfire verdict against PacifiCorp&nbsp;&nbsp;Statesman Journal
2026-08-14,2026-05-01,sector,PacifiCorp,rtoinsider.com,‘Not a Hypothesis:’ EDAM Operations Begin After ‘Very Successful’ Tie-in with PacifiCorp - rtoinsider.com,https://news.google.com/rss/articles/CBMib0FVX3lxTE9ZT2JZU0QxQ0tmLThfR1loQjEtZ0M0WUlVMEZwc2EwRTRjOWNmbmpGZS1aWHJKcWhwa0VYcnZlV1BhYnZSNkUtbG1heTJyVUlrSGJmMjYyWElZdFhGQmpxNTlhMk5sSmh6WmlRcVFIMA?oc=5,‘Not a Hypothesis:’ EDAM Operations Begin After ‘Very Successful’ Tie-in with PacifiCorp&nbsp;&nbsp;rtoinsider.com
2026-08-14,2026-07-06,sector,PacifiCorp,Elkhorn Media Group,OTEC and PacifiCorp end discussions on Wallowa County transfer - Elkhorn Media Group,https://news.google.com/rss/articles/CBMimAFBVV95cUxNVFlkVzZvWmxyM3B1WTVUOGtVVGtZdml1ZGFrVHN5YkVOYnc3TzRGTEpLczRGdTNyR19zU2FNMVFEX01QMEh5cmRfMWgwQnI2RG55R3BJSXRhT0VfUk5TT0l3Z3F0Tm12U2V6ZjF0MWhYc0h1ZDhfTXhGMnNaTHhCY2N5bWktRFQ3SjZfa3FlS3h4NG1mTEZ5NQ?oc=5,OTEC and PacifiCorp end discussions on Wallowa County transfer&nbsp;&nbsp;Elkhorn Media Group
2026-08-14,2026-05-07,sector,PacifiCorp,Utility Dive,"EDAM is ‘solid and stable’ so far, says CAISO - Utility Dive",https://news.google.com/rss/articles/CBMiiwFBVV95cUxPNHJpdE44OGVWeEU4cXJjU3pBS3plVmRzZ3VZSlhmR1I0U095cGM2blBoeTBYbGl0VlE3YXNraDI0LTRNcV9DWmkyWWttbVAxc3FScHFSZTNiQUpSUF94R3RYbmhpYnZoQ0luNFRLeVFUTThTcnA3YndxTlFZNURIU3U1OGtWRjRtaHVB?oc=5,"EDAM is ‘solid and stable’ so far, says CAISO&nbsp;&nbsp;Utility Dive"
2026-08-14,2026-04-15,sector,PacifiCorp,rtoinsider.com,"PacifiCorp Nears EDAM Opening with Focus on Market Settlements, Final Simulations - rtoinsider.com",https://news.google.com/rss/articles/CBMikwFBVV95cUxOcXVxVmxfUHQ2VF9STWszaExEemUwZzBDOE5udkdjb0diWUZXRm5RUDdxWVB5Z01ZWnlRbHNjVEdhV1I3X3ZZZ0xDRHVPOTI3UGZLXzRWWmI5ZUZ2bjBKbl9FQlhQeVBzYnVKeDVBZ3Z6TjE5NzNpbEFobkVsaEVLWGkxMnVuVkdneF9vOEFSbWhTMU0?oc=5,"PacifiCorp Nears EDAM Opening with Focus on Market Settlements, Final Simulations&nbsp;&nbsp;rtoinsider.com"
2026-08-14,2026-04-15,sector,PacifiCorp,SierraDailyNews.com,Surprise Valley Electrification Plans to Acquire PacifiCorp Lakeview Service Area Enhancing Rural Electric Service - SierraDailyNews.com,https://news.google.com/rss/articles/CBMi6AFBVV95cUxNRFJTRTVjenczZ0hoMDc2dG03TXZkZ2RIVjgyS1R4MkpqTG9nQUNzRlljcFJLOE9Ua09nQU5fOUFNQTZCank4ejFrN21OZ1ViMXQwM3dKeFVYRkZlbzNkQ0hVVzA4N2xiSHFDT21ac2NIYXBzeWVvVVFpWWZJRlB6NmxkZWs2cTlNeFpYdDdGa1FfQ0ZIdDBtNDF3Mi1SQjN6djZTd3MzeXpSbmhtd3hsQWNLSHZkVXNOSFpOVFduNG5BdEwyY0tXczI3NnZkb3hPWUxEcjgxQ05JZFdmSzNPWFU3WG5VTjdZ?oc=5,Surprise Valley Electrification Plans to Acquire PacifiCorp Lakeview Service Area Enhancing Rural Electric Service&nbsp;&nbsp;SierraDailyNews.com
2026-08-14,2026-05-04,sector,PacifiCorp,Reuters,Berkshire CEO Abel says 'we're back to first base' in wildfire litigation - Reuters,https://news.google.com/rss/articles/CBMi1wFBVV95cUxPVTk5YzdEbVNSMGdHRFFwWGNyQUtVeFZnU0dUUVQzZVBxNV90THFqOEFxdnhXRXlydGFCQ0FkY2ZodENVdHZDV1RRZjRfSWNiaUQtaHMzNHduejcxNFAxalJNYlVyeWpwdWFMd25UallFQUFhTnhfQjhMZjU2VHdTRlljTHdZLTNrWGFmQ24yYXp4VFFlRXFPRlFab0o0NE9lODl5M0hrdkFSbmk4TnFXOVhITGotaTNVNXN4MWV1SmY0LVJRaWt0bHM1VXdoSkdBTE96ZW1QRQ?oc=5,Berkshire CEO Abel says 'we're back to first base' in wildfire litigation&nbsp;&nbsp;Reuters
2026-08-14,2026-05-27,sector,PacifiCorp,Central Oregon Daily,Oregon regulators deny Pacific Power's interim rate increase request - Central Oregon Daily,https://news.google.com/rss/articles/CBMi2AFBVV95cUxNU2prWU1HVHRISnJGc1JWWjBNZ250TnJyMXlIbnZKTF9xTUw3aVBqU092VFFDbEp0UHNzSnllQU9BRDY3NmE3aXZpWWxGVWpfNlhoRF9pd05BUjQxc21OVlhZanMtQlREUV9ma25qekFBdjdJS3lSTWlOXzZDbThtV1lmUWViS1p4cmtTaG1wMVFLTlBPVEtkS2ZsODhmanE3RUFwazRJZ1BPTnNlWVhINlctTDJwWVdhV2lnZDdydGM3UWhHTE43S3dHdWdVU2tWajdkYW4zNXc?oc=5,Oregon regulators deny Pacific Power's interim rate increase request&nbsp;&nbsp;Central Oregon Daily
2026-08-14,2026-05-23,sector,PacifiCorp,OregonLive.com,Oregon wildfire victims’ class action case mostly paused after PacifiCorp wins appeal - OregonLive.com,https://news.google.com/rss/articles/CBMizgFBVV95cUxPU3dreldVUGRWWVhwOGExVG03Vk5zdEwza0RGeEotdW9xRkdvSWVHYy1VaFA1b0ZMdTltMHhIS1AtenlHZ1NXVVhGZWNyRWFhT0ZnTjV6M3lmM01Tam84aGxzQ1d4TGdPWWpYXzFLYS0yT2J5NHZnRTNzR3lwc0l6ZnVMWWZST0dOcnUxcG5aWVNqWlFRcENrbGdLZDBhVHhMZGIyb2VhVnI4WTB4MFpIeklFbktDXzJvOVUwbVhrR1JILURsbjVZUWFWdkZmd9IB4gFBVV95cUxPdUY3QjUwN1ZsbXdLcnZiRjdZaGRWZml6RDc3czN0NDdiWmlFZUtPRHNKcktRS1V5aUVPUkt2aEJvMU9WdHJhTzNxTzItekVvR2l5eEczekJYMDc5c0FmNTdudEtra0RYNkg4Z0RNUWRObnZFaWpaMW1GWEVuc3ExV1ZKQlByRzJsWUJ2eUpnY2g2Q3paMVVMWmg2bENtRU9NbjA2LUdyZGQ1elBVczJKblJQTmhiMThGaGlhd3J5NUlGWUxJeV8tZ0k4NnZ4VHczYl9TX3l3TjRpckVBanl1NGNn?oc=5,Oregon wildfire victims’ class action case mostly paused after PacifiCorp wins appeal&nbsp;&nbsp;OregonLive.com
2026-08-14,2026-04-01,sector,PacifiCorp,KOIN.com,"What is driving the latest PGE, PacifiCorp rate hikes? - KOIN.com",https://news.google.com/rss/articles/CBMijwFBVV95cUxNWEpFalJocVg4akRtdjlFU0tsc1gzMnBaTHZEX2RELVdLcTV3dlpHR0J1VmpVZFQ3T05qdjdkYTFVNVJ6eVZ5TThrSUlEdEVqdWdILUxHSXhZVWprSldfRzJOdHE0bEN4TGlVbkxqVUVsVlJFaE9xOUJQVlpCMXpZYktpMzZEN0VHbzgzRHlRWdIBlAFBVV95cUxOV2RtZmQ1bnFoVmhlclRWZmduLUwzcDlELWpUbTVnVHJ4ZzFVNWVSazMybmtRY094WmlGeFNqNDdLcl9ldDdxN2tGenlhbnZhMG05R2R3NmI1azR4dlBaR3VoZ2lnMHhmUjYzTjNhMFhMMHA5VUVTSkpaSTZnUDFMNXFMcE5Obk5HU3lXVnZLejlUM3FS?oc=5,"What is driving the latest PGE, PacifiCorp rate hikes?&nbsp;&nbsp;KOIN.com"
2026-08-14,2026-05-27,sector,PacifiCorp,KEZI,Oregon PUC rejects PacifiCorp's early rate hike for 600K customers - KEZI,https://news.google.com/rss/articles/CBMi5AFBVV95cUxNWEFUeXhtYlA5MUZ1RGwzWFR3djg4QjZfdXJuWDhUWU5IVExJeW50M2xlczItTXB1YUNFZWpRZl9WVV9FVHFfTTAwY1ZObnZhWUhFQ1BSMUwtVmZqSTB6VUdKYkRfVFRkUl9YdTN2a04wQ05ZWUFqVVIxZEV6M0xGZXhMdW1qVXQxcVJuVkZock9OMUpfZS1TRnRpLWZTZUk2UF9HOTJvSG5qSy1ReDZqSkc0MDhJc2dIakdSQkhTSVlmYmoySEo0WFdZdW9weGpGRndDd0RJejZMdnpRTzNsbmlfZGg?oc=5,Oregon PUC rejects PacifiCorp's early rate hike for 600K customers&nbsp;&nbsp;KEZI
2026-08-14,2026-04-29,sector,PacifiCorp,rtoinsider.com,PacifiCorp Wins Qualified Market-based Rate Authority in EDAM - rtoinsider.com,https://news.google.com/rss/articles/CBMiiwFBVV95cUxNdkJzR1NsS015S1NtTDJLOER0S3dibVZmTVR4Um8zTU80UGJkYVBpMnVTRVpqRTk1dnRSa2x5REJ4Vnp3MFRBNDA4ZEJKbDdQTjNxMXhpMkVEY2JrYkZtTEh4X2EzdVoxdFFoRmpOeXVLdjhhQ2hxRkgwelZzQV9hbXo5emI1X09SZkVn?oc=5,PacifiCorp Wins Qualified Market-based Rate Authority in EDAM&nbsp;&nbsp;rtoinsider.com
2026-08-14,2026-04-07,sector,PacifiCorp,rtoinsider.com,PGE Asks Oregon PUC to Approve $1.9B PacifiCorp Deal - rtoinsider.com,https://news.google.com/rss/articles/CBMiigFBVV95cUxPS1VoUTgzMDhYNlBFSW9VQVA4a0tWTC1LUmhGNEV5YUtUS0RwdGc3d29EMDdHeEg5U3dGbTU4bHBXUVhEQzJFa0Y3Y2xDcVhEYXJUZFdzZHA2M0Q0WUZ0czg1RWt5aVpuQW02dlhoa2FrVU1EZ1FiY1RkdGxzT2JMaGlTYnVVa0xpLUE?oc=5,PGE Asks Oregon PUC to Approve $1.9B PacifiCorp Deal&nbsp;&nbsp;rtoinsider.com
2026-08-14,2026-03-25,sector,PacifiCorp,rtoinsider.com,PacifiCorp on Track to Meet Wash. 2030 Clean Energy Targets - rtoinsider.com,https://news.google.com/rss/articles/CBMihAFBVV95cUxQSmdqdVowQnpJcFhIVzJZN2lrWUt0YUhqd1RyMDVUZ0lOUmQ0c3RYTENIQjlDSGthclh2eC00MDVzeWQwVC15WENxMUZWdVgyUlZKU0FGY05FTDZuNVJfS0ZrdTdfUk1PZHFqYjhMaUpzRWpGWEFlYXQxXzNKem8wd3F4RHk?oc=5,PacifiCorp on Track to Meet Wash. 2030 Clean Energy Targets&nbsp;&nbsp;rtoinsider.com
2026-08-14,2026-03-23,sector,PacifiCorp,NPR for Oregonians,Blachly-Lane Electric Co-op agrees to buy PacifiCorp’s Monroe territory - NPR for Oregonians,https://news.google.com/rss/articles/CBMiuwFBVV95cUxQaW9ibkpZVXhkQzBQb3o2OTZaUWk0VlNvQXhtbVBMcjJETmUteTA1RU9xTW8tcVhmLWU5LUlmSVVXNXprMnh0N1hFbHpXNXFzZ0VFNUtXRmRacUkzNFpIQUpZNmRQRHRmUFBmazhwYUVpbjZaRkZDRFBLZjVmeXRXRElweVg0R2l2RV9ic1p1dFBqbnkzWmRGeU9FNnNVSzRoYlBnTFhWZ1BwQnhKbjcwdm9lU3E2M3ZSR3Rj?oc=5,Blachly-Lane Electric Co-op agrees to buy PacifiCorp’s Monroe territory&nbsp;&nbsp;NPR for Oregonians
2026-08-14,2026-03-25,sector,PacifiCorp,Latham & Watkins LLP,Latham & Watkins Advises on PacifiCorp’s Offering of First Mortgage Bonds Totaling US$2.5 Billion - Latham & Watkins LLP,https://news.google.com/rss/articles/CBMinAFBVV95cUxNSklMOW81RHh6Qy1HX3VEd214M0o5WGN4YktSMXd0dEs5cmROVG0zYTJic0VLY3NxUHpPWVJEMllsNkVnOUVPZkhlQjFyeVJSejlZQzR6a09hSnN5NW1PLVJabkpZLWI2WjR6OHhwcXp1ZEhnYzFWLTFMWlpnRTBIWC1XSW5nVjkzbk5jNEM4dUtld014YjlvdVFsUl8?oc=5,Latham & Watkins Advises on PacifiCorp’s Offering of First Mortgage Bonds Totaling US$2.5 Billion&nbsp;&nbsp;Latham & Watkins LLP
2026-08-14,2026-06-18,sector,PacifiCorp,KQEN News Radio,PACIFIC POWER PREPARING FOR ACTIVE WILDFIRE SEASON - KQEN News Radio,https://news.google.com/rss/articles/CBMikgFBVV95cUxQRHR6NElpd3I1N1M0U1RQbVZacWhsWEl5VkJnYks2YkkwWXYwZWZJTVB5OXcwUklZRmRYSC1KSnVXcTdTZ3kxZnRfNDJJQlcwNEl3OVRjUE5CSmtsNkNPZjBJWldWNmpTbTlyTEVIcU9IVkN5RkF1Qk9ha1dPX3NtejMzTnJPRk9jOFo3bUJLbTlfdw?oc=5,PACIFIC POWER PREPARING FOR ACTIVE WILDFIRE SEASON&nbsp;&nbsp;KQEN News Radio
2026-08-14,2026-04-08,sector,PacifiCorp,OregonLive.com,Oregon appeals court hands big victory to PacifiCorp in wildfire class action suit - OregonLive.com,https://news.google.com/rss/articles/CBMiywFBVV95cUxNU0V0RFVwMDhGTUVoOGlyY2R3SnN6dnRNOFFkR0s1QjlzVjA4UDRtZ0dYTUJ6cG9MQWNFOHZFM0FMYTlqdXk3NVFmTGxwUDZGazVXWHdCUW5VT2FxWmZKRVhjQy1MbkQ5MlBrQU9KcDhPUzNhbDFWd3RpSnVvVGFzWGtlWGVhWWZpcGpQSkZOZXp0LXhIZFpUQ2xKVEoydnczNlg2bWhYNmVkRGEyNU1FTXI0aTZLTTFpdEpDVzlLcmd0dFdldXZ4ejRnY9IB3wFBVV95cUxNWjg2dVRJd2pNZzFxUW1FUVhkTjd4SnVQRmNGX0VQaXR0RUlFaEpReUllR291T1BJamVtS3RkQUN0b3FwdDd4amZGekRPWklKajVzMFVPeXFFREZhVlpiSWNwYVRVRmJIX1RLN214c0xKbWFCOGM5djc0bjZXR200aUFMTlNNS2c3QWdGclpud0VsNDRGdGlBNzJxeHR2YjVUSVZiVGN6ZHNOSThMZ1NneGZIeWZURGQ1bW9VanBiMndBNE02MU9hYTVSVDIxWEdJZDRjODB4dkdObmYzeUow?oc=5,Oregon appeals court hands big victory to PacifiCorp in wildfire class action suit&nbsp;&nbsp;OregonLive.com
2026-08-14,2026-06-04,sector,PacifiCorp,rtoinsider.com,PacifiCorp Asks to Decommission Fall Creek Dam - rtoinsider.com,https://news.google.com/rss/articles/CBMiiAFBVV95cUxNQXd4STg2NjBmbzRBeEhkdWhhc3JqUXlXYXdSODlmVDNvRngyZHBZX0QxaFBDTjlobjNpcXBXS3dBQlVBTVViNV9mU3YtWldzZFpQR1ZLMTRLMjFZMkM5WWhVNmJGbmNWbW8xNy1VeFp1Z0JzMEVPRHR4WEJndVVJZEluNGNVZ2xS?oc=5,PacifiCorp Asks to Decommission Fall Creek Dam&nbsp;&nbsp;rtoinsider.com
2026-08-14,2026-05-27,sector,PacifiCorp,KPIC,Temporary PacifiCorp rate hike request denied in Oregon as March decision nears - KPIC,https://news.google.com/rss/articles/CBMiqwFBVV95cUxOdjlYLXBOMUhjZ1pHcURoVVhmODE5NVNRdlNwTnFqWWcxTmc0SEhEeVFPU1JLNDlZMnFuLUQxYk1zY2hOUmhDOVN2ZUc5NDlaemtXUjBUZTN4a0QwVERCUHZlT1hsM1lieGVYcjF5bUltczVJbWdWNndQeG45a2Y0eE95RTFlYmJBT1REbmNoWnRuR05PYlpFSF9EeG9TMWMtcWFDcHE1dGI4RVk?oc=5,Temporary PacifiCorp rate hike request denied in Oregon as March decision nears&nbsp;&nbsp;KPIC
2026-08-14,2026-06-29,sector,PacifiCorp,The Business Journals,Oregon Supreme Court to review PacifiCorp wildfire appeal win - The Business Journals,https://news.google.com/rss/articles/CBMipwFBVV95cUxNeFl3Nk5reXp2SEdlcWlTS3A2dHhCNlR2eDZkc0IzSGYwVGpHemdVWGZmYTRkV1NfMnZxRHRJZXVNSzBIYnA2XzJ5TktzZjQ2WHFHLTh0ZkIwR3hJMW5kYUVzLU8yT1RXczBRRm1aWG9GMXdDQ1V4RUZVSDZFSXYzallhY1puM2Mta08tZV9MU21taGpoZDdmdElvUXNSUlFTalNSbnhrTQ?oc=5,Oregon Supreme Court to review PacifiCorp wildfire appeal win&nbsp;&nbsp;The Business Journals
2026-08-14,2026-04-09,sector,PacifiCorp,Insurance Journal,Berkshire-Owned PacifiCorp Wins Ruling That Could Reduce Oregon Wildfire Damages - Insurance Journal,https://news.google.com/rss/articles/CBMickFVX3lxTE9sd3g3cHNOS0xNdld3b040TnVUQ2pQOF9VNHBQY0J5ckNpcko1bU9nbDV1LWtONnNnY18wVmJGcmNPQWNENnFZU1E2eTdWbzl5c0ZWeG0wSHlpSjdlLVUtLUNXNXpFOVJjTndFOHl2OVZBQQ?oc=5,Berkshire-Owned PacifiCorp Wins Ruling That Could Reduce Oregon Wildfire Damages&nbsp;&nbsp;Insurance Journal
2026-08-14,2026-02-26,sector,PacifiCorp,Yakima Herald-Republic,Pacific Power customers in Yakima and Walla Walla to get a new power company - Yakima Herald-Republic,https://news.google.com/rss/articles/CBMihgJBVV95cUxQNDhyZGZuLVdRNElaYS0tcVJlbF85UVQ0Z0dPVkJ3MWpuUzAwdGx4ZDEwbjRsMHZDY3A0aVdiaEFlTGV3ZWlyelZvNUlLaTRCNzJFcWxKaVRER2taZFVDUDU0czFyeWVMa0xlQjVtakYzVXN6SE4xTmtCbEFhRVI4UGNWcUlrMVRDUzBBQ0JiM1p4dEx5cDRveVRpc3pBX2lEU3MwQ0VxUmQxbWhaaXJYZjdfaEFzWG9iMEYxMUVQZ2l4NEJ0TlJSREF6dEoteC1RcEZRNVBJNmlOMkxXcEZWVlJSWkN6TFp2WmVXbml3ZzhFeWE3OTRrRHh2cmM3aDRfUFJjQmVR0gGLAkFVX3lxTE5helk1OW5CRWxCLTBHLWdEY1piaDZoWTljVGhXTDlmR0k2ME9LUVZOcEg5aGNnM0k3R1U4bnI5RFhiaXgzNmk3QXQwMThJeWotMy1zek4tajhId3duR3lucUd6R2FUYjRqYW5EU3pqS1lfQ2RRYThRVHgyV25GRkd5cUcxdmVFQV9qNThPckZhRkVoYTQ0R2l1V2ZuQXFaRzAtUWZkd3c1OHVxcE1fSHFiYndwZ25MZ1RyMl9WVFE3UDAtWnBVTkp5WDY1UTYwdEFpRjRXSTZVTmVtcElPMjlPSG9YVmhCc3lXbjI4Rk01dm8wNkE1NEVCYmFXa3BGRFZ4NTlWTnB6ZW9WVQ?oc=5,Pacific Power customers in Yakima and Walla Walla to get a new power company&nbsp;&nbsp;Yakima Herald-Republic
2026-08-14,2026-04-08,sector,PacifiCorp,Carrier Management,Berkshire-owned PacifiCorp Utility Ruling Win Could Reduce Oregon Wildfire Damages - Carrier Management,https://news.google.com/rss/articles/CBMibEFVX3lxTE5jendEcVRDUURtZ0JldXllTHM0V3RLNEpxbVpWM1o1TmVTV2lDNmhueEgyamlsS2tRblZFRVZLNFQ2ZjhhdTZseWNPOFZnT2wyb01xQ3dSdmEtU2tyNUN0S0k3aHRWN28xWEdhUw?oc=5,Berkshire-owned PacifiCorp Utility Ruling Win Could Reduce Oregon Wildfire Damages&nbsp;&nbsp;Carrier Management
2026-08-14,2026-04-20,sector,PacifiCorp,Insurance Business,PacifiCorp drags 13 insurers to court over arbitration deadlock - Insurance Business,https://news.google.com/rss/articles/CBMixgFBVV95cUxPdlZ2em85UEpoNUJKTVVDYlJxQXVHamZ4LVRtc2lUVlBlMFZvb1hyUEZReUhCa0Z2VWRYaGJzbUMxaHRUQWZGOWdJUFNHZ2cydmlnZ3FtaE1Qam5aWmtiSXFfMzAtOEpZeFJwdDIwa29ycHF4OW1qbFMzREhNVDBzV0dnS2ZaS1l0TGZqN1d6MzNxbXhtR29sd25pclNMUF8wWWZsNEdXVDZBcnoyR1dUU19LWnhNaHQwb09idHBMLVRUTTJBbXc?oc=5,PacifiCorp drags 13 insurers to court over arbitration deadlock&nbsp;&nbsp;Insurance Business
2026-08-14,2026-05-26,sector,PacifiCorp,The Business Journals,"PacifiCorp wildfire trials remain on hold, judge rules - The Business Journals",https://news.google.com/rss/articles/CBMipgFBVV95cUxNWEFSVmdvdDZEU0M3OXVLT1BERlhCcUFSaFplUkt3MEN4MGFVWVptdnhvWGprbFpxaVFDZFhveHZmR2MzR2dDWGExOGxMYjhtU2tmR25kNUYwbUFuTjZ5X1VFdUhOdktiMW5FU19ORmFJdnFGSkoxam9TYXBaUGRGQlY0aUJEaWh4T3RucEpHSmZ5VV9lTnhLX3FLZ3EwVFNsM29DdWNB?oc=5,"PacifiCorp wildfire trials remain on hold, judge rules&nbsp;&nbsp;The Business Journals"
2026-08-14,2026-03-28,sector,PacifiCorp,SierraDailyNews.com,Surprise Valley Electrification Set to Acquire Lakeview Oregon Distribution Assets from PacifiCorp - SierraDailyNews.com,https://news.google.com/rss/articles/CBMi0wFBVV95cUxPY3lfTkhKVFBRMDZwT18yeFlRQjVEWjllRlFhQVJTTnBXSDdqUUR6YVBoY2JGZlFBZ1JWVm9xU3BuQW5QLWhsMXpTQ2VLc1pQR1NRX0VZWm0tUzNNb1ZzaU1Xdnhhc2pZaFBEYW5vcEhoXzdESTB0UXNVd3YtQl9rTEdiY3IzTjFadE83anZON2FBSXNlWHh3SmRHUUotc2lXbnFoUXpSeGVaMHFyYmdqQkxncFBObWRRT3VSbklOMm0teFo3ZEJtaHNYU3h2RlhRMmtV?oc=5,Surprise Valley Electrification Set to Acquire Lakeview Oregon Distribution Assets from PacifiCorp&nbsp;&nbsp;SierraDailyNews.com
2026-08-14,2026-03-31,sector,PacifiCorp,katu.com,Higher electric bills ahead for Oregon customers starting April 1 - katu.com,https://news.google.com/rss/articles/CBMijAJBVV95cUxNSzRNTWVVX1B4TWJkUi1kM1Q5c0FHR1hNbUUyOXZBU2VTM0RMdzhZUW1lckszNV8wTWN4cllySVUtdTRFUnZuTUxSN0t6OWk0MmJrblZCdWUzVHVEdm5VNUNlWl9PTFo2bjRjTHZzM1FOQV9aa1I5U3FWNk1pMlVnU3VWYkZJUHA3S01nZjI4bGExVFZ3Q1QzV1ptdEtfZmdkelJOT19xaE1YVERkUGxJUWpBRFBrXzh1c1hCSW9GOFpESU0ybElCei01MEVmOXlEOGVPN3k2QTNWbUNWdjNsdVRBN2xXMjJXaDdXSElmMGtCRWFXa3VtRjQtZzJyYmdmYVN5WkJka3lhNGNS?oc=5,Higher electric bills ahead for Oregon customers starting April 1&nbsp;&nbsp;katu.com
2026-08-14,2026-05-27,sector,PacifiCorp,FM News 101 KXL,Oregon Public Utility Commission Denies PacifiCorp Rate Hike Request - FM News 101 KXL,https://news.google.com/rss/articles/CBMikwFBVV95cUxOdzVQamt6OTJIYnhBVEcyYVNKX05kekh3ZWFnX1l3R3RWTE4yTXpHTzN5U05aMllFUEJfeDhaSlVMWGRCZXg3aF81RmN4OWtneWV4UGVLS1ZUckFsbUxReTA3YTlhOU43VC1hWXNpSE9ISVIzcUd1SU9NS1RhNmoydVV0R1NxR0dWMWNWRENuLXFIZms?oc=5,Oregon Public Utility Commission Denies PacifiCorp Rate Hike Request&nbsp;&nbsp;FM News 101 KXL
2026-08-14,2026-04-08,sector,PacifiCorp,KGW,Oregon appeals court reverses ruling that found PacifiCorp liable in deadly 2020 Labor Day wildfires - KGW,https://news.google.com/rss/articles/CBMi8AFBVV95cUxQS1lZQXlkZ2p3ZlFheV9yQWpRVTJjaGJfRmpiY1MtMEJaQVVpZnJlelZKb1RLdXE1WGxhNUJwVXhuSTRhR0piNGpVRWU3clJmYjYwNTZQMU5FUEthY05QVTlneVFlOFR3NDlCVk1raUNaY2g2cGZrZkY1aC0xQmt1QWowLVNDMkYwcFd0dk54REw5YmI5Nkx2bkZJRG5qRk1leThURmRVMGpfZFc5Uk5uZmZyVEpmMEhwRFFyTDhscVNYd2NPdWMzNzB2dFppVW1mQTcyQTJ0WnVPSU1qZnF2X0dyRzNicmNONHEzaS01OWg?oc=5,Oregon appeals court reverses ruling that found PacifiCorp liable in deadly 2020 Labor Day wildfires&nbsp;&nbsp;KGW
2026-08-14,2026-05-01,sector,PacifiCorp,The Business Journals,PacifiCorp is first Western utility in new energy market that promises savings - The Business Journals,https://news.google.com/rss/articles/CBMiowFBVV95cUxNOHROUjBUaDZSbmtJYXZrUEJIYjFadjVjMXNOYUlUODFHUEZDMExnd3JibkZiVWNoSjRqcGhhOWZWbDVnSmVDRmc1b25SNXhOSGZ2Y2NUR2NTZ2xaaF9IUVBYZFpURWJkTVZFdVNjZmRUZm5sR0s0SVVsQk52SzFlYWtkWWx5Ry1RZDk2VW5JcVFvSzFMMHBCQjZ5TTJIN3VOeTdJ?oc=5,PacifiCorp is first Western utility in new energy market that promises savings&nbsp;&nbsp;The Business Journals
2026-08-14,2026-04-01,sector,PacifiCorp,The Business Journals,"Regulators approve PGE, PacifiCorp price increases - The Business Journals",https://news.google.com/rss/articles/CBMiqwFBVV95cUxNVkt4dU5PWmZrSk95eFVzd18wS3FVdGtpVWJXa0dZenVSa3RXRTJHVV9MNmdRdlE2TUtZV0hLeEEzMzYzeWg1b2ttdXpvMVF5Y2t3UFdWYThoa0YtVWpLLVVEV0pKaFVDM1VrNW1iTXRITEZwbkZrOXZELURYTFJJbGkzSEFCQjhaZGpXcGhGZ1dlODc5ZjROanVNWTBqbGpTZXR2NFpaanlKLXM?oc=5,"Regulators approve PGE, PacifiCorp price increases&nbsp;&nbsp;The Business Journals"
2026-08-14,2026-04-13,sector,PacifiCorp,Statesman Journal,2020 Labor Day Fires survivors appeal case to Oregon Supreme Court - Statesman Journal,https://news.google.com/rss/articles/CBMi3gFBVV95cUxPaVJPakp3Ul9vNFFhdzg3R1daaWUwQ3Z2enB2cHhjTVdVb0JRbUVIdk5Ka2JfUzAzbzZRY3diSV9RS0l0bjhmMUNjQjJlYm80emg5eFpycFNsWTgwTlJmeWIxU0l5cEJIVEl6WkJ5VUNqUlZlZ1JabWx5WnVKRzlCNVVqYmczV0FEN1pIdDFqMkFIRzZueFFNMVBFaFMzRXItYmtMYlFCRkc4Vjl0aFFHazJNVE9yZ0ZnUHpXbjR4SFdVemZDZHBGRGhsb2hDYU9qUnV5REVvbDNfbW9mX3c?oc=5,2020 Labor Day Fires survivors appeal case to Oregon Supreme Court&nbsp;&nbsp;Statesman Journal
2026-08-14,2026-05-18,sector,PacifiCorp,The Business Journals,PacifiCorp's win in $1B-plus wildfire case appealed to Supreme Court - The Business Journals,https://news.google.com/rss/articles/CBMiqgFBVV95cUxPX3pZcmpEVXdRaUxkWHcxTENPcVdabl9nWWhwLVRaNzIwc2tOQWNRVjhFUV9LZ0pUV2wxMGRLa2JXU1htSTdIZGZlV18yMU9oR0pkOERwMzBIRmFtZ3ctOU16UnR2SkxJVzZsNWNlM2YxdG5wTVpOQnFzX1dvcXFzT0pxLVlCUGtHMzM1NUIzc3hKNHJybDdtZzhENFI1YU8xRWVPZUdnSFBzUQ?oc=5,PacifiCorp's win in $1B-plus wildfire case appealed to Supreme Court&nbsp;&nbsp;The Business Journals
2026-08-14,2026-04-01,sector,PacifiCorp,Statesman Journal,"Rates going up for Portland General Electric, Pacific Power customers - Statesman Journal",https://news.google.com/rss/articles/CBMi3gFBVV95cUxQVWtHOFZ3M2kzV29vOHQ2aGdJRWlZVW9fZXhNTGg5T1JvSW5jbWJCdUdsazNRT202TEt0VmFZT0ZmMnJ0VWJCNEpjSVBJUkIwYUFYSzRLTFZYOGdJcVk3U0RTbjhpNVNsT3dKeTg5NXY0LUpSQ1pHWUVGcGtTV0JBTW9EUGFjc0thN2VYbmRDN043RzJnZ0pnbE5HREdRbnhvX1NhYkl1dkhDXzFPMUhMU2tGTG9ILXZlWFhCM1VsRVdVazNLdGdiQVQ4bVhiSEZFakY1a1Z1Zkg2RmMyR2c?oc=5,"Rates going up for Portland General Electric, Pacific Power customers&nbsp;&nbsp;Statesman Journal"
2026-08-14,2026-05-03,sector,PacifiCorp,rtoinsider.com,PGE Expects Decision Soon on 26% Data Center Rate Hike - rtoinsider.com,https://news.google.com/rss/articles/CBMiigFBVV95cUxOOUdSRVpvanVQU3RKT2h3WXZNSDI3ZlF5azFiOTlkMFQxb3VCeW43eGdMOUFORnhuVEFVdXdMczZfMG1pNVZ1Q1hGbHJEZHBoR01NUWQ0WGpoTGQzcktOZjZPZTRQUEVKY2Y2aTBZQkVDRFBPZHU4NkYxR0MwNlRHX0FQdjBzX0I2d0E?oc=5,PGE Expects Decision Soon on 26% Data Center Rate Hike&nbsp;&nbsp;rtoinsider.com
2026-08-14,2026-05-15,sector,PacifiCorp,Herald and News,Wildfire survivors ask Oregon Supreme Court to take on PacifiCorp case - Herald and News,https://news.google.com/rss/articles/CBMi6wFBVV95cUxOTXRESGhGcWpjNDM3djFqdE9NU2tuUjZQMlg1MFhrY0lFOWw3QlpqaE52V2ZvRklpa0dMcS1IemVoVjlVM1YtREh0ak1Bd0Z6Z3VkWEtUVG04NGRSUVctdkpEakxjQkhvTzdCazFZMlp4bXVjOW5VZGxkQlFLZm10NjdzQ2tsUk5fWkxLWF9SY2VuVXAyaDZiQWxSdk9tODIyQ1JpU05PN1NyNUtvMmNyNHpvUDBlYTVqQ3lDVUVTcHdTSmhIY3FaeXJiY1AyNEdhX0hYbGs3cVh4VGFWRVFYUHdoOEdYaU52b0JZ?oc=5,Wildfire survivors ask Oregon Supreme Court to take on PacifiCorp case&nbsp;&nbsp;Herald and News
2026-08-14,2026-02-25,sector,PacifiCorp,Oregon Public Broadcasting - OPB,PacifiCorp now owes over $1B in Oregon wildfires class-action lawsuit - Oregon Public Broadcasting - OPB,https://news.google.com/rss/articles/CBMipwFBVV95cUxOVkpaZjR5ZHdZVGxVZ2FzWnJJWG5LUm1KeVY0RWtFQXNSSGh4TS1KcERSR3JBaEVrT3Z1QTFUNEhab1dqaTI5YzdXYlh1RDU2ZzBBNDRkQlN6WEdHLW9LNHhWMjBjQ01Oc3l5RlJ2TVRya3B3WVpQRXB3MUdpelRkVG9GZWU1Z3YzVjJScVcwTGV1VkhCMFVjaUdBQmNjeWFiT1ZaNDZ1MA?oc=5,PacifiCorp now owes over $1B in Oregon wildfires class-action lawsuit&nbsp;&nbsp;Oregon Public Broadcasting - OPB
2026-08-14,2026-04-08,sector,PacifiCorp,WDEZ,Berkshire-owned PacifiCorp utility wins ruling that could reduce Oregon wildfire damages - WDEZ,https://news.google.com/rss/articles/CBMiuAFBVV95cUxOR04zeERYdUNuRmV6dzJvUjduaml5akJIcmdGSV9rWjJlSVYxa0hWenROUFRkM0tMeDFlMTVodDhnaEM2a1c2clFTREN3eUFWMW42WmhlTk5NTGJnbFZpNk96OFVqRThPZ1Ewd000OG1yV19haHFSYWd4VTk5WjZOZExXRkM3djJnTG5zdUlXYlZkbncwcHk3WDl2dmxRSmdGal94dnFnaGhEbkxsc2dITWpCc1lXYWt5?oc=5,Berkshire-owned PacifiCorp utility wins ruling that could reduce Oregon wildfire damages&nbsp;&nbsp;WDEZ
2026-08-14,2026-04-13,sector,PacifiCorp,Insurance Business,Oregon court throws out $1 billion wildfire verdict - and hands key insurers a lifeline - Insurance Business,https://news.google.com/rss/articles/CBMi7AFBVV95cUxNdGJ5UlN5LUppTkR4NjZHOGJNVFhvTTYxQW9uN3RPU1k0eHpUazl3aGUtWG5lSTg0dmZmcjUyRURMY3VKaUUxRU95U0VkS3ZMXy1BN3FzMHNMSGU2RW9qQVRvbll4bVMzY09GNndTM0ZzZDVLNjUyenNkMG5nQzJRY3FBMlF5MGhhY0pucnRtbDB2UER2SFhURnczci1wNGZheEtDU1hVemQyTVB3aXhEWFJYOW9vWWpjQnhDX0lTWHp5VUhnNkRTSkFSQ19iVTJMSUpRUXNOeng3SFUzTmFHbEtpczY0clhQejlzcg?oc=5,Oregon court throws out $1 billion wildfire verdict - and hands key insurers a lifeline&nbsp;&nbsp;Insurance Business
2026-08-14,2026-03-31,sector,PacifiCorp,KGW,"Pacific Power, PGE raise electricity rates again. See how much - KGW",https://news.google.com/rss/articles/CBMixgFBVV95cUxNZUExdHRueEgwLU9LR2llTnJTMjFtTldHRmdqdWJ5bEVhc2h5bEtheGdHUFA2Q20xdmdzSzZVa2I2VnR0bUtHdnRSUHZYekRVWkt1Nm15UmRRTmk1RXFYRW1HYW1LalBZRXJlYnAzcmVBOVBRamVyYlRSTGFEZ05tUGhoeElDUWctNU9LamJNZEJpSTB3a3hoSW1MMWEwSXJQal9qR3hYd3RHaDh0QkMxY2UtOU42RXJXT3dnNlVkUmRNWXFOOWc?oc=5,"Pacific Power, PGE raise electricity rates again. See how much&nbsp;&nbsp;KGW"
2026-08-14,2026-05-27,sector,PacifiCorp,kdrv.com,Oregon PUC blocks PacifiCorp's temporary rate hike request - kdrv.com,https://news.google.com/rss/articles/CBMi1gFBVV95cUxPV2trcXZsVHA1clMzY0hKTjAxSTE4dFVWQW1pdlNjVXA2cDBGS1pDU2xodHAzbnFZQkxrWjRxUVVSZnBqX3JBRWg1UmJmMEJfYm9wM0FNUUxzZFdpdXZzQm5BVDhNcG1vVXBLal9FQ24yVjVjTy1zazdLaTZWbEhNa0lJbU5TRk5BZ19URG1TS3pEZUNZN2VqOWpDMXNKX202NmJtZnVUbDI3RHhYbXdoVWpHRGEybWdGVXl4RlhqVjZ1QkZMTFJtczRHQ0t5TnB2amkzVWt3?oc=5,Oregon PUC blocks PacifiCorp's temporary rate hike request&nbsp;&nbsp;kdrv.com
2026-08-14,2026-03-02,sector,PacifiCorp,Nonstop Local News,Pacific Power $2B agreement to transfer Washington to Portland General Electric - Nonstop Local News,https://news.google.com/rss/articles/CBMi8wFBVV95cUxOMzdNOGVYeVotTmZIcy01QVJmZWw5bU5HWUVwNThla0paei1XWk9NbDB3b1NOT3N6YnE2NlQ5QVBxVHduNjZFUzNBTDRadEFFZXBuVU53UTl3QkV3RTBqeWswNE01QWZibFlYX2ZReWhqRDA0V05sa2F2VjRrQjY0ZjNXZk9YYldVTXMwSlR1UF9DQ0VPN3N4ZFR1NW85MjF3U1daTktjUmNfel9adGUxcTJjZlJ4SHJXX0h5RVlMMnlvay1zVkgwM01ENDJ6c1pvTXVTbUhhSmNseWNNVURXWGFCREZtSmtBZ3drREM0aXpVQU0?oc=5,Pacific Power $2B agreement to transfer Washington to Portland General Electric&nbsp;&nbsp;Nonstop Local News
2026-08-14,2026-03-31,sector,PacifiCorp,kdrv.com,PacifiCorp rates going up 4% for Oregon customers in April - kdrv.com,https://news.google.com/rss/articles/CBMi1gFBVV95cUxQWmxpamo3OVBacEE1b2c4eG40c0YwSWFVVFpVeTJFMktRbi1oT1l4Wlhad2JmNkFOQmlUeUx0eE5XMXExZTJySHRyVDV3VlU4QUY4T1V5LUNPTDBDQVhZV1EyZ0cwaGZkSFgwQWVBUnlyWWl6a3JGc0stdTNxbkJTMVUzbktmOXg1c3IzRmdTTkV4RE50ajNCYkMyVEQ1OUFEQnU4RTZ4X1BjTVJrdU45MGR6bHg4QS1aTFBfbjBVS2VEUHFGWnZqc3NkVzB5Vm9tMkxFN0tn?oc=5,PacifiCorp rates going up 4% for Oregon customers in April&nbsp;&nbsp;kdrv.com
2026-08-14,2026-03-12,sector,PacifiCorp,E&E News by POLITICO,PacifiCorp facing ‘junk’ credit rating after large jury awards - E&E News by POLITICO,https://news.google.com/rss/articles/CBMimAFBVV95cUxPMlUzQ3A3LXFEUUhmZzRXN3N6YjRHZ21UY2VGVDBKMlk3RTQzUHRwWWNUTkhEblI1X212N2MzaHdMWS1tQjU4TTFONVpCcng0OUlXdmF0cVV6VDdiU1NUR2JMTlBYcEVjU1dPZTB4amJ6WnFzanJoRXBrSXA2bjVtZHQxcnVxMHp4b2owT2p5LXgxV0VVbGlrOA?oc=5,PacifiCorp facing ‘junk’ credit rating after large jury awards&nbsp;&nbsp;E&amp;E News by POLITICO
2026-08-14,2026-03-03,sector,PacifiCorp,CVN News,Jury Awards $305M As PacifiCorp ‘Labor Day Fire’ Damages Surpass $1 Billion: Watch Trials via CVN - CVN News,https://news.google.com/rss/articles/CBMiswFBVV95cUxNYThkdU42Y3NNVEJkMU4yeGIybExyQnR2YlROV05neUtIaWx4aEhBTXJKaWczMmFScUhFUlVoNnZNMHhuZWh4NjJ0ZEFOa190UXZHb0RXbGtTSU5OMHI2THdyYWZhclhjQm5OWFFta3RraU9rRFlhbFBUcGpyeGc2MGdTazJQdG02MzhBampRZ3VtTlZlTFZ0bXM0bFdkaU1HcWJqMTVsZ25BNEtlVmZZWVNkUdIBwwFBVV95cUxORzJwbjNMZGNuVlFjY2toRmVWOUsxMDJHLXk3WkxTbENYM3JqOFJVZkZpUmYwdll5SUZUTmwzMVlVUmViamdKZXNnZDE5aEZpUkgyUDZrckM0MFdaVzRpbnBJUnM5MENyUTRFMG1JNmoybmxXRHU3QjUzaDVqUXV0T0hyRk5Xbm9qMnFjTFlya2tFc3F2ckJWQVVqMVJ3NmhzSkIwWnkyelpvTTkyU3pTSHQ3d1BQMzJlUEh1ZnhsemNrb0U?oc=5,Jury Awards $305M As PacifiCorp ‘Labor Day Fire’ Damages Surpass $1 Billion: Watch Trials via CVN&nbsp;&nbsp;CVN News
2026-08-14,2026-02-18,sector,PacifiCorp,Utility Dive,PGE in $1.9B deal to buy PacifiCorp’s Washington utility operations - Utility Dive,https://news.google.com/rss/articles/CBMilgFBVV95cUxPXzdKUFBxX3hnX2RzYXdSU2E4bmhuZ0RfSEk0WTVDZHdLRV9QZUpXTGhpbDQxMk1uR1B6R09qNDUxQ3RlRlZyaFNfblJOck5SOENGOW5pRFNuUG56ZE5DZ1pLUEhaQVU1QnZlUkhmdUpZMTBKSzdyQWRRMDZHdTNheUNmOVBqVm4wdTVBeUJweEMxX1g1WEE?oc=5,PGE in $1.9B deal to buy PacifiCorp’s Washington utility operations&nbsp;&nbsp;Utility Dive
2026-08-14,2026-04-08,sector,PacifiCorp,bloomberg.com,Berkshire Utility Wins Appeals Court Ruling in Oregon Fires Case - bloomberg.com,https://news.google.com/rss/articles/CBMitgFBVV95cUxPNmlhQ3d3LXBCV2trZk5mSnBTajQ3N0tQcVhjdkx6Wi1lb1puekQ1em5mNXJLRl93eGV6RG5uNk42M2Q0OU9pOWJiZXZicU5FRUVVMHVILXB0bkxIUUxPZGpJSVJZT0FwZkhnVktoTHRWTGpqM2taamZyaHU2cUdyOHBCSzU0TlBFQjBpSjYwenowNXNOdXN2RXdvSGU2dWdfZ0paYXNZWWVUMVAtRWk3TWtncUFtdw?oc=5,Berkshire Utility Wins Appeals Court Ruling in Oregon Fires Case&nbsp;&nbsp;bloomberg.com
2026-08-14,2026-02-27,sector,PacifiCorp,grist.org,The culture war is coming for your electricity - grist.org,https://news.google.com/rss/articles/CBMijwFBVV95cUxOZ2tyRllDQWtjVVZYTTczcDJOZnNPVGwyX3RFNVNVVXdBUzJmemJRSzBzT0UwSFMwZ3ljd1NCQXZwdkNjNzB4anlNNXVMSFhsMEhQX2NNQ2dLRGxlMWdZaGlKWU0ya244Wk5MYWJILVRTUkY3dWdRbXFiU1JIa2psNEVxdmJGRVd3ajBmcGRXSQ?oc=5,The culture war is coming for your electricity&nbsp;&nbsp;grist.org
2026-08-14,2026-03-09,sector,PacifiCorp,Insurance Journal,"Berkshire’s PacifiCorp Pays $575M to Settle Oregon, California Wildfire Claims - Insurance Journal",https://news.google.com/rss/articles/CBMigwFBVV95cUxOdGJabXFTVlFrV2JqakktTUFpcV9kenhVaU1RZmRXM1R3dGlXU2VJeDFlNnhFdEpYcmUyRW11ZGoxSkhKOTJOa202THMyckZUamNTSGxXeUd3N2hlT2w3eVp0eXNrc1pFTXVUcExnQjN1QklHdUxsUURSTGt5VGxacXdiMA?oc=5,"Berkshire’s PacifiCorp Pays $575M to Settle Oregon, California Wildfire Claims&nbsp;&nbsp;Insurance Journal"
2026-08-14,2026-03-19,sector,PacifiCorp,East Oregonian,OTEC looks to buy PacifiCorp’s Wallowa County territory - East Oregonian,https://news.google.com/rss/articles/CBMilwFBVV95cUxPR0xHclRYbDRUNnh1dElNZmhtLU96RFFIc29hQ2VZYjNzZ1g4bVhUS1otRU1nVXBVYmNYMWxkaHAyUDhwQks5elV5dnQ1LU9kSkI2QXB6QjhULXlPMFFNRGg4SERBSU1oaWpWMWZFUHdRZHRFQU81ZG11R0VHMElVbGhiS29NeTl2VXlUcGdLSEU2Z3BNYUxv?oc=5,OTEC looks to buy PacifiCorp’s Wallowa County territory&nbsp;&nbsp;East Oregonian
2026-08-14,2026-02-20,sector,PacifiCorp,Oregon Public Broadcasting - OPB,PacifiCorp reaches $575M settlement with feds over 2020 wildfires - Oregon Public Broadcasting - OPB,https://news.google.com/rss/articles/CBMiiAFBVV95cUxOMkZmUVdPWldGblRfM20wTEtZQURxbFZYVjI1dW9qZnljUHMzYkdnZVZOamxJb0cyX0dfUENaXzVoUjJJeHdQLThSUWNVMkFHT25CRE1TeDE1eWc0TldkZXFBOGFrSU96S3hPaDNDY3dpMm1jY0xPTExIYVQwdm1nblVHZURWYXZC?oc=5,PacifiCorp reaches $575M settlement with feds over 2020 wildfires&nbsp;&nbsp;Oregon Public Broadcasting - OPB
2026-08-14,2026-04-08,sector,PacifiCorp,Business Wire,Oregon Court of Appeals Reverses and Remands James Class Action Back to Trial Court - Business Wire,https://news.google.com/rss/articles/CBMi1wFBVV95cUxQQktOOGxTRHhIRzk4dkZKSE5faUVORFROX3M0b0RCb0RFaEJhVTBDWS1zS1NEaGludHVHVW5yc2FVOXJUUVFCTU5EWEo0aS14dVl4Tm9FTGJXeXNXQ0xMcXFLTkJBUXowNkY1Z3JwUWp0dXFzdGxvYjVodU5WLXpWNWlsUVdDT0hySjlFZEFtQ2hUcEZLeC1DWFZLb3psTVFFTXlud3lnaTFYZ3pLNnRaVjhlYm9uMkxmUjZ1cW9IeUl6cDNmcU4zUVVtQXdhYnhpb1BXbC1PQQ?oc=5,Oregon Court of Appeals Reverses and Remands James Class Action Back to Trial Court&nbsp;&nbsp;Business Wire
2026-08-14,2026-02-23,sector,PacifiCorp,Utah Public Radio,PacifiCorp's split with Washington could have a big impact on Utahns. Here's why - Utah Public Radio,https://news.google.com/rss/articles/CBMiugFBVV95cUxNc2NwNUhJbnltMlNHSHBUT2tJNDFqOV8tWXl0Wmpha0hGaW4xMWhmR3dPMV9XTy13Y0VnQWx4UU9HZlJFZHZPZnY3RUY0TUp4cVJEaUd5VExuTEFwR1dLLTRjaEp3MGl3MEtldl9UOWtkYm55RXBLTXVQcHBEeHhFdE5nUXZxTER0d3F6VHlDOFBIVUtWeUlPTF9QQnJtampMa2c3b1preWh2c2ZlYnpWNWpBczVBRl9rZnc?oc=5,PacifiCorp's split with Washington could have a big impact on Utahns. Here's why&nbsp;&nbsp;Utah Public Radio
2026-08-14,2026-08-13,sector,Portland General,Seeking Alpha,Portland General Electric upgraded at Ladenburg Thalmann on restructuring deal (POR:NYSE) - Seeking Alpha,https://news.google.com/rss/articles/CBMitwFBVV95cUxPUFBNVTIweW4tclNkQ3VMZGJ6UXk1MHdCMDQ2NzU0NW5PU3c4aGUyTDViUl8tcm1hMEJKM2NtbVdWS2lYcGFwVTFCdjI0c2RENmJtU0t5d2lSNS1qN1o1MUJOX0hRX3JocmM1RlRHOVJMMzBNS21acU5YeGRpcHowdEpMRm5VMGNHUGZZOWpHVFdZU2VCbHNGa3ZGd2pweDVpMGgzbW1TWW5rTFRCQW13VDlDdmNZdWM?oc=5,Portland General Electric upgraded at Ladenburg Thalmann on restructuring deal (POR:NYSE)&nbsp;&nbsp;Seeking Alpha
2026-08-14,2026-08-14,sector,Portland General,GuruFocus,A Look at Portland General Electric Co (POR) After 3.1% Gain -- GF Value $44.09 vs Price $50.33 - GuruFocus,https://news.google.com/rss/articles/CBMiwAFBVV95cUxPWUdNeUViNXZwcnZuS3p0REk5VVJ2Z1AtSlc3YkphN1R1Ums1NjlwVjM2S21ETC1xQi1iaXpwMjZ1Mm9wcjgzR291Wm5idnFjMi1Ea25CaTd2U2tSUUZweE5kMTN3bGVGOUR3Y1lrVUNDWVJmelQyWk9pckVTMHJtMW84Q0N6YkNoZGh3d1NxVWdPTmlYcFUzTjlIXzAyMFg4ZHJ3akd1aDBvdFJiZUg1XzY5X2JCX0hlZC04bkpxcVg?oc=5,A Look at Portland General Electric Co (POR) After 3.1% Gain -- GF Value $44.09 vs Price $50.33&nbsp;&nbsp;GuruFocus
2026-08-14,2026-08-13,sector,Portland General,Investing.com Nigeria,Ladenburg upgrades Portland General Electric stock rating on restructuring deal - Investing.com Nigeria,https://news.google.com/rss/articles/CBMi1wFBVV95cUxQWUhGeW14Wll0d2R1aFdSZlhKWGZOOE0wQ0dCVW0zaUkzdEd2YVdRWGtZY0ltNU9yNWZjUkVWakF1ZVRNZ1BURDJqcF94U0VHeWdoSjRJNlBsb3puMDhVZUFCUDNWbV9ob21EN1BobjNQWDdNNDVqZTFQdkd4S1JJcUl1Y2RtU0ZQQ1ViNFBxSnZBVWlfWlBiWE8wRWUtajNhR29DX3VKS0c0MVJSUFFVUHBoMEJFYUYwa19CdWxNZ1k0U0twNEpJQWY1c3c5Ym50c2lSZVRSRQ?oc=5,Ladenburg upgrades Portland General Electric stock rating on restructuring deal&nbsp;&nbsp;Investing.com Nigeria
2026-08-14,2026-08-13,sector,Portland General,MarketBeat,"LADENBURG THALM/SH SH Upgrades Portland General Electric (NYSE:POR) to ""Buy"" - MarketBeat",https://news.google.com/rss/articles/CBMiwgFBVV95cUxPZjh1bHl4R1QtNlctYXdGRGtqZ0RGeEZQbVpNRzk5ajB3bXJmTnlqYmx4ZjNkUVJMQnBzSVZ3VXRJZkQ5NGxTM0t1TDVFLXVBc3VWaDlaUTVOTG9vQ0tOdDg4QVJKRGFpblR0NDVGZ2xZRGZGYm1yaFVSSmlsV0RwMnR5WDdkR2lhbDk1c2hYSFRNNlhZd2N5enhJTlk0SVAzYmh6OFNIMHhXMjFvRGNrMEJiMTN0NFhjWVNxY1lod2lydw?oc=5,"LADENBURG THALM/SH SH Upgrades Portland General Electric (NYSE:POR) to ""Buy""&nbsp;&nbsp;MarketBeat"
2026-08-14,2026-08-12,sector,Portland General,Stock Titan,"Portland General Electric (POR) advances holding company plan with $45M customer, community commitments - Stock Titan",https://news.google.com/rss/articles/CBMiuwFBVV95cUxQMHlHUEs4S3FobkNvRGk0bzAzVlFFQUo0a1QzS3NEN0tjWUZaVkNURDZDYmpoUFpmY3dPQm4zaGJVd240Sk41cGF4djM4U2VKcUJMUU5Nc3RXMWg5Y29TeUIzdVBscG90dVZvMUFwRFVnOFpvZllSMUpFZVRPNzNHNnQzVFZPSmlWdlBtRnpYaDB6WlFuTm41cVZVVTQ0Nk81aUdFZHRUUG5BWUdhZm9seXBKdWZGdkx4V1hV?oc=5,"Portland General Electric (POR) advances holding company plan with $45M customer, community commitments&nbsp;&nbsp;Stock Titan"
2026-08-14,2026-08-13,sector,Portland General,rtoinsider.com,"PGE, Oregon PUC Staff Agree on Holding Co. Proposal - rtoinsider.com",https://news.google.com/rss/articles/CBMikgFBVV95cUxQcHFZWlRUWkNTcVFiZklDOXQwQTZuNGF5ME1ybDVrQjVpYmMwUjlwT1NNdU1BQ015bEk3cWIya2VVX0NjU2wtVzlUc2JnVU45MUVyT1BiQy03cWh1WkEwSFpmVWt5aTJKdWhRUkhGbElUWXpPUTVqVTRaYzRtNkwyRDVXalNGMkxVVC1hbFU1ZVJjUQ?oc=5,"PGE, Oregon PUC Staff Agree on Holding Co. Proposal&nbsp;&nbsp;rtoinsider.com"
2026-08-14,2026-08-11,sector,Portland General,simplywall.st,Portland General Electric (POR) Could Be 8% Below Fair Value After Mixed Earnings - simplywall.st,https://news.google.com/rss/articles/CBMi2gFBVV95cUxPY3ZobzVtcF9DRm8wYWU1c015ZF9NTVVXYkdtOUpFQ2FSQ3Z1dzJHMmdFVG1NNmlwZG1MQk1NWUxCSFpQc1NsUnhkYTRyZ2pYbHYyY3hnTkJPak92S1hUSTlxblZoQ2s0ek8ta3gtdkJHc0xvYnhOQzVuSmJOLTFtRk1ELU5TWHp0a290R0ZXUm5scHhHbERISkhsckx4aWNyLVV0U3J0cThMUDM5M0lvLTgzQ3FwWlpHVTBCTVR5aVhuZHE0SWttY3lieFU4c2xBWVE0cVNrMzlCQdIB3wFBVV95cUxOdmN4Yk9GX3cyVndRZVdndEJDNlBYeXRrUGIzS2lxbEpPejN6NDJwc3E5NXh3SzY0Vk92RlVSbGNjYUdSa2xjeUhvMTZxbF80WXFYYzRZWlV3SFpjMk02MGVIcXROSHRQNXJZUnpfX1pNTXkzcEJldkZ1NkhxVVlOX0hjekNQLXlBNVRnWlhPeENuRTlHVXpaY0IwZm1pcVc2enFtVHgzNzJYUUxMdW1PTWxaMmJhdjViYmlBUDdkcVhpdXJuendYUTVUMnZIMVM3dWx0MWJ2TURKdG1NeG9F?oc=5,Portland General Electric (POR) Could Be 8% Below Fair Value After Mixed Earnings&nbsp;&nbsp;simplywall.st
2026-08-14,2026-07-24,sector,Portland General,PR Newswire,Portland General Electric declares dividend - PR Newswire,https://news.google.com/rss/articles/CBMioAFBVV95cUxOMjVrY0RYaE5kMVlaTlhBdElYZ1pDeWdhVm11alBmLU5zN3VVUWhZN1Y4eVNtYXBISjdaLTVCUGNTbEw2Njk2cEFoZERfeTZYMEhCUWNyNkVicU5TQWpHV3J5bzJ0ODVlQjdVT1huVlUyWWotaERSdUZ4M2lsRlJrVnBYT2FUcG9sVFY2UG9jay1tYW9MWC1pMUtmZzd5SnB4?oc=5,Portland General Electric declares dividend&nbsp;&nbsp;PR Newswire
2026-08-14,2026-08-12,sector,Portland General,MarketBeat,"Wedge Capital Management L L P NC Sells 64,824 Shares of Portland General Electric Company $POR - MarketBeat",https://news.google.com/rss/articles/CBMi6gFBVV95cUxQYkJ6M0ItOGd6dWpuamRJZHFpOVdNV1k1Nkt1VHhsMHdacGhWeDRFVmdlVDZnX3Mtd2I5UXZYdFJaSkRNOTJLQ2NUOHE2NlBEbHBqUHBFdG9wRWE0dG5GM2VVZ1lSWUR2b2JPQTkyMUYzQTIwbEs5REVRa0RqMGpSdmRyc25rVndsR2tLTHo0UGFTY29LWFZjVXNxbHJYajVCZmplV3hGUm0yQlRaSG0tbWY3eGRWY2hLTjZLbi1fWDQ1bmEzNVFLZUJ1MXNnclFyZlBRQUcxcVlaSDNyd08wdDZtSDNNOTBEUEE?oc=5,"Wedge Capital Management L L P NC Sells 64,824 Shares of Portland General Electric Company $POR&nbsp;&nbsp;MarketBeat"
2026-08-14,2026-07-29,sector,Portland General,Yahoo Finance,Portland General Electric (POR) Plans CAISO Market Entry Through New Regulatory Filings - Yahoo Finance,https://news.google.com/rss/articles/CBMilwFBVV95cUxNSzN0bGhXcWFTVW13b05OQXF4cXdGZWZMa2lTTDFoeTRsdjZycU04TElmQW80dHgyb3pwd3FpRXhQVHRGX0RLb0sxRE9QRUtDV0RVN19aZ3hDbkZ4T2pKLWppOUIwXzg3M05tSkxQZVV6SXFXQzB5b0UzRUZHLWNlZWVZTzh6UW5qUWFRc2FKTU9YX3dEOFVF?oc=5,Portland General Electric (POR) Plans CAISO Market Entry Through New Regulatory Filings&nbsp;&nbsp;Yahoo Finance
2026-08-14,2026-07-31,sector,Portland General,TradingView,Portland General Electric Announces Second Quarter 2026 Results - TradingView,https://news.google.com/rss/articles/CBMiwgFBVV95cUxQR1lfaWJFOHNxYVM5eGZJbTVFa2xVTVAxS1MyRlR2ZlV1aEljM3lKR3ZfTUxld0Vqb0U0dXpqQ1Q5WXl5dHRadlAySjN6c1VsbWU5UkV5OWJBRUVJcmJiMzZMclZHNHllOEZHMl8tTms0eEkwZ2xDdHJxOWxGMF83cG1MSHdZS1cxNmtLMlh6VEdWMjMzSGEycm9tYkRhLThJS1pQeno4cHhiV3lzckVFQ19qcnZaMXY2WlE1c2dybC1UZw?oc=5,Portland General Electric Announces Second Quarter 2026 Results&nbsp;&nbsp;TradingView
2026-08-14,2026-08-07,sector,Portland General,katu.com,"PGE reporting outages for 4,800+ customers early Friday morning - katu.com",https://news.google.com/rss/articles/CBMi8gFBVV95cUxNZ2ZYcm5teWliUVE0UEZ5ajBPMjItMlp5eUNnT0kwdktKOXRyWFJTelVXNHJESFB5YTdfU2ZxTkhtdGZzdUxtZGdSeUJ1cHZBZzZfTWNCc3BZUlQxNS03NDJ4UmNBSzBMRXJMcGtNQmVFVkhfNTNJY3lJTk91bkpHQ3NtV3dxMmZ0ZnVmQ082SWlGY3dlZXZVN0UxY0dtcjZIOGxNY3VOcHdqTzhxQmRtdzczTmZEb3F0NG10YU9RNHRhVml6UkMzV2t5TFpYYVIwU0ZTdFRXWWwySndzT2xOR0lPTk5sMVl6ZXYyV21jdFpsUQ?oc=5,"PGE reporting outages for 4,800+ customers early Friday morning&nbsp;&nbsp;katu.com"
2026-08-14,2026-08-09,sector,Portland General,simplywall.st,What Portland General Electric (POR)'s Tariff Overhaul and Resilient Q2 Demand Means For Shareholders - simplywall.st,https://news.google.com/rss/articles/CBMi2gFBVV95cUxQOFJaNkNfcmdrOE12VlpHZGQ4T2NCb2xBT3A2X3pYdGVaZFNtVEVJWm03czNTaEx4NEZrSkUyMkZxTUgyRm5XT1dxa3VNaXJFWk9WeUhQRkR1OFlxdmhDQ2RUZWhoQmU4SW82amNKUFVlSDIxMnFtRlRDZS10Vmd5ZWxvaW9Dd0JqcFJQbEVQNG10dEh5WkJQNHRyM0s4MnJ0YTlfeXYyVlVaRmVqQW5BMDdpTkJQT0JndXZsT2hiRXMwdjRHYmxSbEdINDhMdUw0TGgyVW5lamtSd9IB3wFBVV95cUxPaE9QSGYxNTJxT0lKTXFxa2xWb0pBUzZhbE9Cd0ZqcllVSFViVXhpX2YxU28wbnRYUkV0WElhV004UUpNOThaaEZrdWZJRW1JcmRYbF9iVVVXcUxrUW9Vb1IzWWhvbmwxUnVLZ1pNcXZ3QkN4U283YU9tcnpSdWxnUnhSUnpGb3VyU1BZTkZrTFhKQWQ3TWRQMGNRWE9UMGxJQ0sweHJNbk0wVlVOTjBQY09SUWtlXy1vemhHdl93UWYyTnVvVk9YUm4xSF9FaDJDZlhjX2Y4d095dDBTWWJB?oc=5,What Portland General Electric (POR)'s Tariff Overhaul and Resilient Q2 Demand Means For Shareholders&nbsp;&nbsp;simplywall.st
2026-08-14,2026-08-08,sector,Portland General,TradingKey,Portland General Electric Co (POR) Stock News Today - TradingKey,https://news.google.com/rss/articles/CBMiX0FVX3lxTE0tcjdmaXBmRTBSV0FPSHhJb0RGS2doLVJ6ZFNWOXgtSnhwQk1ZQS1RXy1kaXlkVTJmSTZDOEZRZHRDZUVaLWFQTXphdzYwdG1jSXZHSnc2TTVsUU82QTRN?oc=5,Portland General Electric Co (POR) Stock News Today&nbsp;&nbsp;TradingKey
2026-08-14,2026-08-11,sector,Portland General,MarketBeat,Renaissance Technologies LLC Takes Position in Portland General Electric Company $POR - MarketBeat,https://news.google.com/rss/articles/CBMi3gFBVV95cUxOX1NFMDRqX0RDdWxJLVFxT050YjlBd3hjOUJUX0NvZ1gyRVdVaFFzQTc4ekx2QWFmNS15YWdRbmFCOVdoTHRERjhiMFlpWEVzSUtQMGhiSUg3QXdBdHJ4MFdVdmdLX1U2bVUwdzRNQkloMnhWbENfdXZwT0R3ZFFESVlWUXo1Tm5jcEJMLTI1aDFzYW81UmJBcmh3QnJHMXVObldzNkdIZlZISEhYRFY4NHZ5MmpueHJONnN4WFlXbW5PU2ZpS3pWRTFnUFA2SE5Xa2p2U3pMM29ySzZ4YlE?oc=5,Renaissance Technologies LLC Takes Position in Portland General Electric Company $POR&nbsp;&nbsp;MarketBeat
2026-08-14,2026-07-31,sector,Portland General,Yahoo,Portland General Electric proposes more rate increases - Yahoo,https://news.google.com/rss/articles/CBMimAFBVV95cUxQblp6bGZpcGpjZHVNc1ZpZTEtN09PWDZnemxOZUFMVEpmLVZteHFJTThESmxsTlRDa2hWcGZvSTFYLWI1cU1mTXpRZS1YVlgtZ3dHTE1PNXU0MXQ4T0J5cjI1OHAtYUNuY3ZYd0JmN3IzbVk2QUNTeHMySWRvdHVTV1JDcW9XNkQ3dWhCSzlaazRoOUxLQm16Qw?oc=5,Portland General Electric proposes more rate increases&nbsp;&nbsp;Yahoo
2026-08-14,2026-08-09,sector,Portland General,MarketBeat,"Royal Bank of Canada Buys 108,585 Shares of Portland General Electric Company $POR - MarketBeat",https://news.google.com/rss/articles/CBMi2AFBVV95cUxOLTlaUHZrY25wR2JjRFdJakZXeExwT1FLWnFWVEtGSHpjTF9JZTVhRnlGU28zMWpLR25WMGtnMThBbXdmdDZHMzZfcTlMSEt4VzRuUTZhTGduZ002dmpidGlyQU1oNmdOOFhkdXZIbW1VQzhpaFhUMzkwajBPbV9Kb3puSzRHeFg1WTREd1JKTjVxckVCS1JoZ0RpblJKdWs0ZGkwSnNxekp1NmNEUENabGNid2VTZnFycmtBTERCY1UyYmFWOU51cXNTZnl6OTl3WmtqOUNMSmI?oc=5,"Royal Bank of Canada Buys 108,585 Shares of Portland General Electric Company $POR&nbsp;&nbsp;MarketBeat"
2026-08-14,2026-08-09,sector,Portland General,MarketBeat,Bank of America Corp DE Has $87.62 Million Stock Holdings in Portland General Electric Company $POR - MarketBeat,https://news.google.com/rss/articles/CBMi7gFBVV95cUxPVUVNNzJDU2JsODBhSkFrOWk4MTVoc2hRX0swbV9teXZhakhOVS04WXlJUW5fNEY4YWlRbGxTOFBRQ29FQjMyMFZJSjdsbm1hN1JWeFE3d1duTDRMVmQ5Sm9FOGFBLVRpdEZCNVJfbXpCVGJhektqVFItZEZiOWlUemxBNFhUVl9EdHkzeU94RlEzQWc0Z2dRTzlVSElXaktrbjFYMng0SkpwNFRiUFA0a2poTzU4bkhSdXVrRG4ycTYzQVNxQVgyeVdwV2Z2ZFhNMmI2Q2VuNlN5eC1qMTI4X3BVMGZoVWxRQUVmSkJB?oc=5,Bank of America Corp DE Has $87.62 Million Stock Holdings in Portland General Electric Company $POR&nbsp;&nbsp;MarketBeat
2026-08-14,2026-07-31,sector,Portland General,quiverquant.com,PORTLAND GENERAL ELECTRIC ($POR) Releases Q2 2026 Earnings - quiverquant.com,https://news.google.com/rss/articles/CBMingFBVV95cUxNLV9jQjdLTFc1T2dxNHd0X1N2VHZhaWpMNnV3aUVUQnk3b05HUEF1bjhVTTdQZllmV1NyZTd4WnlJLUFMQzhQTFVnZ3IzRjBhLW1XV245YklwXzVNVkl3ZnBZdmJuWTJFTEpJYmljbDRzV0NCYVFpa3pkTktDMUliUF84aTRxQktPb2g3MzVHbklPNEpnaFlWNlZmMzNDUQ?oc=5,PORTLAND GENERAL ELECTRIC ($POR) Releases Q2 2026 Earnings&nbsp;&nbsp;quiverquant.com
2026-08-14,2026-07-31,sector,Portland General,The Business Journals,PGE to propose another rate increase - The Business Journals,https://news.google.com/rss/articles/CBMimwFBVV95cUxPWDZEejJnenNXTXVObFVnZjVjaXNKTWFucjE0Y2k0ZDNncTJTOEFHb3lHaTUtTWRpc2xIa05uUzMwT041emtGMDNaMG9CdzY4dW13cVRuX18zU1QxTnNYenFFc0xSWUFadEUtMmJYNHg3VjJqWGpKcy1TZmZhbU1ibGF3bWViY2NkQW5zVFdTUUxJZE9uNzZmTXA4WQ?oc=5,PGE to propose another rate increase&nbsp;&nbsp;The Business Journals
2026-08-14,2026-07-31,sector,Portland General,TradingView,"PORTLAND GENERAL ELECTRIC CO /OR/ Q2 2026: Revenue $814M, EPS $0.59— 10-Q Summary - TradingView",https://news.google.com/rss/articles/CBMi0gFBVV95cUxQMEE1bmpkNHQyVVc2WW9hcks1cFpzTHFqVFg2M2xTRE5xUlJtM2FBdEx0Zl9WaFJrZmJkNy1sbmlfZlplVmQzYUp4MjJ6ZHktR3RTcC03Q3ZadUlTaXp6YjBHNmtTVnY0N0REOEc0aGNhaExPc2JwQU1ZOXA4alpKYVhqY0h0UkM4UUQtbHlTbi1hcDZ6bjEwYlprOEtFd2FSZVpIVGVobXFJMU4wMlhwcHpHcE9GVExVWFRuZHlwUjJQUkdWaUhJdTFFT3Foa1pWb0E?oc=5,"PORTLAND GENERAL ELECTRIC CO /OR/ Q2 2026: Revenue $814M, EPS $0.59— 10-Q Summary&nbsp;&nbsp;TradingView"
2026-08-14,2026-07-29,sector,Portland General,TradingView,Portland General Electric Co expected to post earnings of 68 cents a share - Earnings Preview - TradingView,https://news.google.com/rss/articles/CBMi8wFBVV95cUxNZk5WY0NjNER6V3lMWEF6VFRyZHE1V0QyR2R5aHhNUGNfSmVYVzRqMmJ6MkNtMGZRRkpuOFdOdG9obzV5VXZXaG95bC1EcHNCS1VjTzBnRlVlUEx3bTVRU2hQeG9zYzM0ZVMxR1JKQS01SnkzUUN1SVV6RlVVMVhXWGVicl82WWN5TXZKdW9vRnN6SGUtZnU5bDRLVGpiekF4c3ZBamZnUk5LZTEtY2M2QVJVZFVFaG1OQWdQbUlCYzdRMmd2VTdWb0tSUF85T0ctdnlMWUZyaXZmeFpkVWF3dGlLNWVxT2JsQVF4Tkt5ei1PdzQ?oc=5,Portland General Electric Co expected to post earnings of 68 cents a share - Earnings Preview&nbsp;&nbsp;TradingView
2026-08-14,2026-08-04,sector,Portland General,simplywall.st,Portland General Electric (POR) On Q2 Results And The Valuation Question - simplywall.st,https://news.google.com/rss/articles/CBMi2gFBVV95cUxQeTlvRno0aExlZmgtbVlqMFlINVlnZHJrUUZ5dlNVOU1nbnVjd1hkWTV1TGtRZHZOMFFqLXdwRFp5RzZObC1laThoTjkzUHJ0T2p0YkhuSzd6YU9POVczaFVQUTltQ05NczB1U2IxRmJGbDVqRWdDTDREYmNZRzZJS1VrRm9OeWh5dWpSMEJUTGJGZ01rWXBPbWxsNXBrTzRTOHVlcjNVeF84VGRDNzUxTnZYdXlQMHh3UGcxbEZ3UnY0Rlk2b3RMV1BsemxqV0xQTzYwdTNUM0lOZ9IB3wFBVV95cUxPSGROREJLbURXbFEta1B4SEZhcnZHMUV6TmZtRTZNWFZBQTlzTDJVbEJKZGltdFJCN0VmQVhPM211Qk0tN3hPXzM3S0dSSG5SMlpiS2JLLVFtcl82TmZmSndFRmFwd2g1SWk2LTJ4bFBGSTByNGxXNTlHbnI3d3l3R19ZZGVBeU9BTFY0SUNiWS1wWkV0QmFQbXZyRzFQUEY1TXZtZ0w3S05zcHJoblRjMDJWR3RlejdVYjRHWFcxT1Uwb2duc3dUQlVYNVVZaHBhdTJscjg1MTZvTTNGSU93?oc=5,Portland General Electric (POR) On Q2 Results And The Valuation Question&nbsp;&nbsp;simplywall.st
2026-08-14,2026-08-06,sector,Portland General,MarketBeat,Portland General Electric (NYSE:POR) Upgraded to Hold at Zacks Research - MarketBeat,https://news.google.com/rss/articles/CBMivwFBVV95cUxQMF9kWWRsYW9ZLUhkbEpPQWgyeEtRRVhGdnVEUm9NVnlfVXVGYk8zSG95WVFOYmdWVm0wZnZxOTFJcTZ2cHoxbUZ3RHlRd3ZzdlJUTkMwbVlTWnJqZjhwVHpMVXJ4bzEySTdLT0RSRFJSVEVXZ25zaXBBaUpMMEF3NUVhLURzNm9PWEVZY2M0ZnRPd0owRjVyTnZ1MVY4SzloNVdaWVJDWVpnbzhBeDVwX3Q3V1U1ajRCMlM0MklLUQ?oc=5,Portland General Electric (NYSE:POR) Upgraded to Hold at Zacks Research&nbsp;&nbsp;MarketBeat
2026-08-14,2026-08-04,sector,Portland General,katu.com,PGE offers tips to stay cool and lower energy bills as excessive heat grips Oregon - katu.com,https://news.google.com/rss/articles/CBMigAJBVV95cUxQV1JwR2lKdzlxa3duTTBvM3ozQm81SGRPSE5PQURNVDc3Wk52Ni0xM1VnaWJqSVpCUGswYjdmSGZqVWpuWUZ5WEc2Zk1PZ2E5UmxlTW1VVVpwcmhfLXowODIyaE1FYkdocTJZSHBRdXljamdjVjB0T0Rrc1VPRkN6UEppUGVoRVcyUm9vT3BtVmJ6c05XQ2t0SF9vRHJ0VDVjbzRLRDF1Y1dzaVNoUnRUMEh5azV2Xzk3aklvajRjYi0tRl9ycXpCY1NPOTZXVGpLNmQxV2l6aXhqUW44bGJaVlRsSURueV9NYzNoMURZU0ZrTk8yUXRGNTl4bUZwb2Nx?oc=5,PGE offers tips to stay cool and lower energy bills as excessive heat grips Oregon&nbsp;&nbsp;katu.com
2026-08-14,2026-08-02,sector,Portland General,simplywall.st,Portland General Electric (POR) Stock Drifts As Power Cost Drag Clouds Demand Strength - simplywall.st,https://news.google.com/rss/articles/CBMi2gFBVV95cUxPb0Y3Um1PekgxV01tbl9EMW1xWEwzYTQwdDVRUWVaTDJocG1BS3V1TmZtMXJzVmxLLUtCZkdpRGZleXZWbXd5WmNyNHh3N3hNR0NxOENuNzBkaElOeGtfa0RVOWJ1VlVia09QaUt6eFZmRmRyMVYzMWVqdENyLVFsUmxEcTJvYlJndlJGNWVpcWUxdmNCVFduZjBMQmt4d3RBel9JSnRuUzZTR3FldVhfQnplMWFWOG0xRVUtd0VzVXE5ZE5CQ0ZyaVNzZWtKT1JxeHkzSHhCRFdsd9IB3wFBVV95cUxPV21nNmNPeHZpM3hTaE05RV9WOFdfMEFCMklOSlo2X3JTa1A2WE1qb1Zjek04MGQ5S1hDckZSN3hBZ2N2eTNkUjJMVFkyanlOM0drMXUxc3VOVUZHdkNCS2FjWTZWbzJ5THE0M29rLTV0LWJFNXhsemdmSU1NM1dCQ0Y3NU9MTXAtbzJUTFppZkRURkU5VGtwZFFJYm5wWnp2cjhRQjdRVGdWemgxOTc4TmlGYnpBRktoWVAtR1B5NFBlQ0wxRllWWGx4VGR5Z1V0SHlqZGdvNTJsZk02eFJZ?oc=5,Portland General Electric (POR) Stock Drifts As Power Cost Drag Clouds Demand Strength&nbsp;&nbsp;simplywall.st
2026-08-14,2026-07-29,sector,Portland General,quiverquant.com,Portland General Electric Stock (POR) Opinions on Market Performance - quiverquant.com,https://news.google.com/rss/articles/CBMiqAFBVV95cUxOcmR6X0hkVTdsNkVwaFF0eGh1LURWQjh2Wk1CSElOelBPRUVwcVhUNnVSTmtGRlNZTTBMbjFzTmFWTFZlYUhVWE1ZTTNtSTczSnBRbHAwaGp0M3hNc1FoZTJTUzQxX3Q5ZkZTdzVBRVB2QklUdHBsUDVlZTR4OGU0VmZ1ZDlJSTVrNnRUREhOUEtlRHRJNWlxUDN0dkJwUmtoNmZDcXRHZ2M?oc=5,Portland General Electric Stock (POR) Opinions on Market Performance&nbsp;&nbsp;quiverquant.com
2026-08-14,2026-08-04,sector,Portland General,Moomoo,"BMO Capital Maintains Portland General Electric(POR.US) With Hold Rating, Cuts Target Price to $52 - Moomoo",https://news.google.com/rss/articles/CBMisgFBVV95cUxQbFNybkoyQkxud2hHTGZWRWNlaEJtVTRrU2dqVG1BYzhFa3hXM1lMUnd2b29wNVZRdFBXNVZ2My00bkZiTFlzNVd2emgyMUVnVm9fSGtlSmtUTXRXazkzUHpxeXRadGwzVEdWaGlxVWRDa2F3aXFTZW1XNTU2eWJkYVEwMXpGalBFdTc3bW5sX1dZUVFfV2dDVmttdi1tYmZhSVRKY1NiWmJ0eG5mUkZDd1RB?oc=5,"BMO Capital Maintains Portland General Electric(POR.US) With Hold Rating, Cuts Target Price to $52&nbsp;&nbsp;Moomoo"
2026-08-14,2026-07-31,sector,Portland General,MarketBeat,Portland General Electric (NYSE:POR) Releases FY 2026 Earnings Guidance - MarketBeat,https://news.google.com/rss/articles/CBMivwFBVV95cUxNb0RFM01WVnp0WUNrSzVvZ1g3UFJGSjN6ODFTNERWQjZiYlRSMXctSFpaVkFSdWhMTnlXUjBJQ0JBT1QzSWNXS2diRlBDY2thaFM4d3R0U2w2Z1QydkpqSkdwc0dVVDhKMndoY1BkbFdWR3E1WHJLZ1plQkxCQlRpS25jWVg2YWNTVjdpVUp3YVl0SVFiYXFtcE02RFNtRTExTXBIUW80Tm1qbndVMXNaY1hVVmxqb2VVUGtJNk9INA?oc=5,Portland General Electric (NYSE:POR) Releases FY 2026 Earnings Guidance&nbsp;&nbsp;MarketBeat
2026-08-14,2026-08-01,sector,Portland General,MarketBeat,"Sei Investments Co. Acquires 62,099 Shares of Portland General Electric Company $POR - MarketBeat",https://news.google.com/rss/articles/CBMi2gFBVV95cUxPSmh0VzRLamh3eDI1Vmw0YS1ZWG1tZDJwd21wRTBVUFVIdUtVNlc4c2tRZ3RDaVBGenBGN09tc0F6dFlaSFAtUTA0RElTNlUyY1FJa3hwQUJTQ1FWNXp1S2t3dG9tS2o5OTFtVkVJbjFIZU9ISFgyajgxNl8yUEdBc0h3VXZJaGVYOEd3Q3UtRkh3ZlZ0NUtEbzNFdXlGYlNobGtqLUdiU1JlZ3hpM0N3dzE5bXZyRkQ4N0N4ZFd2VlZMdGVPdElNV0tRQkE0cXlCNmRuWlJxZzkzQQ?oc=5,"Sei Investments Co. Acquires 62,099 Shares of Portland General Electric Company $POR&nbsp;&nbsp;MarketBeat"
2026-08-14,2026-07-22,sector,Portland General,KGW,"High temps, no AC: Thousands lose power across the Portland metro - KGW",https://news.google.com/rss/articles/CBMizwFBVV95cUxOYTRWa3Rsc0E1c25TUnFKMURSVzl6LWxVNGVBdFZKYlRqNzJiYVZqQ2FTb296bHdWekEwWGZpNUZZU3dBdHJaTkxUbnhLaE5pQ1BTdFc2UVN0ZWNOS3RCcWZ0cjVUVW9UaE9JY09PNzZXYng3dXJxb0ppeGF1bVk3OWxwdzQtanMzbV9aWlkwbFN2TUJ1QmZwWWtjdHZsLUNTTFBsMlFKcF9vSzVPWnBfaVZyYVZaYk9wcXpRQTlTQXlYa042cXZlRkhqZUZacXc?oc=5,"High temps, no AC: Thousands lose power across the Portland metro&nbsp;&nbsp;KGW"
2026-08-14,2026-07-31,sector,Portland General,Moomoo,"Portland General Electric Q2 Adjusted Earnings Decline, Revenue Rises - Moomoo",https://news.google.com/rss/articles/CBMirwFBVV95cUxNaWEwTERodXVmODJ4UUhJNjVQbXFmOTZYQ2V0Szh3X044cjRUc1ZmQkU2QzR0UU1nNUsxdVU2NmpNRTAyR0U1Slc2VEpxOHJDSi1sdW9JbzRwbkEwbTFzcTAxX1pLMzMxOFU4dFAtWUhsYVVQb1o0NEJtRkNBdjZVVG5mSzZsS1U0dUpYYnVQNWxVWHMwcXFNZ01IRlIyS3NyZnV5TmNjc2kzS2VzdXhv?oc=5,"Portland General Electric Q2 Adjusted Earnings Decline, Revenue Rises&nbsp;&nbsp;Moomoo"
2026-08-14,2026-07-31,sector,Portland General,MarketBeat,"Portland General Electric (NYSE:POR) Releases Earnings Results, Misses Estimates By $0.01 EPS - MarketBeat",https://news.google.com/rss/articles/CBMi2AFBVV95cUxPeEpwQlp6a0R0VC05SjBWcjBaNVhPQXN5VE90YTNLMVF4VXFMelJZTHVERm5jUHB6d2RYZ1RvLVpEUldCRmlkdlVYNE1UM0NFbXB4THdISHpBR3hXVlJiTXFKcnRSeHBsQ2JvaTZtR0ZWZTlnR1lyQ2hzWkdibDZtLWo5Vk0tVmx3MTNvZExYc25uYktJNVljQ1l5T0M5d2dNejlpSUdxaktCcF9iM3dBX2ZCblB4UVhCR0cycWQ4OU1JTjN1TWQ4TVFwdk9sSXI0OTZpMkVZNjk?oc=5,"Portland General Electric (NYSE:POR) Releases Earnings Results, Misses Estimates By $0.01 EPS&nbsp;&nbsp;MarketBeat"
2026-08-14,2026-07-28,sector,Portland General,Investing.com,"Portland General Electric director Lewis sells $79,662 in shares - Investing.com",https://news.google.com/rss/articles/CBMixgFBVV95cUxOUnI3dS1PWldxVXJzZElSbzcyVm9qRkZrOHp2WUl3a19jdXNvX2NUUzY4SUR2UUFOVWhxdDVKQUJJOFpHdm94ZkJNTXE3M053Q2RocURHVEhoamtMQU9JaTdwOGI0MXp3RUtoNjBDaDdEd3FHbUQxTEV0WFU4dmQzNWdqdTZwRFRYZEJoQlAyblQ2N1VFOGZvQndZMEQ1VzJrMEN0RUdXUWxiUFNpeHlyclEtenFETkZ4akpuM1JoZHRrcE4ydkE?oc=5,"Portland General Electric director Lewis sells $79,662 in shares&nbsp;&nbsp;Investing.com"
2026-08-14,2026-07-31,sector,Portland General,marketscreener.com,Portland General Electric : Joint Statement from PGE and IBEW Local 125 - marketscreener.com,https://news.google.com/rss/articles/CBMivwFBVV95cUxOWWNLOUtFYl9obWVGN21vS1A0bG1ac2pHdE9uTlRPUzlOMFlDS3NVRVBicFZyWDNITU9xOU9jOERieF9Ma3NoZHgyODdDUC1DdnE5TXNfcFVOX0Z3Xzl6Yk52cVJRZ0RrMUJYQmo3Z1J0RVZMam1JQkJfR01mdjhkY0Q5RF9OLUJFVDhWTzZBT2M0aWtnc2ttWWQxaVlwcE5nb2dkTHU0MjlQVUdpN0VqUm41OVI2WFRMRjU5NHdWSQ?oc=5,Portland General Electric : Joint Statement from PGE and IBEW Local 125&nbsp;&nbsp;marketscreener.com
2026-08-14,2026-06-10,sector,Portland General,KGW,Portland General Electric using special 'sunscreen' to help protect power lines - KGW,https://news.google.com/rss/articles/CBMigwJBVV95cUxNbDgtcV8wczFuT29WSnVMUXJhY041ZEJMcEstdW95bnpxem5YcDJMTjRoMHhtajF3T3l1MVZOUllNQWNmdHg2SVZkcWhnVUlGbXgzUldQdEtEb241cWdBZUtxaE5HMnVaZUVaaU1WZHpLaTRUNDdrNndBZFFVUE5UTW5nXzlhVFBXSVVZXzJ4cmRHZ2ZfZVUxOWxra2dycFFIQ1VPQU4wWEdPQ3V4VmpiT1ZUc1FQOVNwZzFHZXEzUk5XcG1vVnpsTU1SLXloQlBsd2xPdWprVFV4MlF6eEk0cXI5RklBSXBUWXc5TVBnLVBaanBMaVR6cE5VcFJPOXpiSTFZ?oc=5,Portland General Electric using special 'sunscreen' to help protect power lines&nbsp;&nbsp;KGW
2026-08-14,2026-07-31,sector,Portland General,marketscreener.com,Portland General Electric : PGE to file general rate case that supports Oregon’s economy while helping keep customer bills predictable - marketscreener.com,https://news.google.com/rss/articles/CBMi5AFBVV95cUxPNnhubVRGSVFsQ0VuTWQtR2JEYk5wWXFpSkluTlJLTjJfc3d6ZmV6VjBfYWFEX3djdGFMZloxNW9BU00wQ1g0ak54RnZtYzdkSVlmSkhUSjFaN1RxTGZyT1BYVExabkdnWnNMYnlkV0NrVGZjN21NbUZZMVk1SEVVMFRqV2tkTF9GOVk5RjJvX25ULU1wVWdlVXR2dmdzYURjU1hTLTRTY0N6WUpuV28tREtuOG50dUR6aUY2dTg1dW9ZTHM0bWwxYXhPT2dDUlp0SEY5dGR5QTJmTUxRWkZrdFd3ajU?oc=5,Portland General Electric : PGE to file general rate case that supports Oregon’s economy while helping keep customer bills predictable&nbsp;&nbsp;marketscreener.com
2026-08-14,2026-07-31,sector,Portland General,marketscreener.com,Portland General Electric Company Submits Tariff Filing to Federal Energy Regulatory Commission - marketscreener.com,https://news.google.com/rss/articles/CBMi4gFBVV95cUxOdkRONXUzSmp0N0VsdUtfbG1wZ2J4aTZOa2pRdG5MTC1OYW1HUjVIWXphbFR0Ynlmb1lCdnZndjBrRHp5TVd4S3RpSGhvZHo2cDdIUUcyLXEtNGg1NmR2Q0JtZ0o2VlMwT3Y1cWJYcWVFSnU4NThvZ3cyRW92TmpPWUhLMV9PcmdVbGFxVHJTRzJhRU1pVkVxQzVKOW1oUDBHN3k1MVFIeTdWQlBiZDlNZmw5ZlhNTjhnUmhVSGFEZEdSZTFKUTBRT3Y4Yk1fcWoyVmZtM1hjLTVOdHoyNllsX0JB?oc=5,Portland General Electric Company Submits Tariff Filing to Federal Energy Regulatory Commission&nbsp;&nbsp;marketscreener.com
2026-08-14,2026-07-27,sector,Portland General,MarketBeat,SummitTX Capital L.P. Invests $7.20 Million in Portland General Electric Company $POR - MarketBeat,https://news.google.com/rss/articles/CBMi2AFBVV95cUxPdkJkTnhLQzVOenN3R1NCcnMxbWRvQkZiTlAxc3dmcjkwVU5ORFpnaVUzRlpYSlplb2NRODB4QnhTQVBQY0JzanNBUWVpOS1VU0pjVGRUN05sMXJ6cXJmZ3QyM252VDdsNWs5ZXJBTzdVRWoxeGVfZEMyRUhyOEdudWZqMUxqaEEtN2RzbzcyWk00SDhhOV93cDZScjNic3pENldWS3BOcWtZR3VjZDlwbE10bmZRYjIwUHJUY3d5QzZXYVU4NXBJdkVqYlpTTXV2a2dKLU1pZ2g?oc=5,SummitTX Capital L.P. Invests $7.20 Million in Portland General Electric Company $POR&nbsp;&nbsp;MarketBeat
2026-08-14,2026-07-31,sector,Portland General,marketscreener.com,"Portland General Electric Q2 Adjusted Earnings Decline, Revenue Rises - marketscreener.com",https://news.google.com/rss/articles/CBMivgFBVV95cUxPVERHY25XeHFWTnZBY1BfTGNMbEV2WlpTVHN2WEZERHFiUUtud1RmdVQyb1gyX2FBMGQtQThlOF9BTjF4WlE2VFZydEI3Q0dna3pDQXROZklMUlFib2haYnFYdmpMMHN3UU5ZNWpEUW01R1NrQmJuTEhLajJXaVpKREFZdUxwV0hnZEZsSmlLeUMwejNUUlRKU19rUGY5TFhTX3NQak1ZRFhvdDI3NTV3WUhIR25qQTVmcnkzRjd3?oc=5,"Portland General Electric Q2 Adjusted Earnings Decline, Revenue Rises&nbsp;&nbsp;marketscreener.com"
2026-08-14,2026-07-27,sector,Portland General,MarketBeat,Entropy Technologies LP Acquires New Position in Portland General Electric Company $POR - MarketBeat,https://news.google.com/rss/articles/CBMi4AFBVV95cUxPWkRLdG9XUDNHM0FKMzN1RUhIajQwaHVmWW03RjRZa2dhbkhQRkFoQUxZZmloTWI3QjlWLWtZY0x1Z1pGUHlwY0M3VTRtMkZ5T1MwYmgtdnd2VmZBOWdOVHg4cndXNFlXdFJtdjJ5dHUyZWdIekFQc0NkRFZ3Mjl3XzJURE5tTnZpd05KcEFWNW41ZmpWMXRQb3VXWEg4MUdDODlHWDlnX0tpanlyZm8xRXBZT3JuUmxNbWRVcEZYS3Y3VFVSU0VyRUhqalBWY2VNRWNxWDhWOHZtMld3MGl5bg?oc=5,Entropy Technologies LP Acquires New Position in Portland General Electric Company $POR&nbsp;&nbsp;MarketBeat
2026-08-14,2026-07-31,sector,Portland General,marketscreener.com,"Portland General Electric Company Reports Earnings Results for the Second Quarter and Six Months Ended June 30, 2026 - marketscreener.com",https://news.google.com/rss/articles/CBMi6AFBVV95cUxQUjB4MU5oeEQ3OGZNLTk4S2MtMFVreTZnaVVYQ0ZmTjZ0d2hDOHhsSDBpMDNTRkZwb0xKTjZPdmNseUN0cGtlY21SQWdsZ2dreGU4S3FVcmVQVkpyUTRiUFlaSUJLQTgwYm9FbWFXVDN4X3JMRTdzSXpVa2dwcERtMHhsNnRtOEpJWnEwd1JkcWtmVTJ2WEdMY20weVk4a0trbVF2Tjk1SmwwRWFORlZOa2prbEFnU2J2SzJUUk9Ba0std2FYUGd3dFY2SXVnWWRPemg3Zy1DVGt3eUdIUGF1MmIydmxraWNG?oc=5,"Portland General Electric Company Reports Earnings Results for the Second Quarter and Six Months Ended June 30, 2026&nbsp;&nbsp;marketscreener.com"
2026-08-14,2026-07-31,sector,Portland General,marketscreener.com,"Earnings Flash (POR) Portland General Electric Company Posts Q2 Adjusted EPS $0.64 per Share, vs. FactSet Est of $0.65 - marketscreener.com",https://news.google.com/rss/articles/CBMi4gFBVV95cUxNVXpKMnpmV3A2TGlXajNIa25HTHhxenFsVURvcU9DT0Fnc2RtelVJTS1jZXRRZ3laVXhRWjRscWsxeWV2SW5GZ2hVQ3lBc1RqU1kzNjgwaVJWX2dYUjJLRXp2S0o4U09QUFBQSFhVa3A4QzQ2UmFqUmRjT0cxZnRhdFAzUjhMS0xBdXMtaXJYTG9JWHNqaGFMeE5NcGRsQk56NmJnMEozdUxZTlQ0YXo0VjZLNkNZcTQ3b24xRTd6WXB1NWh2LWdmcWdZMVphU2ozVVZrVkppSVBjWHJMU3E2dkJn?oc=5,"Earnings Flash (POR) Portland General Electric Company Posts Q2 Adjusted EPS $0.64 per Share, vs. FactSet Est of $0.65&nbsp;&nbsp;marketscreener.com"
2026-08-14,2026-07-27,sector,Portland General,MarketBeat,Healthcare of Ontario Pension Plan Trust Fund Makes New Investment in Portland General Electric Company $POR - MarketBeat,https://news.google.com/rss/articles/CBMi_AFBVV95cUxNVGhmMV9fbDFjYS1CSl9NdHBFWG5kYzRIU0ZTeDlEUzZ6WDhhSmo4REdTNUxTaFlrOVNmOHBwMHVmMHB0OVlXRE1GdkhFck5Bc1pjRHNNZFBVVEt5YVZLUTV5M1c1WG5NQ3pIa3NqSDNnS0dVb2psVWhfb0NYQkIxTThhUlNQekotMlZkY1l4dGdaU1lpODZsazhnOWx3QkY5WWhvMzhaeXZqTkpXdFQ3TFY1MjFBS20zOE5TaXV4cDdIUDZBRXBOOWk0LUdodzdkN3BtaUR6dFJ1OVcxZGZXT3FrbzF1Vjc0VmhlU0U2LXVDS0M3TmNpN0w4eEI?oc=5,Healthcare of Ontario Pension Plan Trust Fund Makes New Investment in Portland General Electric Company $POR&nbsp;&nbsp;MarketBeat
2026-08-14,2026-06-04,sector,Portland General,bloomberg.com,Watch Portland General Electric CEO Says Rates on Data Centers to Rise by 30% - bloomberg.com,https://news.google.com/rss/articles/CBMiqwFBVV95cUxPd1p6RlNHeWxQVW5BdEdZUm45T3NDdzNTUkNGN3NOZE1oSlB5aFJnMjRVcmVYMFFRUzlpcDEzeHMxR1VRUjBSRXpnTEVESXJzQUkxSGd5bmlTUXpWRUxFd3JibThVY294WEw4U1l0VV9MV3dnUVVGWEx6N1FyRVZNVzViMUtDSkQ1c3lJdmsxRnFidEU0cUtjYTlxM1VvWW5nTks5aHliaVFqWU0?oc=5,Watch Portland General Electric CEO Says Rates on Data Centers to Rise by 30%&nbsp;&nbsp;bloomberg.com
2026-08-14,2026-04-27,sector,Portland General,Yahoo Finance,Assessing Portland General Electric (POR) Valuation After A 5% Dividend Increase - Yahoo Finance,https://news.google.com/rss/articles/CBMipwFBVV95cUxPSGV6NnBMcXVtSXhLQXFRYm5Cd2hvbm9YLXVBODVfeENlTlpXMjU1Z1poTlYyZmpKdTJBcF8wMUVsVmFzZ19ON2hpWUhhdVhmZVUweVY0RVJPYm9saVRMODRYTzdHTGlPaEhsVllTVHlhTU5iQXhBNW0ycFptMC1ua2dwTmxsLXdZeG1oRlVQR3lnaVEwOGxidWp2emJQZVFvSGZuQzZoQQ?oc=5,Assessing Portland General Electric (POR) Valuation After A 5% Dividend Increase&nbsp;&nbsp;Yahoo Finance
2026-08-14,2026-07-01,sector,Portland General,TradingView,"Portland General Electric schedules earnings release and conference call for Friday, July 31 - TradingView",https://news.google.com/rss/articles/CBMi5wFBVV95cUxQLUh3N1BQb3AtS2dRRnBfSnZLcXI2V3puTmtoV2NJZURNaERreEhBeVFiUlQ2QTVSN0FNeGNSSkFVT2tHbnRtZnFtVmhpeDNBS1VhNmxjQVNWZUNJV0NMdHZyNGNZc09NSm5CUjYzUHlzZEVZNUR6cUU2Tl9PdmtVdGstazVOUmotZmVvRUdVWU8xb09HNUdjN0ZlU2llNVlpcmtQLV9YQk1ZU01HcFI0VFFhejBKOVRqblB0eXVFUkpwREVUQ09uN0hrVHNCZHVGY3NfZkN5LXFZNjlMalJiMl94cGw0bVk?oc=5,"Portland General Electric schedules earnings release and conference call for Friday, July 31&nbsp;&nbsp;TradingView"
2026-08-14,2026-06-05,sector,Portland General,Oregon Public Broadcasting - OPB,OPB’s First Look: Data centers to pay more for power - Oregon Public Broadcasting - OPB,https://news.google.com/rss/articles/CBMihwFBVV95cUxNTFJmWkZ3U2h2M2hyeWFNV2NERDVSM2I0SExVX0p1QnNBNGtyUFRkenVqbkJjTjJEeUlXWXZFbnR0ZVV6M3IxU1A1TVlIMjJkVWxQT2dUcG5Od1NZbFVwcC1rVHpPUk40c0pfbjhwR2oxNVZiRGNQLTRjU2FrOXNXczJySmMyQWM?oc=5,OPB’s First Look: Data centers to pay more for power&nbsp;&nbsp;Oregon Public Broadcasting - OPB
2026-08-14,2026-06-05,sector,Portland General,Data Center Dynamics,Portland General Electric moves to implement Oregon's new data center rate class - Data Center Dynamics,https://news.google.com/rss/articles/CBMiwAFBVV95cUxPdzIzRzRpRm1MWlhHRTJzVUcteE9RYXA3MEdxU2JNeW54bkxOWmtWcXRJaW9iblBjY0d4VlMzUERYdTRSaHlvVGZIZkNTeFNqUGdWdXBMQlg1Ty0zSENPWjlHYmVkaWFTcDh3UW41NUc2enNpb2VFOVA2dXBMRjlfNTlIWG8tTWlkaHpkRE9sdVRsT0E5VTV4a0JQay1iOUFYRGo1SEdWV1RKT0hKTl92aUU4dWVyLTdXVUNnZDhjNXE?oc=5,Portland General Electric moves to implement Oregon's new data center rate class&nbsp;&nbsp;Data Center Dynamics
2026-08-14,2026-06-05,sector,Portland General,qz.com,"Portland General Electric raises data center rates 29%, cuts others - qz.com",https://news.google.com/rss/articles/CBMihgFBVV95cUxOdm1UYkZ6LUNsUmZzcmVPWGJNTktYWVhidjVpRlYybmF6b0VPT0h6QkxQQ3pUdmlheDFsSkdSeUN5TzVBcl91VUtmOUdfNTFyY0xrZmdicjVUa1RMMFVQUHZfOUxnLXR5cHNTODNoLU1FNWJJLXFPVVRXbzVaMDlzQmlNY0kwUQ?oc=5,"Portland General Electric raises data center rates 29%, cuts others&nbsp;&nbsp;qz.com"
2026-08-14,2026-07-31,sector,Portland General,scanx.trade,Portland General Electric affirms FY2026 adj EPS guidance - scanx.trade,https://news.google.com/rss/articles/CBMitAFBVV95cUxQR1FDU00tQ3l5VmVTb0h5WGxUc01vUU04RnBuVjV0WFlJV3N6cW1nYmRsR0xhZy1kVXdEZGR3dmVOdDE1MERFd2dSWEFOcGVkN19ydldIalFZWUJYX1Y0eWtQTmxfSktaWnA4MWRQMVowNzFWYktpT2xqVmFKS19IU1U1NXRmSGFZWC00UFR5MHZPai1EY0taOXpkRjAtcDI1ampqM0F5YUhXOFdrNWNkbWpXOTc?oc=5,Portland General Electric affirms FY2026 adj EPS guidance&nbsp;&nbsp;scanx.trade
2026-08-14,2026-07-07,sector,Portland General,KGW,Portland backs new agreement clearing way for Portland General Electric to remove trees from Forest Park - KGW,https://news.google.com/rss/articles/CBMi3wFBVV95cUxNeE9wbDJONkpLODNaM0hmMU51d2lNVDJNb2k4TXFPSElVb1dnWjFvTGhHX3dyRG43dEtmQ0pzV0tBTnZwTmlTLWxlalhLb3RKNk9BbHR2c2N1cUNmSlRSem00T0l1TXlJNEZSVVE0TGZBVkFaZGp2a0EyUG5KM1VPc2hYYnZnU2tvMUp1Q0JURG5KTDFnSGg1TFNrZGpVSEFxZEdDWG5iRzRpS3hnTk5IaENoOEh4MmIwcHFzcV84UzFiLTJwQjNPcldJQ09ScVlwYm1LTWpmZmlMa2tCUHZR?oc=5,Portland backs new agreement clearing way for Portland General Electric to remove trees from Forest Park&nbsp;&nbsp;KGW
2026-08-14,2026-05-06,sector,Portland General,KPTV,Portland General Electric prepares for tough fire season ahead - KPTV,https://news.google.com/rss/articles/CBMingFBVV95cUxQSk5pdFFfMmJZRnhPWnh4M3RPNGVIaHFGWWVrZWF6VEVjR3lseVhLclhMNkFwYmV3SS1pZzNPY3NKN2U4TTFLV1JsWkdFYUlkeDltMl9zYVNVOXozZ3plbXhlUk1RTmtBVDk1dFQ0bHdfVmxESzJHM2pHVEs0TEdYbFJlYlRIQ2hSQXRQV1pFQVE2TUVQOXhzaXpTY2szQQ?oc=5,Portland General Electric prepares for tough fire season ahead&nbsp;&nbsp;KPTV
2026-08-14,2026-06-23,sector,Portland General,katu.com,"Nearly 5,000 PGE customers in the dark after tree falls into power line in SE Portland - katu.com",https://news.google.com/rss/articles/CBMi-AFBVV95cUxORGtUNEJrMnJpaGpYREktS2xOdmFGZnJ0b3RWeDdDXy1fNmhvekR2MXhnVlUta2ZYSkdNeUhUQUhlYWtZQlZfQVN1Q3ZTak54UFJQWDk3OFBLbURCS3J4Yk5oM0xRQ1BrMGNuRHM5eXV1NE9WaWdfRzB1UlpmZFRJdGVQQmt4SU4wS3RUMmlHYTZfaTcyaXJzVGVib2huSW1PZmZsTlJxb3kwNlBfWElRRU04MGEzNFV2NFZTQjVHSDRYMTB4dHFlYWlfRWR3VjdsOURFZk00MnlJZkJONFExTnhKdXZtb3k3QWRtTHRNYW1hM0w3dC0zNg?oc=5,"Nearly 5,000 PGE customers in the dark after tree falls into power line in SE Portland&nbsp;&nbsp;katu.com"
2026-08-14,2026-05-01,sector,Portland General,Yahoo Finance,Portland General Electric (POR) Lags Q1 Earnings and Revenue Estimates - Yahoo Finance,https://news.google.com/rss/articles/CBMioAFBVV95cUxPU1dZQjV6UHhnSnhVcnlHUElsaFNBWHJ1UFZWTWdhM3ltR3N3b25mSzYtT2Q4THkzc3VnVXVxYWFzTDdNV0V4cVhFZHFranExT2xXRkZVdDBlUGZpUW1vbkQzZzllWXRNYVMwMnM1RVhVNnlnVzFLd3VIc2RtSndjMUJkNFRuSmh1R2tQMVZ4b3dGRldUc1pRT3JobzEwZ3lD?oc=5,Portland General Electric (POR) Lags Q1 Earnings and Revenue Estimates&nbsp;&nbsp;Yahoo Finance
2026-08-14,2026-05-28,sector,Portland General,Utility Dive,Oregon PUC approves PGE’s large-load tariff framework for data centers - Utility Dive,https://news.google.com/rss/articles/CBMirwFBVV95cUxOZHp4Ti1xSlpqRmtMV1pWYnkwZEhqQmluQXpWT2xpVFpFcEl4dmJZUjZ5UktvOGFacU5POVlDVzZMVVJiQVcxQ3NPZmRjT052cGY2MnY0NnNNMGlrOVdIVzdIdWRjUmVLc1Z3YmZsaFM4Q1VyeFc2aGlkcW41Y1d4MXJzSGo1OWNINVcxUDlxQmdLNXA2cktZdmlJbTExVjBZYjRBUDNGZ1VIM3FoOXVJ?oc=5,Oregon PUC approves PGE’s large-load tariff framework for data centers&nbsp;&nbsp;Utility Dive
2026-08-14,2026-07-07,sector,Portland General,OregonLive.com,Oregon regulators approve 30% electricity rate hike for data centers near Portland - OregonLive.com,https://news.google.com/rss/articles/CBMivgFBVV95cUxNTjBxTkZqSkFEeDFRRmJ6VmR0NzFNdnRmOTRsWWp4eGRYU3VSbEVzZ2NHVlZkTm5reFhtZXBqck1uSjFOd1YzZDdfcndIdFJxVDNxbVhKVk9jNld6a2VOYjhpOW5xTmpyQzdMbEdaUXFuQThpR21Gb1hfRTlHd1RWY1A4Zk9QcGdxT2hqRHJjTFI5Y0ctWlB5VDZwME9oZHJKcGNfSlZqTWRVXzF4akFpN0YtcTdCdEtlNExfY3B30gHSAUFVX3lxTE14R2JIdW9GWThiSVkzWkxERnd1ZVpfaGc1NWdJbzJKT3RzYWxZaXJ4dTBpakEtRk15THYxaTN6MkM3dzlXTWdja3ZibHlKTkRyd0lXdzBhLUR6dUdXQXFkTWp5S1R4bk9HQXF1aDJjLTkxNUFXeVhJcTFHeDNPVXlVZEkzckNFZGg5b0pMSjByZFRsY1ZxTFhVQmstMGRTZUF5ZFE3dzk3SHozdGF5by1RS0hmVE92Y29QUGlrTkUwM0taZUVYYjNaNnlsWEIxWU14dw?oc=5,Oregon regulators approve 30% electricity rate hike for data centers near Portland&nbsp;&nbsp;OregonLive.com
2026-08-14,2026-07-09,sector,Portland General,katu.com,"Portland, PGE reach deal on controversial transmission line project in Forest Park - katu.com",https://news.google.com/rss/articles/CBMi-AFBVV95cUxPeERNcFRKUlNRRzlxVW9UV19JMGlfa0REcXBKcHBsa2NPRzMwRDdoa3d1SHpxd0pSZ01HX1hfeEQxZVoxUTVJQXNIUXpDb2VlN21KdlNZdHpLLUZhcW4zWmkzTnFIYmtveFlmRGQ5LTVYeTU4VTU4RHdselRWd2w0U1FjMXVOV1J1ZVp5WDRUTjVneVJOV19SWTZHa0pxVWIwd1VPR0lydEhOd0VDWFExTjNRcnFIUGV1LWctaEZFRFJsZm1LYzRIQnBJTEZMRWgxMjlwemZyQThOYlRyZ2trS1Z6Y0I3NXhhTGVLTGM3VE13blBXN3pMTg?oc=5,"Portland, PGE reach deal on controversial transmission line project in Forest Park&nbsp;&nbsp;katu.com"
2026-08-14,2026-03-13,sector,Portland General,PR Newswire,Robert Hoglund nominated for election by shareholders to join the Portland General Electric board of directors - PR Newswire,https://news.google.com/rss/articles/CBMi-gFBVV95cUxOcEhMTjhBTXRSNXJnUjByX09hRFNadE9YQm1rS2VyMndDVVFNdnBDckpZd1RBT1hEWlVWeTd1ZmEtVUJFVUhubmthTXJ3aHRZWGNYaDVSNEhKNUQwTGtPRmFRSFczN1FDZ0tkMDlfZ1RNejZQdGlDdWxSTkVKUzVYY29ZWGNpdTlNeGpRbjVRdk1zVzlfWXQ3SkdxaGVScUFKVGNmQnA2amZEWGg4Q3pDWl95ZEtzbU5CQkM4N2MzUHBZTDY4dzQwQkVPYUh6RmdRU3VpT1pPMDRzSENnby1rdFB6S2NfaFdDZDN3Q2J4WHZVSlVLNE90WVN3?oc=5,Robert Hoglund nominated for election by shareholders to join the Portland General Electric board of directors&nbsp;&nbsp;PR Newswire
2026-08-14,2026-04-24,sector,Portland General,Stock Titan,"Portland General Electric boosts payout, sets July 15 dividend - Stock Titan",https://news.google.com/rss/articles/CBMikgFBVV95cUxPa3NYRmpXdE9JSjgxSkpBM2ZBTlhwUWFRRGtOek5GeFRDYjFXR05wcnlIaUFjN3pEQUExYUtCdUgwM2h1bWNNWk9mLU5Ta2lxRDNNeWtiWWFKaFpDNDJZZllMUnprU3ZrTUNTQTg0MGV0bHBKMXJHODlyZnYyeEJkb3F1eFpRVG16dDlGZG1IbF9HQQ?oc=5,"Portland General Electric boosts payout, sets July 15 dividend&nbsp;&nbsp;Stock Titan"
2026-08-14,2026-06-25,sector,Portland General,Moomoo,"Portland General Electric To Go Ex-Dividend On June 25th, 2026 With 0.55125 USD Dividend Per Share - Moomoo",https://news.google.com/rss/articles/CBMinwFBVV95cUxPUEVCdEpZRjhwcTVkR1pJVXlMUEJjcTU5aVd5a01HblJTbFRsaS1LaUNSa1VheThPSDRpWk00WUIwZnJUVEg4Zzctbm9KaDJsYmVIWjJmRDllVkdEVHdDMzZYVFJOWVI3aHNpUHhQcXZWNkFzY09KSEVnNkdpeVgzMDZ3UWNjejlybnBncTZxYm9iZXdCeWVRd05RQXl1UnM?oc=5,"Portland General Electric To Go Ex-Dividend On June 25th, 2026 With 0.55125 USD Dividend Per Share&nbsp;&nbsp;Moomoo"
2026-08-14,2026-07-07,sector,Portland General,katu.com,PGE customers to see reduced rates at the expense of data centers - katu.com,https://news.google.com/rss/articles/CBMiggJBVV95cUxOZVlCUjAxdlhObmNqYlBnRGRMT1NOcTFHcTQxWGVMWXkwdjlRQ3pFUkhDWjU2LWJQR1ZzY1hBRVVMQzRva3FrbS0xa21JODZhM1o2UEhRelMyOGlhbUpfV2xJNUh3TVFRRlNsSExSQWdKVjh6VENRREJTZmdqTVBDbkhVN2g3VTBudGIzTVFEMEx1bFVzT3BCbmF0MXpZOTRydDBiM2taVmVkemhTNjB4dGpyR2RoNW5oR3BtQUZaUWhQOHpwVkt0Y3JqdEdIQ2t1WlBNdS02RGpya2ZqNG1OWGY0c0VMTE54ZkZnLWhleVBWcl9wSkdTTkdOY1dmZnBFanc?oc=5,PGE customers to see reduced rates at the expense of data centers&nbsp;&nbsp;katu.com
2026-08-14,2026-06-20,sector,Portland General,simplywall.st,Dividend Investors: Don't Be Too Quick To Buy Portland General Electric Company (NYSE:POR) For Its Upcoming Dividend - simplywall.st,https://news.google.com/rss/articles/CBMi3AFBVV95cUxOOVlpSWF0VEx6V1BQeTV2VVNYakRFNXNfV3YycXFaaDFhZVNyVlpmS1NTN3JCV1RuQzhQZ3FCc3NWS0FDSTNHOVFVTlBCT3AxbVRxbE5ucms1dzZ4d05QQ1J6b2ZkYUdQZHBrZ0pqSXNycVozM0REOGRIekJKcFg2YUNzZ0lpQ2lON19McHFlaDdzdGFQQ2JGZHY2MExWUVBvcHA2WC1IUTJ5aWk4UkJNTXc2Z24xd0xPSHlRMEhzNUR2eDJtOFRGRk5yYzJWSTU2LWcxWnJpRVJKc0R40gHiAUFVX3lxTFA5ejg3QXdKY25mMy02MnY5dG5QZGM2ZkR4RjJ1M1dMSGQ0Z2tjME92cXBfQzRscktPUURxVHhmT1YyNWRYcUtxdjZlNmh4OW9WRnlVa0pjVkxJTW1DUVJ2RlBpOGpNUy1WSmpPNllHaFRIMUJGeEs1X0NpWmNBWlBNYjJISm1rZzVCSmdrbUhwNldEaF9obG9aRTNnR0JzcnhzQ05xd1Q3ZHg3eEdCeXRnMmhYTEhrT2x5LWtxMldSZ3AzemNuUEhjTWFQMEZ0REZWOFJSSG1GdHFlN2FnbFFtOFE?oc=5,Dividend Investors: Don't Be Too Quick To Buy Portland General Electric Company (NYSE:POR) For Its Upcoming Dividend&nbsp;&nbsp;simplywall.st
2026-08-14,2026-06-03,sector,Portland General,KGW,PGE asks to raise rates on data centers this year — and drop them for everyone else - KGW,https://news.google.com/rss/articles/CBMi8gFBVV95cUxNZDVJZDZTSnFiRkRwalVfdjdzSmtMNUZiQ2VlT1dDTnV3Q1hEZkd5cDhGUVVtdHU0aU9uSXFycVU1LVdvMW1meS12c3BaVWlleklpUDh5R0ZrSE5IdU55VlhOZ0xEcTFmRE1ucEhVeGNOU1ZRMEx0WmpmR05yeXIxS3prRXZLN2JVWXlBLVFzbHFLbkg1aWozSDI1eGRjTHRIeTU3ZEpTQ1d1cGZkR0tjMWJVaFFxYzNWTmNSMmd0ZEhFY09janBIcEFFSVpFeHZOZXBySUd1TUI4Y2FhNmtEaHBGZklVcFAxS0g1cnVybHNTUQ?oc=5,PGE asks to raise rates on data centers this year — and drop them for everyone else&nbsp;&nbsp;KGW
2026-08-14,2026-07-08,sector,Portland General,Daily Energy Insider,Oregon PUC approves new rates for Port General Electric customers - Daily Energy Insider,https://news.google.com/rss/articles/CBMirAFBVV95cUxOQmhEOVgwR0RGQzNVNy1RMV92T0pOSGszbVdtZ0tMd0xMRnJpYXNmM2JvWVU0Y24zSXB6ZTZnMVhKNTFkMlBZWjV6cmtLYXpUVV81US1aLTZfN2h1cFhiVFplUGFtTGdpWl9SYThQeEx5MDgxVmhybTRXdWdJUS1sWVUyVVp0Zlh3Q09rWXB4anp4cWsyMHgwRWtSNU04SzZ2ZzVVN2pLY3p1ZW1H?oc=5,Oregon PUC approves new rates for Port General Electric customers&nbsp;&nbsp;Daily Energy Insider
2026-08-14,2026-06-04,sector,Portland General,Statesman Journal,Power rates may go down slightly for PGE residential customers - Statesman Journal,https://news.google.com/rss/articles/CBMiswFBVV95cUxPTFE0aEFKWEVnT2pnOVZMZ2NqaXJaYzdZaEpCaFBGNkFlSlgwbGVqV2lJZFN2MFhxeTIzR0VfMjloYlRzU2V2cEsxRFVQMVp5S0pnelZWRE9ZMDJzcUNTOTY4QndyMlB1VU9KZDRpeU1iYXZaRk9PNmpsWGtPY0Q0Mk83U005enJSLW51UjVONWhiWnl5WW5HQ2MyMWJWZmV4U1cxcU1DZmkwTHM2SmwzZlBCYw?oc=5,Power rates may go down slightly for PGE residential customers&nbsp;&nbsp;Statesman Journal
2026-08-14,2026-05-21,sector,Portland General,Oregon Public Broadcasting - OPB,OPB’s First Look: Gubernatorial rematch - Oregon Public Broadcasting - OPB,https://news.google.com/rss/articles/CBMie0FVX3lxTE5mcUFRMmkyOG82eFJNMDJNVjB5alVHeTdzay01aFBadXc1ZzZEMkhuMERPNHJDd2hWSG9UNXJCSmJydmxlRmZaZUVadlJVaWIzUEJTVURncGRwUWV3WXRuUS1mVUhMRGxJM29zRk92dG41UTBEeUFzN2hlSQ?oc=5,OPB’s First Look: Gubernatorial rematch&nbsp;&nbsp;Oregon Public Broadcasting - OPB
2026-08-14,2026-07-07,sector,Portland General,KGW,PGE customers will see lower power bills as Oregon targets data center costs - KGW,https://news.google.com/rss/articles/CBMi4AFBVV95cUxQZzZfaURQWGZSaGRYbWF3Mm5QWUl4OV9zQms0ZE5ZTTlPSFFMN21wQmc5MHlnTHNsdldobE05b1dyc01KVTNOdTBYVGM5TFJkbXNwN2ppcWk1XzhXRkFveG16LV9sRzFvQ2RhLVN5Y25nbVNWRGYyMktyNkxFUFJyVEE5TDhxdmlGTGFEblBORHAzOFIzX0FxTVVmUUJYYXpmT096bTdJWWsyQm04NzQtc1pKVWZoSkxqZHNLQVlBTHNyQjhSM3gtT2x1Qmx1ekd0UUpnbTdXS2ZNcGNaVkVTWg?oc=5,PGE customers will see lower power bills as Oregon targets data center costs&nbsp;&nbsp;KGW
2026-08-14,2026-02-17,sector,Portland General,PR Newswire,"Portland General Electric announces acquisition of Washington state utility operations and select assets from PacifiCorp, 2025 financial results and initiates 2026 earnings guidance - PR Newswire",https://news.google.com/rss/articles/CBMi1wJBVV95cUxNNVRyY1RkYlNVWERCUlFvYzlDV2VZY1FmenhGWjNWZ2R1cml4SmlmM1ZYOE51ZG1BNE1CUnpaZkFWdmpTNHpDTjNXRzUtNkpZOGNDcjZ2LTFPMGNzekkyWUpvTUM5YVYwRlo0TGM3S3BRbGxNYy1wZnpkeFRWWW1RbEgtMGdJT19YMVQtaGNNeE9QbHlIb1VoWnBPLXd6WXFrdXd1bVBZQURTWFN5a21icHBqTUp1ZFJwak9nWTBNdlZaM2FZQVZpQ3BQRWtXS3NyS0Fmb2tDZFNTRHNTcXZCNG5jY2owd0VTMGRxOEZVbGdQLUhEdXhvSXZmYTZ6a3pNRnkzN0RBQktET2llQmJtNmZNdEZnYS1CRlJnQmFhZ2wyOWNHS3NWeWNVZ0c2T1JKLVFxbWZJUnZUUW5ydEtEYUc3ODZYbzk1bnFYRl9qYjF2bGRFV2Rz?oc=5,"Portland General Electric announces acquisition of Washington state utility operations and select assets from PacifiCorp, 2025 financial results and initiates 2026 earnings guidance&nbsp;&nbsp;PR Newswire"
2026-08-14,2026-05-01,sector,Portland General,quiverquant.com,PORTLAND GENERAL ELECTRIC ($POR) Releases Q1 2026 Earnings - quiverquant.com,https://news.google.com/rss/articles/CBMingFBVV95cUxPZ21JRVVFVFVjMm9RNlJXWGxmT0owSk1SaEdnbXBkblNXNGdJeXJzczEwZkxoc05sQU1KQ1pzcjhrSm9tWEpfc1I4ZFg1YUphMmtzSVNuYUlpcEdwRm1jRllnUmtQOXRuLUxkOXdVZWdoUjM0TDNVWUh4dG9oLVBnRXo3TF9rSlVNQS1mN1hSenQtN2ppOVdUMk55SWgzQQ?oc=5,PORTLAND GENERAL ELECTRIC ($POR) Releases Q1 2026 Earnings&nbsp;&nbsp;quiverquant.com
2026-08-14,2026-06-23,sector,Portland General,KGW,Tree knocks out power to thousands of Portland General Customers in Southeast Portland - KGW,https://news.google.com/rss/articles/CBMi9wFBVV95cUxPLWZ1aFNLSlRDUThUWTd1QS1lQjlNeTNBVXpXeG5EUUFUbzJvVV84U3hmQzAtZzBtM2txbE9jRGQ3TThzOFdhalI5Y0lXOUV0VzBjUFUxdFlhSVpDZ1c2QkVBRVFoQU1DRklhNTJGdThNcVlPaURaWXZSNkwtYmNNM1U4XzQtNEs0MkxaZm1jOGRsQUg4Wl9odGN3ZkRKN1ltRkJxSkVtbTlxMVQ4TjFSdVVzQTVHWGxRTHhobzhod0NsVGNNTXo0alRKYTdzYVlENVJhZEQwWlgtbDJpNHM0NHV3blpDZzdXSVZxNUJNeXVJWWl3YkFv?oc=5,Tree knocks out power to thousands of Portland General Customers in Southeast Portland&nbsp;&nbsp;KGW
2026-08-14,2026-06-04,sector,Portland General,The Business Journals,"PGE proposes massive data center rate hike, cuts for residential, commercial customers - The Business Journals",https://news.google.com/rss/articles/CBMikAFBVV95cUxPTXN6elIzei1VSGw3WWZ1eVp1cmN1TUVFWF9Ba3NSWkRLYVk0ZEdaVnhoVTE3UXZXMXZEeEtNUnRTRmRMVFVwdXUtYk92X0tCRHRNOE12SkZuTUFTY29ydnBVYWJLcDdiTHpfdXFNWGhIcTVCNkp4YVNfeVBacUJKWkZveWdVeFh6NFdzaW5rWUM?oc=5,"PGE proposes massive data center rate hike, cuts for residential, commercial customers&nbsp;&nbsp;The Business Journals"
2026-08-14,2026-03-05,sector,Portland General,AppleValleyNewsNow.com,PacifiCorp begins sale of Washington operations to Portland General Electric Company - AppleValleyNewsNow.com,https://news.google.com/rss/articles/CBMihAJBVV95cUxPeWhxNFZEZ1dLWVpYaGhDb3pqTnFINjVYaU9uQXlOVFpINHRJb3E2ZEF6TGFpVEhWa09iQjdKcndZVE50SV9nUGlKc1BTbTF0YW4tbzNpVGhxRGdnVkZ1UzJTNnBuZEloZmc3VnBjYmpqMk9IbU8xaVFfWjJqOVFCTmJZZHFxZ3lrRklzbXcxXzZCSWpLR2lKX1MxTnZpamRRaVFFTWRrTG05YzVLQ2RiVFRGYzZWS0xmSngwQkI1LVlIN0RvSVBQanAyR0IyQUhURk5xOEY3QkQ1UkE3OGxHMzJnakNmR2E3Z05aLWg4UjgzUXdnc2NWeV9PUFZGSkRsY21GUg?oc=5,PacifiCorp begins sale of Washington operations to Portland General Electric Company&nbsp;&nbsp;AppleValleyNewsNow.com
2026-08-14,2026-06-23,sector,Portland General,KGW,"Tree downed power line, leaving thousands in Southeast Portland without power - KGW",https://news.google.com/rss/articles/CBMi5AFBVV95cUxPSWNGb2o1TW5wNDMyMWNUS2dnanZiREc3RVNhWm5oTllCamh3ZHdCUGJYdUFsNzVaTTZJaGFvZlBQOEZlV0FMSG9FVGJUM3dFYm5UNWRNaGNTS1gyOVVZQXJYeEVwR0VOR1NzdUROaFdSTUxEOWtnN2stUzk3QXhzVXh5MWowMTRTTUFRVUJ3V3A1aWlVekFqeUd3SWlDNHA3eVFTRWVnMlJ6cWJsV3Etc2l0UUQzNFlBNTZoeHY3a1pWWkRzbHNhcl9HeXk0QUZPaXhSVUx1SGY3eVNBYWExblBsZ1o?oc=5,"Tree downed power line, leaving thousands in Southeast Portland without power&nbsp;&nbsp;KGW"
2026-08-14,2026-03-06,sector,Portland General,PV Tech,Portland General Electric finalises agreements for 1GW renewables and BESS - PV Tech,https://news.google.com/rss/articles/CBMioAFBVV95cUxOVlVWdGtSckJuZFJkQkFBZ0xLVWZnUThpcFlFXy1kMVlnVlVRVzFaeG8ycHZXVTlWOEJUeTJ5ckUyRWx1SzRQaXQwOW5zRC1mUDZYeC02YUx2Vm9UeFl2cW9WbzRrODVIXzFUdzJOblh4TEU3S2ZQSDVQMk1HUG5uOHFFRWt1SEhKQVcycUxXY1pqbjBuczJmX1VQTUwwcnc4?oc=5,Portland General Electric finalises agreements for 1GW renewables and BESS&nbsp;&nbsp;PV Tech
2026-08-14,2026-03-19,sector,Portland General,The Business Journals,"With cap looming, PGE emissions reductions stalled in 2025 - The Business Journals",https://news.google.com/rss/articles/CBMikAFBVV95cUxNYTdFdFdwSFAwZ3ZXaEhrX19sb2hCdFdIejA5LVFSVG9sVUE2T2NGWUVBZFMwYWluSFlqUTNtR3hYeEI4Mlk3OGJGOUt4NTNHejA3dmdYaExQcXlsN2FwTFlOVW5EZTFiek1LdkdwNU5tZlJZTjZxS0tmX2Z6a1ZDZVRUd3NJU21fNXRmdjh0NDg?oc=5,"With cap looming, PGE emissions reductions stalled in 2025&nbsp;&nbsp;The Business Journals"
2026-08-14,2026-05-08,sector,Portland General,KGW,Oregon data centers now have to pay full costs of expanding the power grid to meet their needs - KGW,https://news.google.com/rss/articles/CBMi5AFBVV95cUxPWXlQZDFEN0dmR3B5U1ZTMk96VnVGeU9zNVdjaTBiTkgxTUdlSjlBSXhONFd6Z19LM0l4SDUxSmdvZlpUQjd3cFc1TVhrTTh0WEhyNTUzcHpnZUlBNWZTbUtGdEVjblZHRHZCNFYxcGw3bU9jaF9JYWdGbmx1aHVBLThVWGxDXzJ4UDlvWmU1RFNBYW5sUTE5QlJoNWtxNm1QQVJ0ZVpMU1U5elNPV0hxUGJtYTZDNjR2eDlLTWVCdHoyUW0tSUpmd0NZek41VzRDTzc5cFZIcEVjdm9jYmY3Qld2d3g?oc=5,Oregon data centers now have to pay full costs of expanding the power grid to meet their needs&nbsp;&nbsp;KGW
2026-08-14,2026-03-04,sector,Portland General,Daily Energy Insider,"Portland General Electric finalizes agreements for 1,000 MW of clean energy, battery storage - Daily Energy Insider",https://news.google.com/rss/articles/CBMizgFBVV95cUxOSFljSG1HTU5UcFVURTM4bU5ONHBITEV1OExGSzdvYXNST0Rfbm02dTg5ZWt1Zm5vWGo1MjBoVEk4X1hOLTlOblpPNDhvUXJqOF9DRkg2Zkl2SUNXUXU4TURleVh4VENyRldRLVJHZXYwNDNWUUR6TGN2VW1Vd2hOYjN1SWV4NF9ialFVcWpTM0dLX1FDeklBbm43Q05MZEI2OHlaaUI1bkRjTUVuT0d2cS1XemxEMzJWRGFBOTR5cDNNSjVqcEVaOVZ2N1JNdw?oc=5,"Portland General Electric finalizes agreements for 1,000 MW of clean energy, battery storage&nbsp;&nbsp;Daily Energy Insider"
2026-08-14,2026-05-18,sector,Portland General,katu.com,Authorities identify contractor killed in workplace accident at River Mill Dam - katu.com,https://news.google.com/rss/articles/CBMimAJBVV95cUxPdmxwVlQ1MUh5TEJKRzFlekJKSDdpRVhyNWlGRElfRnN5d0owTkFGTWxkQlFaSUdnV09xZllnRFo0dW9FZEZkZ0JzTXp2bkRUc0I2ejM0WFRoQ1ZEbmN1ZUVsNmtiZU96YzFNMXpoUnk1RG9lLUktVldHaVc2SVJVM1diX19qRW9Tako4ZXU1RWNTcGRrZF9yRUZRejRPX1o1eVRBZW45VS1lcThSUmZFb3N4M1c0VUJWdFZFRWRBenFGemFSWnZ4MFZnb1BhaWJMV3NwcEVMMHc5ZmtVMnhZVm1wSXdFZ25TOTc0Sk43TWVlR3dpdmk0cjhCYjRwSG1TemdJUUhhMjZER2NfMFZ3Y2NKRFFCR2cy?oc=5,Authorities identify contractor killed in workplace accident at River Mill Dam&nbsp;&nbsp;katu.com
2026-08-14,2026-03-24,sector,Portland General,TradingView,"Portland General Electric Co - Pge Enters Unsecured Credit Agreement On March 23, 2026 - SEC Filing - TradingView",https://news.google.com/rss/articles/CBMi9wFBVV95cUxOb1NQNW5WbVZqSzRnMVU1YTR3VjA4eGhIMUc3Z2xzbkthcTFlVXNFOVRuVTF4dnBjU3FXdG1RblE5V1p6N0w0ZV83amx6YlVZRS0wYllPOWZUV0lLZ3c0ZGVHMjJESDJTWUt2Mnp0ODZseGtyVE1HbUZ3REljbzhfSVVFMTBXdlNUUjVqdEpEdHRzZEU1TzlqbVlVbHZOYng5a3BsWUhZNFRaRXJtVmNyYTF4dGROVTJQX3RaZkhpaHo5Z2RaWnJ0d0xicXN1WXpCcW5CRHBQNURWWDN0RVZ2SDhTWHltLUVIaUVJbDFtbGVEZ2Rxa0Zn?oc=5,"Portland General Electric Co - Pge Enters Unsecured Credit Agreement On March 23, 2026 - SEC Filing&nbsp;&nbsp;TradingView"
2026-08-14,2026-04-11,sector,Portland General,KGW,"Power goes out for more than 12,000 PGE customers in Southwest Portland - KGW",https://news.google.com/rss/articles/CBMixwFBVV95cUxQZFppcnYtdFgwN1lUWHdLYjBzUGpLR2VpRGwxS0t6NGljSTRwczdHc2FUd3A1Vi10QklYdkEtcVRtWTBIVFdCR1hHbm11eEVnRDRTRHA1RVY3QjZ0NVk4QzFYRHd6cGRZTHJYVHp6bTZOQ3l3MUNNbDEwcUFaRGluTGhNZ2NQYTFpM1lWZjdfTWNnUHpoR1pHdFJSSXhYRjU5a3dobGJtY1ZLb2Q1dUxuVU9VR0IzSDV0amhjQ2E0TlFmbFFiQ0dZ?oc=5,"Power goes out for more than 12,000 PGE customers in Southwest Portland&nbsp;&nbsp;KGW"
2026-08-14,2026-03-03,sector,Portland General,Energy-Storage.News,Utility Portland General Electric finalises agreements for 1GW renewables and BESS - Energy-Storage.News,https://news.google.com/rss/articles/CBMitgFBVV95cUxOYTVLRHB4NDh2RWpoc0JKdElSeUZPZ0V3SjFSenpoaGFsVVgwM09zU1FMTGNJQ3NsNXFlNmE5QTdkdUd2dkR1ZWtBZjVFWUlwakFUcDRmM1dqcC0wbXNiLXA5dmZlNzNQUjYtZFpXb25yNWxZaHJOSGhJYVhmQ0JtZVMyVUhneGdyREkxY1ZFMlBvYkZ3ZEVfNGwtbVFKQWR3ZFgzV2FnY1JUcFI3N29DRGpMZk1Kdw?oc=5,Utility Portland General Electric finalises agreements for 1GW renewables and BESS&nbsp;&nbsp;Energy-Storage.News
2026-08-14,2026-02-17,sector,Portland General,PR Newswire,"Portland General Electric Company Announces Pricing of a Public Offering of 9,467,455 Shares of Common Stock - PR Newswire",https://news.google.com/rss/articles/CBMi9wFBVV95cUxQOFdXWkJzYThEdWZ0Z0VFZ1Y4M21xallsbDNJMWQzUnN6REcwN2dDREFJRTlqYmh1UDdnbnVHVnEwaGRVQ1Q0TE5UQnhaeWhpTTlndVdFejhZcm96a0FfQWFUTHNtb05TY0tkSnh6c0paRF9pNEdLcVFxLXVnRXBFdjcwTTNURVNUZDU5RVZEdzVkb2hMNk5aQ2FwVkNBM1Azb0k3UGlxalo5TUpUTFVYUVlLek1abGhyZ3RJQkhMWUFhWm9hREZNeTRZY3pWclFpVnI1SzliQ3BJR2swaU9xUTRZVEFXNVZhU3lEaTRGM1g5Nmt2SHpR?oc=5,"Portland General Electric Company Announces Pricing of a Public Offering of 9,467,455 Shares of Common Stock&nbsp;&nbsp;PR Newswire"
2026-08-14,2026-02-17,sector,Portland General,PR Newswire,"Portland General Electric Company Announces Public Offering of $480,000,000 of Shares of Common Stock - PR Newswire",https://news.google.com/rss/articles/CBMi7AFBVV95cUxPQklNd3dTZE5EN1p2YUZPd2hOMk9LMmNDT3N4MHR1akFwV3NuYUZFd2FhNHVBOGpqMzQ3TzFyd1BMRWVqVVpmMzNTT1djYl9VdkMzdkQtWmc4Y0lic29LNDkzTlB1VzNIdWlxODdwOVlMNTBPS3QwMWttZjhZdmhaMUQ5M2hxWTdoYlNhZHVWMWtqOGZ4UmxIZ0JzeFcxUU03RHZHblZISDF5WjIyWWRPMmkxTTA1Qkx1SW10MTdQSzFjby1Fb1dtZ1J4bE8xeGd0NjNya1pJYkExSTM2aGVGT1VnUWFrZ2tCNW00VA?oc=5,"Portland General Electric Company Announces Public Offering of $480,000,000 of Shares of Common Stock&nbsp;&nbsp;PR Newswire"
2026-08-14,2026-04-17,sector,Portland General,The Business Journals,PGE buys portion of Tualatin business park for $14.5M - The Business Journals,https://news.google.com/rss/articles/CBMipgFBVV95cUxQRTZZX2FGaEVSSmZJa181eGdoOWs3cERqX09zWjFoN0d2b1J4QVlPY3NSMnQxbEYwMHd3Mi1kSW5Xbmc0VG45SXNIdzB1R29rSzdGVEtweHc3RXFsZC1iazVPbDJyTU9HaDBxYlNaZXROdXBxSndwSm1RM2R6R2lhb0dyU0VoU2cxalZEajdrUFN5SXNEWmVGdkoyYjZhRTBqeHVENnVB?oc=5,PGE buys portion of Tualatin business park for $14.5M&nbsp;&nbsp;The Business Journals
2026-08-14,2026-04-21,sector,Portland General,Investing.com,BofA cuts Portland General Electric stock price target on earnings outlook - Investing.com,https://news.google.com/rss/articles/CBMizwFBVV95cUxPdEFjNVdyblgtaDc5R2psR0xEd3hpQTJ4eHRxR2lGTzFDdDgyOWxOTWdSaWRBZEQ3UlpXM0VMeFkydFlSTVBlZFhVRVJuYjdxME1VX1Z0UExBbW9GZFBvLU9ianlSRG0zVi1tY0p4ZFNFZDBuX2IxOWxJQUNTSnYwbnh4NW9pQ3Z5cF8tbTlxcEU3eXhQNU90MlZGUDR4SVJOYVVKSGJvMElRZ1NrSk1JbFozTkc4ZGdScWNkVjFKLWl3M3FNVzV3MUc5Q1d4c1k?oc=5,BofA cuts Portland General Electric stock price target on earnings outlook&nbsp;&nbsp;Investing.com
2026-08-14,2026-05-14,sector,Portland General,katu.com,"Contractor dead, PGE employee injured in workplace accident at Clackamas County dam - katu.com",https://news.google.com/rss/articles/CBMivgFBVV95cUxQa1VUMWcwTXFEdnZ5dXpuUkZ0Rk5zT3BmaUFlZmpTVjA0QllXajNsY2JWamZ1NEF2SUg1NWlsMUltOW5KeTVYNFRNclFoS0toVEEtVWU3UWN5QlVWdm1PRHZJUzktOVNIaXZ1YlpiWFdod1pfUUFVbTJkNFhVSjBzN1hCek5udlZxTHA1VEhPTGZXN2lSdzBWVGNxN29lNEJZTU9tUzZXUFlDRkxUSGR4di1DeENMSXhYLU5IaW5B?oc=5,"Contractor dead, PGE employee injured in workplace accident at Clackamas County dam&nbsp;&nbsp;katu.com"
2026-08-14,2026-04-23,sector,Portland General,katu.com,"Sun-tracking solar and batteries power Sherwood farm and store, sending energy to grid - katu.com",https://news.google.com/rss/articles/CBMi-AFBVV95cUxQLWlZQ3NEekVGME5CMG53Wms4bUFUY1A2UFJ4cVNRLUpkbDRBVXZSN1FwclpuQkJVXzBTWm45RU1mUU5rSXllSVhYM0tfcnFfZXlPVU12ZzFsWGxyb0JuaVJ5dzhWLWI3YzljakVUazRJWlVwSFNRazU2QUpRenV6WTVLSGcyTlRYRVZocGRoRVlnTHdza2FtWmZVZ1JEenhLU3U2cVhzSGU1TzB2dU9QaGpvWHZ5VzFaNXNqbkE5bk1scTdpREYzY3I1cEdQTkpxenRSMnZXXzlVdEQyUTh1QVRmQWp5X1hqWlNkT3RNWFVpMkxNdEllRQ?oc=5,"Sun-tracking solar and batteries power Sherwood farm and store, sending energy to grid&nbsp;&nbsp;katu.com"
2026-08-14,2026-02-17,sector,Portland General,Latham & Watkins LLP,Latham Advises Portland General Electric on US$1.9 Billion Acquisition of PacifiCorp's Washington State Operations - Latham & Watkins LLP,https://news.google.com/rss/articles/CBMizAFBVV95cUxNeHhTVk9VM1IwQmU2SHNxSlNfU0VHNjRsOXlvejdLUmZIRURvdlJwYzdPMW1SUndJS0RTbDh0UncydUNHT09GMk4xaWw3U1JYbS13QzFIRFFkQzdvM0VDZXBhWEVOT003ekplUlZJc2tDNlJHQ045UU1kQ3c2aS1sMzcwWlNnWWFFeGkxdDlJVUdRbUN0dDJXQ3dnOTNtdVgzNUZPLUdNUFUxUnpHS2FwWW5QRWotOF9fWGFvdzdwdnpnQWQ0TDdEektVbGo?oc=5,Latham Advises Portland General Electric on US$1.9 Billion Acquisition of PacifiCorp's Washington State Operations&nbsp;&nbsp;Latham & Watkins LLP
2026-08-14,2026-04-15,sector,Portland General,KOIN.com,Thousands without power in Portland’s Goose Hollow early Wednesday - KOIN.com,https://news.google.com/rss/articles/CBMiiAFBVV95cUxQa2Rub2lzYl9XTmVxOGRIOHZtTFp4M283dHFJc3BUWnowX05OTFZlWlBKRWtSRC1NUGlMV3RxM1ZwR1BiMWFfbXhMSDFkVThjUFU5ekVreUlmaHkwLWRzSTV6bXBIV0xXbXpUa3hoZGwzaHp1OTJBLWU0dlk0dHkyaG5JOE5jVHBz0gGOAUFVX3lxTFBBdVZSWWpWSWRpaEJicjRkSWx3d2RXY3gwMFBfdHNTVnpHYW1ET0Y4eDhJbUNOeEZMaDJjdVY1ZVAzckgzMWMwLTJGSXNxNHZxR2RUOWhXSTQycURXYUdEYmZhZmZvSFpDMkZydHRPNU84Qm1NM293T3lGVHNqb2ZQNTBuNVdmc2JVa2toMUE?oc=5,Thousands without power in Portland’s Goose Hollow early Wednesday&nbsp;&nbsp;KOIN.com
2026-08-14,2026-05-15,sector,Portland General,OregonLive.com,"Contractor killed, PGE worker injured in accident at historic River Mill Dam in Clackamas County - OregonLive.com",https://news.google.com/rss/articles/CBMi5gFBVV95cUxOdW5hcFphZzhPZnJUSU9Hd00yN1Y1RUsyVjduaTRTak02VThhZjRJTlIxRjRIRmRDYzRwWDh2U0Zld0Rkb1dfdjM5R25FanFqdWxjZHVFb2JzQ3B3a2xUakxqaGZjNVpYN3k2eXFWVlUxRzdQN1RycHcyeVliTnFqa1hacGluUTU2c1pHY0VsN3dudU1OZUpIckd2c1VXQUJuajk3YlhReHhBdExzczcyZl85cldVdG5Lb2lhWUJhODloZFhmNE9HOTl1Q3dZaE5PalZLZVNHTmcwZGFkM2Q0RXdwX3kydw?oc=5,"Contractor killed, PGE worker injured in accident at historic River Mill Dam in Clackamas County&nbsp;&nbsp;OregonLive.com"
2026-08-14,2026-03-12,sector,Portland General,katu.com,"PGE pulls nearly 800 usable logs from North Fork Reservoir, to be donated for restoration - katu.com",https://news.google.com/rss/articles/CBMi-gFBVV95cUxOcFFNOHAzMHlqaS1XTk9JRXE5dHFySnU4aVp5RGFhYTBMbWV1bW94R3FhLTJQUFBCbHdQcmx0aXp2Y0loN3lDSVhQcGdYeXQwUzVZdWoxNzBUbG5lcDY0aTBQeEVsOWk4dVQ5NnhfbkNwOXNCNUZZdXlhUVQ1TzFtektrWFREMTRubGsydUtrSXhzZkhEdlJHdmJrTC1abWxXTXNWMnVySjVSb1BQN0JGcmZiXzZpd2d3TVljZ09oOFZYRHY4ODZ0TXlKY0pFa19heUxQWW1zWm03SDBNWEZhSFZIc2JlbzJOU2tqd2xPbkpoem1EYlJXc1ln?oc=5,"PGE pulls nearly 800 usable logs from North Fork Reservoir, to be donated for restoration&nbsp;&nbsp;katu.com"
2026-08-14,2026-04-15,sector,Portland General,KGW,"Power outages leave parts of Portland in the dark, traffic chaos Wednesday morning - KGW",https://news.google.com/rss/articles/CBMixwFBVV95cUxPY0pIdTZrcUV3YjV6enlEUVliRGE1c29Vd0tEWlEzQU00WFU2SHZpVFdTR185R2xzWkVkNzZ3RHNYNmg1ZlBqS3JTLU1nNzNIUjVVU252TWVCdklGcWUtUUF5ZmYteE9fM1ViaVNKOGV5eE5EbHFlSU9sdWlveDcxYk13S0h0aDk4RWJ0Ym4zck8xQ05vM0RieG9TZkZvSGVnU2dlamVSbGNNT2xDZ1REaWZoQVNUZTZWbVJLMHl1VWxyUWhXcU9v?oc=5,"Power outages leave parts of Portland in the dark, traffic chaos Wednesday morning&nbsp;&nbsp;KGW"
2026-08-14,2026-03-03,sector,Portland General,The Business Journals,How global asset managers dominate Oregon's utility sector - The Business Journals,https://news.google.com/rss/articles/CBMiogFBVV95cUxPLTF0VFlRUWRzRXJXT3hfMzBKcmthMmxXdVozaWMzWXJiSjQ5WlJ6R21rejVRaTZzemdqWlg5OWEtdW9neW5Ta05BWFpZUE9UdmZlSzFGNE9Mb1dRWksyVktvbC05c3dkenJHOU9zUnJvcjlIMnZDdlBqTlNtSUwtZXRTVVZuSFRBTzVaSFBZVnctaE5FLVFQMHR0OUp4YzlNcWc?oc=5,How global asset managers dominate Oregon's utility sector&nbsp;&nbsp;The Business Journals
2026-08-14,2026-06-12,sector,Avangrid,Utility Dive,"Connecticut AG, agencies ask FERC to cut Eversource, Avangrid RTO adder - Utility Dive",https://news.google.com/rss/articles/CBMingFBVV95cUxQY0hkbFk4OG1XbUZUel9rRnBBa0dZTndlczNHTV9oZUVTb3o4SEZXd29UaUp2M0hPenNZQ2wzNXFRaVVRWER6S3RuVkJjai0tczcyaUxwWFRNaE9rVjNibXloMExPZlotNzJiMHNZSE1mOFhZeUNWZ3piRnAzc1g3LU55QmlQemxsbUdNMFFPNm9zRkhja0czak9BMl9Odw?oc=5,"Connecticut AG, agencies ask FERC to cut Eversource, Avangrid RTO adder&nbsp;&nbsp;Utility Dive"
2026-08-14,2026-06-30,sector,Avangrid,Energy-Storage.News,Avangrid to build 82MWh Oregon BESS project - Energy-Storage.News,https://news.google.com/rss/articles/CBMiggFBVV95cUxPM3p6X1lqVnc4S0J3dzVjaTR4YUtucXRuWXdTN1Z5WEhBT29XWlBZamprOXVYSmZkX1Z4eGtEVjdzVzZfVkM5YmNjcEFTRjFNWnJyZWt4NUhHOWxZUXNYdEVxMmZkc2paMDlPdzRkWTF1WVdvcmhyUjZ4NGNmcjV4Ri1R?oc=5,Avangrid to build 82MWh Oregon BESS project&nbsp;&nbsp;Energy-Storage.News
2026-08-14,2026-07-05,sector,Avangrid,Hartford Courant,Utilities target CT to collect payments from customers. Action took ‘chutzpah’ and ‘greed’: lawmaker - Hartford Courant,https://news.google.com/rss/articles/CBMiygFBVV95cUxOLVlYS3kwTUV4UkdoT050S2NjNGFKbVBOXzEzOXpaLVg0X0l4dWF3Mnp0a0I3b041aFhLM1Q0WnlrZm5pSlZmQ1dLRDVLWUl4QS01aTRFakY1MTk4S05aWm8wUE83SnJFSm85ZVl0cUw2TXpPMW04M1JqTVNtcHZadHhVV0MzNFg4SkR1eHJTLVFVWmdwbVVVYUd0UzJwN0dEaGd4eWlreTFxSGJCUWtvVFczQXYwdnNsa3FWSGZRUFFzbnpQMjlfZENn?oc=5,Utilities target CT to collect payments from customers. Action took ‘chutzpah’ and ‘greed’: lawmaker&nbsp;&nbsp;Hartford Courant
2026-08-14,2026-04-21,sector,Avangrid,Utility Dive,New England states urge FERC to advance $1.5B in ratepayer refunds - Utility Dive,https://news.google.com/rss/articles/CBMiowFBVV95cUxQR21jV0hMbUR5cEd4MmplWjhINU1vWGVBaWhxR2lDbTdzVlFjWm4taWkxNnBLdk5GVHBQaTNGWjYzZGRHSWwtbnJzVDRJTmd5NnU2U3JRTTdFTnROU0FUQmY0cjVqdWZGN2hUdWMtLVlqRzN2S0ZhV19GVndaalBsT2FBMnBjWUIxR2U3VDNKQnpYNXJUWkhPaV9lbkdxYVlWcXQ4?oc=5,New England states urge FERC to advance $1.5B in ratepayer refunds&nbsp;&nbsp;Utility Dive
2026-08-14,2026-02-25,sector,Avangrid,Business Wire,Avangrid Utilities Demonstrate Strong Preparedness and Response During Blizzard - Business Wire,https://news.google.com/rss/articles/CBMi0gFBVV95cUxNNnhEMV9ZMGttRzY4NEE1VzVVSjR4bUhqQjRkdjl4aTJFOXk4MURTYlpwbzFUNXp5XzRQTHZqQkNqNnpfRGpjQU9qMEk5M19SYnV1MUliMVZzdm9GZmt5YlBZTFd4bWZfYV90UDhUVmJnOWpaVlMybnByYlZPaEJ4ZUp4NmQycDFzRFBkVVFtTGlYdXJqN3NRY29pSVFKaGpiRUVJUk9PcmhXTGRVSjB5Q2pPS3I2MWJMMkl6SzFxZnVxelNZeFRjOE9DV2RmMEZsM0E?oc=5,Avangrid Utilities Demonstrate Strong Preparedness and Response During Blizzard&nbsp;&nbsp;Business Wire
2026-08-14,2025-09-03,sector,Avangrid,CT News Junkie,CT Senate President Wants PURA Review Of Avangrid Retiree ‘Betrayal’ - CT News Junkie,https://news.google.com/rss/articles/CBMipgFBVV95cUxOMHVRRmhzdWtkVnE5bnRfUjJYekdTb3J5ajc4eTljeElQenNpeWtVX1RlUGN4UGFXcjBxTkxQVmRLOGdMMjdCZjlvYnZXU3VLTkZhUU1UN1pqZEMyY2hwVENuWjFJRzd4U0dDTGc2am9Ja3hMWEVlc29zUkN4dWdGdWVoQWpKUHpSWGRncEVKYW1USHduVmEwSmhFd2N6NDJEZHM5S3p3?oc=5,CT Senate President Wants PURA Review Of Avangrid Retiree ‘Betrayal’&nbsp;&nbsp;CT News Junkie
2026-08-14,2026-01-15,sector,Avangrid,Business Wire,Avangrid Invests $7 Million in American-Made Transformers - Business Wire,https://news.google.com/rss/articles/CBMitwFBVV95cUxPYWY2U0h1VVBkNkpSZVpMN2FyOV9uRFZ4TmZhMHd4dGgtWDZ5WXhwdmxldGJ2SzVuZzJPTXFmSUVQRU5DODZIU2FQZWo5RHpjTW9meTRYODRJeDZXa0VfSXE1bUhaelZId1VMUjREbVJQeTBGWVhaYzlQVDNScGV2cGx2TnFfcVhZTVVPUU5odzNtbkZnVjYxYmlVUUJDV2txSlI5UjZwcjJfZG5tdUNETUdHWjJGMDQ?oc=5,Avangrid Invests $7 Million in American-Made Transformers&nbsp;&nbsp;Business Wire
2026-08-14,2026-05-15,sector,Avangrid,Utility Dive,FERC declines to stay $1.5B in refunds New England transmission owners owe to customers - Utility Dive,https://news.google.com/rss/articles/CBMipgFBVV95cUxQTWhMUEh5eXNhTHZHX19MNVJ6cFlzMktOcUpJYkNHNlA1N3llOEJiTHBISW1jdnhkdFAxUzVnS2haSGk5STNYM09Zc3hGMkpJUU4yNHlGdGxLXy1qODFSdjBjcUplRVEweVJmcXRPNjcyUHBKUFl5NDZLZTZ0TldYd0ptWXVHTmM0cjA3S05lMk5kVkFydEZWUzhFd0dBRUhHNkt1NVh3?oc=5,FERC declines to stay $1.5B in refunds New England transmission owners owe to customers&nbsp;&nbsp;Utility Dive
2026-08-14,2026-01-09,sector,Avangrid,Hartford Courant,CT agency finds utility could not prevent tragic fatal accident but had ‘mistakes’ in response - Hartford Courant,https://news.google.com/rss/articles/CBMixgFBVV95cUxNdUNjTkNJZmRrajBPdzhGRXUtY2dkUmZJTzIwWFZvanBJcEhibmlvSW1KaTVudkhMdUlOOEVJODFhakdGVWt6UnAxZFZGd2E3aDlQM2Y3aXAxNDFOQ0E4SVJKeHRNdFphMGZiZm94aDd0bXlaR3lmMS1vcU5STkFYbzgxbVBpSEJOUmRPNVpqNmpzTUpWaEtEZm1NcFlNRXowU1dpVVZJdklPdkNESHNNRmNGWlM1NDZNVzBfa3JFV3BhY0ZEMEE?oc=5,CT agency finds utility could not prevent tragic fatal accident but had ‘mistakes’ in response&nbsp;&nbsp;Hartford Courant
2026-08-14,2025-08-21,sector,Avangrid,Capital Press,Spanish utility pauses solar project in Washington as political winds change - Capital Press,https://news.google.com/rss/articles/CBMiswFBVV95cUxOV1ZCbzZMaXhicWVPMUFibFZ6UmZfdjdYQ0t6d0YzdWhnR2txSDdQLW1sbDhDZ3cwZkMyNUJHUjJZX29MM0gxaS1EbDMzcm1XeWdLTE9UUTljLXV0MUM2SXhJMjhMbnlaUlhzcWZDM1U2VVc5OVlPZ2IxRVpzYUkzWEkzSnIxNVBOSUx1eGYya1d5WXVyOFBFczdVa2RVZmpOSUppdzBJTXd0ZlVQN2M1VGFlYw?oc=5,Spanish utility pauses solar project in Washington as political winds change&nbsp;&nbsp;Capital Press
2026-08-14,2026-05-26,sector,Avangrid,Tacoma Daily Index,Washington’s largest utility moves to add more wind power - Tacoma Daily Index,https://news.google.com/rss/articles/CBMiowFBVV95cUxQMndSVkFOVFJLRkp6MTh6LUNVNll5YkJpeFJzaE1FWTFrMWl3QXhoLUJiSHNmNG9hQWljZWRvZllIQWlwS1V4WnozVzlJQ3lUTDc4YWRieWwtckdLOXFobFdMbXFKclY5bXQ3cnhiTlo2Z1Q5d3A3SzZROU1ZOTdkYWNvaWYzeTlxcmxBaGdxdjM2dUlEUFVRMXZrNmJCY3pFRko4?oc=5,Washington’s largest utility moves to add more wind power&nbsp;&nbsp;Tacoma Daily Index
2026-08-14,2026-01-16,sector,Avangrid,WBUR,"A decade in the making, clean energy power line for Mass. is up and running - WBUR",https://news.google.com/rss/articles/CBMiwAFBVV95cUxNaU1TNGZleHdsMXRQWFlQWFdXRlJnRGE0WFhZMEt5YU93LU8yMkNxTm9XVVRPZ2x0UUQ1ejJVME56M2VDem5kcExtWkJnZDV5UDZ5UDF1OUNjTXFFakQ4MnNBckJmSHAyRmNYSkotRmFaTlVUT19IUmNhcVdrTm0xRFhub19vRDhOeXdQaDFJNy1UMEpmZDVNc2xjV1NlWGxlT0VqMkh4MVB6UnBZUDlJOHk1M2NRTDhvalcxVFpGTEo?oc=5,"A decade in the making, clean energy power line for Mass. is up and running&nbsp;&nbsp;WBUR"
2026-08-14,2024-09-17,sector,Avangrid,CT News Junkie,Avangrid Corporate Parent Throws Wrench Into State’s Utility Picture - CT News Junkie,https://news.google.com/rss/articles/CBMiuAFBVV95cUxOaDFNc0p4di1KYTJEdDNxZUZROC1TRlBFajYtODVPUDgwd1daeF9SMGVULXZkNG1yeFRKR1p3aS1mblZiUWtFdVJFaWVrZGUxaFJJbWhVVVV0bWVNUjhIZFEzZHlaX3MxZEJZQWZTQ29tallYOGI0TVRUUWtQVjloWDF3dlJJM3BRSWNEQWxTTFdHTTdpZmFTZS1WZDIwMUxnQ1g5amdHLXM2VDFLU2NvamhDNkZUUVVI?oc=5,Avangrid Corporate Parent Throws Wrench Into State’s Utility Picture&nbsp;&nbsp;CT News Junkie
2026-08-14,2024-12-31,sector,Avangrid,CT News Junkie,Spanish Multinational Energy Utility Completes Purchase of Avangrid - CT News Junkie,https://news.google.com/rss/articles/CBMipwFBVV95cUxPbE5UMEdOZDFhc3JHbGF5WEEyV1VIa2lGcjZJQl9iTEp6UE9hdzJnSG5mOXBwUWEtSUYyWFlrOFFncFJXRl9ZSG9Vb2x4ejVoejkyQWxXdjdYQm1iYUlxcTJlOVN3em11VEJtSGFMcW9MdmpSMExVcEIwV2lpUnRGUWhXMi1na25GNXhrUHRYYjEwTzQyVjBDakdlTks5eDBpQW5GUjk4RQ?oc=5,Spanish Multinational Energy Utility Completes Purchase of Avangrid&nbsp;&nbsp;CT News Junkie
2026-08-14,2025-09-03,sector,Avangrid,Hartford Courant,CT utility’s retirees protest changes in health care benefits. Lawmaker calls it ‘betrayal.’ - Hartford Courant,https://news.google.com/rss/articles/CBMiwAFBVV95cUxOTHQ0Y3dfUk84cWctUktHOVJ6ODZNaUNMcTdCbTB2VmoyLWNKVEt0TjU3WUl2Tjg5Z2llTHE1ZUpORkFVc0FObkxoczBrSFA1WGd2eHBnR3BkZG9QX0ZUaDRUUnc5VGhZelRZTTNXMEVpR0hIeHZTWGxZcjQ0TDhWdFk3UUF1cUs3VHpQSVlya0RRSVplSlNhd0VBVXE3OVpWLXpoOEVaeFNBcHB2Q0V4ZVVNOEd0Ui1oTXJpS0ZzaFg?oc=5,CT utility’s retirees protest changes in health care benefits. Lawmaker calls it ‘betrayal.’&nbsp;&nbsp;Hartford Courant
2026-08-14,2025-08-16,sector,Avangrid,CT News Junkie,CT Utilities Expand Government Relations Team With 2 New Hires - CT News Junkie,https://news.google.com/rss/articles/CBMioAFBVV95cUxOSGQ1SU4tY3UtQmtiQXhHWmEyNExnR09yQW1DOHhTcWxJYXRWSTAxd01UbjkyUkpRU1lBbDYzVHJKZVFieVhocG1vR2tlelgxM3ptV1hNUUdXR19Td1IzTTdDZkRlWjg0alpuYzlMZTByY2ZkNU5qelhLSThRVzktNzZSV0d5MEQ3cjh4eXM4b0ZTUHdRX2RCMVIzSWNMbkI3?oc=5,CT Utilities Expand Government Relations Team With 2 New Hires&nbsp;&nbsp;CT News Junkie
2026-08-14,2026-05-01,sector,Avangrid,Utility Dive,New England transmission owners ask FERC for increased ROE - Utility Dive,https://news.google.com/rss/articles/CBMijgFBVV95cUxQaUI4aGFvTE50T1phQTRfZ09BdmdaZ2VGRjFJMVVSejJlMUV5QXF4bnJsTFBjc3dYWDk5TElXZWl3SHZ6ZUx0d24tLUl0YXYtV0tnb29sdGFiYmhsdUFGQXhid1YyMm41bGtqVnBYdjAwZmxVOVh3a0pBRGdZaXNxNl9HQi1aMHZ3MTMxcjVR?oc=5,New England transmission owners ask FERC for increased ROE&nbsp;&nbsp;Utility Dive
2026-08-14,2024-05-21,sector,Avangrid,Utility Dive,Iberdrola to acquire remaining 18.4% of Avangrid in $2.6B deal - Utility Dive,https://news.google.com/rss/articles/CBMirwFBVV95cUxObUNaQzU0UUxpbTdhYXBhNUxUVG5QT2Zjcl9hb2g5MnhrRlRKc3BvZXFLZTJkbEVuUDNMcVctdWNrRWxLQjBHRnAwdFVQRWljV3BjWHlCSlozNUQydHE4Qk1PUFZuMHFTS2U0LXU5YXNOVkxMbTUySUFmMkJ1TnM1MmRTV3VRRG11MFJpVjBtT0t2R1JLSVJXd2h0WHFoOTFtZG5PQkJ0Q0dxOVdJUkVZ?oc=5,Iberdrola to acquire remaining 18.4% of Avangrid in $2.6B deal&nbsp;&nbsp;Utility Dive
2026-08-14,2024-10-04,sector,Avangrid,Utility Dive,"DOE selects 3-GW Pattern Energy transmission project linking ERCOT, Southeast for capacity buy - Utility Dive",https://news.google.com/rss/articles/CBMiwwFBVV95cUxNRGxmTVZqczFHaU56elBpOXJKdVV0UEVnQk1pMkJtVWtZcjdQMjJOSU04d0JnTGZsb1FsLXozazZKX1pleHZUTlRIWWlPOG82dGFvNEM4OXZjUWhDN0FRbFo1bEdHTUd2SloxeVljUXVIYnRBcVZVRHVKZmhKaWNYMEYyR1B6eFd5aEp5OWVSaFExaW1ZWm9CakRydVYyLW1IeHZLb1pDclVZc0pyRkdiUFlHSUZ0TkJMdUJraTRZV2dOeFE?oc=5,"DOE selects 3-GW Pattern Energy transmission project linking ERCOT, Southeast for capacity buy&nbsp;&nbsp;Utility Dive"
2026-08-14,2021-10-26,sector,Avangrid,Utility Dive,Maine DEP suspends permit for 1.2 GW Avangrid power line to import power from Hydro-Québec - Utility Dive,https://news.google.com/rss/articles/CBMikwFBVV95cUxOc3NIdEoxLXVZLWk1Qk9PSDZKT1JLQ3dMUmdhcUJVbjZpZVV4RnJSNVV3WE1teE1pUXpYNFJrNDlyRm14WlZDNEhwTVdNOXFkV3VWY200NGZyeHM3N1h1aVRQU1dYSXYydDlHUDdtLVV4WVJtMjk1a1NxeWpGR3d3elpFQVZFM0xRSE5NZTd3U2I0MFU?oc=5,Maine DEP suspends permit for 1.2 GW Avangrid power line to import power from Hydro-Québec&nbsp;&nbsp;Utility Dive
2026-08-14,2026-01-23,sector,Avangrid,Business Wire,Avangrid Utilities Prepare for Potential Impacts from Winter Storm Fern - Business Wire,https://news.google.com/rss/articles/CBMixwFBVV95cUxNdlRXX3kyc3VQR0JaVjRrU1JVWUhGUGxuazJ6RkRVUElpX29LYzJIbDJYa3BPXzdQQ2RfRGhpVTZNOXV1WTNjSk0zdm1CeWpXRGdTcklOY1JQM3lPNWw1YXdvZVlJRG1KODhmUmU1UEhCbWZ0N3NtYnZaaGxValVBUVRXMEVTLWh1NGx2aDNQa1owMHhyREUyYXNZa0tUcW50c2YxREU4SUQtM09RYTAxQkhqeGlMYk5nbFFuc1MwR25iX2YxWUE4?oc=5,Avangrid Utilities Prepare for Potential Impacts from Winter Storm Fern&nbsp;&nbsp;Business Wire
2026-08-14,2022-08-31,sector,Avangrid,Utility Dive,Maine Supreme Court opens pathway for Avangrid’s $1B New England transmission project - Utility Dive,https://news.google.com/rss/articles/CBMiogFBVV95cUxQMUlEZ0ZfQ3gzOVN1M05hNU9GakdGOHFYVElFaV9SZDBGQnlKRklKV0VJeHVvTllfdm0tRjJQYXZsX2REMVFhanlVVm0zNEF4NDFSWmZBd0xkUUhhTEVWZnJBZDltb0xLY2JwOTlmbUZaZV9XWGVkZ1JENWp6dHBWWWpaMVdLMzVjb1h4MmZfVTg0NHBVU0ozNm5GNEJaWVNOR3c?oc=5,Maine Supreme Court opens pathway for Avangrid’s $1B New England transmission project&nbsp;&nbsp;Utility Dive
2026-08-14,2023-04-27,sector,Avangrid,E&E News by POLITICO,Maine transmission line is stalled despite court victories - E&E News by POLITICO,https://news.google.com/rss/articles/CBMilgFBVV95cUxNM0ZoVXFlTFNxNERHQVMxRENBeV9QVVhMRFZMbE5oeGc5QjZfNnVlUEt1Q0cyUHZYdENBUTRMVUd5ZnhwWEVTcDUxT0pVc0MyQldfX2V0aV9EQmRfLUNGcXQ3aW5MLUk1NU8yZXhGcUxYbEwyaGZBOVJKR21ENlRuMS1VbFh3U3pDekxtT1VDVnZseFFWM2c?oc=5,Maine transmission line is stalled despite court victories&nbsp;&nbsp;E&amp;E News by POLITICO
2026-08-14,2026-03-01,sector,Avangrid,Politico,Democrats slam New York Republican for utility ties amid energy affordability worries - Politico,https://news.google.com/rss/articles/CBMirgFBVV95cUxQLXZqMFBUSHR0bTlQMDV3MHdvaUxhUDl2cV9zZ2lZUzhiOENUUVV5NDlNNWVLNy05aE9oblUweGpNdDFsbEZneC1Dekw2LXlCY2R1YmNwX0VuZ2M4NGhmY0dlU1FkSEdWdU5CUU9PS1ZpRnRnZElPLTFqdGl3T045VFlBTWhmZDhfSzZIaUtwZ3JXY1A4LXlzMElvNnpTV0F0a05MQUZPNnBPcTUtM0E?oc=5,Democrats slam New York Republican for utility ties amid energy affordability worries&nbsp;&nbsp;Politico
2026-08-14,2023-10-04,sector,Avangrid,Utility Dive,Avangrid moves to cancel Park City offshore wind contracts on heels of SouthCoast termination - Utility Dive,https://news.google.com/rss/articles/CBMiqwFBVV95cUxPM1RQNm9nWlBYX0kxSTlURHduUWg0Z0RveU1OcVNGcUNreXV2Z25tM2NOWGZwXzNnLUpCZFVVMk15QmVYamJ0Z3htNGNmQWxKaG1VZ3pocldyUTBJem9lQ3hBV1ljc3c5QkFrWmwyTVV1SFBwcmRpMGh6VWJNY1BrTVJ4MmFlcW53SDNEY1dVVDlPdmN2b3ZLcGlONUJHMGU1SG1RaEFGNlBTd1U?oc=5,Avangrid moves to cancel Park City offshore wind contracts on heels of SouthCoast termination&nbsp;&nbsp;Utility Dive
2026-08-14,2024-08-27,sector,Avangrid,Utility Dive,"Avangrid, Schneider Electric among first cohort chosen for cleantech initiative - Utility Dive",https://news.google.com/rss/articles/CBMiqwFBVV95cUxPNVhiNEZuTE96UDNmdVFQakhaQmI2cWNFUndvYnQtS2p0b3NUdWdqM0toUXBDWWh5WnJOUWdmOEFGOGFoYWlYWHl2VVpnRE9wampLamlVTWZjdDNMZmdTekJBbHg5OXRyMUhITDZxNFhwU0JYSjVabXpCcEtNMzNTSjJxdS1pT0FlY1RwZlpPaGJIZ3B3ckRfMnB3UC1QTHRXYzlFcVdwZGJHdlk?oc=5,"Avangrid, Schneider Electric among first cohort chosen for cleantech initiative&nbsp;&nbsp;Utility Dive"
2026-08-14,2025-09-30,sector,Avangrid,Data Center Dynamics,Avangrid announces $18.5bn network infrastructure investment to meet growing demand from the data center sector - Data Center Dynamics,https://news.google.com/rss/articles/CBMi6AFBVV95cUxOdFBPYW12RkRDbDVRUFJqQmdCbHlwbFVlYVNTbnRFRHJsTV9VQ1oycTctUGFCR1IxUFF6ZHVSOU01Q0pNcmVqRnk4TVh5V09VUklhU1dmX19Wa1podDVaT2gzTGNkakdsV0R1dWhQYVZid241YUUyaHFFXzdOM051Zlo4WWo4OUdLYTQ2SVlxOVo0ZGZlLXF4eWFrMHRpX3Jad2xuN3YwVzdObkN6ZHdrcGJXMDYtS2hzcWhFZlliQW5MckFibm1xRU9KdXIwUUt4NnlXS3RFLUVKblJvVzV0TEJpMllNYlNP?oc=5,Avangrid announces $18.5bn network infrastructure investment to meet growing demand from the data center sector&nbsp;&nbsp;Data Center Dynamics
2026-08-14,2025-11-24,sector,Avangrid,NBC Boston,Controversial hydropower project gets final Maine permit despite losing referendum - NBC Boston,https://news.google.com/rss/articles/CBMixwFBVV95cUxNRlpkNFhHdFAwMUJZSGQxckI5Y1BJaDRvdVFDcG1ORWV4WHdXMkdJODNnaGNJcnYwQ2Zrak9rcXJVa1RaTm5JWXp5MktsY21ZN2NDUHY3VDI0a2hvOXlRRXJiU1RwSV93aGlTTG1fZVkyZ0JRRkpuSk5FVV9nMExUM0M1LUtpRDU3bXMxZV9XbHdTYVRZX1Z4SlBiWlVHVHVMVEZUQ2dHLWpzdWo3Z09RRWlZdGhFTlUxSkpCSXZjdjJkSWtfdU1n0gHPAUFVX3lxTFBkcGU0RXh2Q0gzUEtzeU9HZW5yc2JHamMxZUZzRmhDWEF3QXFtbXBYZ2JBZGV4OVRfZW1FOW91M3dIZjdrcDlya0FoMXgxQVJKd21yVURpTG9ieG4zN2Q1b0hHUEZPXzRzX2N3R0o2bW94WUVTNVVQdHFWb3JfdTFSNE1TNGhabXJ6TnJ6aHEyUl8yNFFuaUpEU1BRR0F6MUNpLVhXQ1hpR1BMdzRvUjRkTnFxRkU0aG05NFJMMTdxeFR6OEhSN3RqMVdiazZtSQ?oc=5,Controversial hydropower project gets final Maine permit despite losing referendum&nbsp;&nbsp;NBC Boston
2026-08-14,2023-01-25,sector,Avangrid,E&E News by POLITICO,One company could sink Massachusetts’ climate goals - E&E News by POLITICO,https://news.google.com/rss/articles/CBMiiwFBVV95cUxQR0dORE4tdDZBdVFtLUFaYmJ4RVVNQVNrbWJGdWJiOFJLSXNrNU1BNW45RGhiMlpDeHUwU19EcjRnYTYzRkxzenNGM1Z1SnZJZHpkWWhHRndobzFjSTZyVGk4dGlUV2VmVnktZzExSmJvYlFsTWVvVklQZ0pvX04wZTdrQkJaNWIwM1M0?oc=5,One company could sink Massachusetts’ climate goals&nbsp;&nbsp;E&amp;E News by POLITICO
2026-08-14,2026-02-26,sector,Avangrid,WIVT - News 34,NYSEG critic Josh Riley is an investor in Iberdrola - WIVT - News 34,https://news.google.com/rss/articles/CBMimgFBVV95cUxPRmRzdF9uLWdiR0ItZTRBakdLajRXTlV2SDBOTm5QTDRTQ05tbmhCRUY1dEhtM3NqQUZ3NzBaNmRSOFdRVlFTdmFDNnZHaXVLZ1pQdHphZjdsb0pnaHM2YTBvdjRjZS12WDN1OV9BZDFlV2xlVXl3NGVxaHJaTVdtdnhhVEF1VjNtT1lzc3FXUS1CRlhzTFhFTGhR0gGfAUFVX3lxTFBGVmc0RVYweldPZTk5dHJ0MFhpUXJ3d2pyMzQtMDh1Q1ljWWlkbDZlT2x6VmJvMnpRdXF0UmpwcUZKRlN3OUdlaFRVbU90T3laQkFyY2hyS2VzN1RyVFdvcVpjVEY4QnVVTlg3V3M1UlRtbXZHQ1B1RUtzdllzWUo0TnBhU0ZxaUI0OXI3VDFGYkFFWmo3ZjBrWVAwRG9fYw?oc=5,NYSEG critic Josh Riley is an investor in Iberdrola&nbsp;&nbsp;WIVT - News 34
2026-08-14,2025-09-19,sector,Avangrid,Hartford Business Journal,Avangrid CEO calls CT’s regulatory environment ‘toxic’ as PURA dramatically cuts electric utility’s rate increase - Hartford Business Journal,https://news.google.com/rss/articles/CBMi4AFBVV95cUxNckp2NDh0VnFGaVFWOFJPdUEwTGdxMnZPWjZ2Zzdwb0I1SDlmVG1LbDY4dDMwZkY3R3EweEFqbWpVdkdQSng4ckNxTEppRzJMV0hqUnJvQ2dYY0oxa0FJT2FtZDRnNG92SHJLUlZSZ3FmWWloNUJLSEtVRURidjZvaldrLU5SUGV6N2k3aEFDdGZRalNlQmlvbHFUeVkwSUVfWTExdzA1X2lfd2xkeWgyYTgwaWFQcEdVUkwwZVREWXh5WVRtbDl4UlBnQ1l1aFZXR2VzLXhNY2M1bE05MXVPSg?oc=5,Avangrid CEO calls CT’s regulatory environment ‘toxic’ as PURA dramatically cuts electric utility’s rate increase&nbsp;&nbsp;Hartford Business Journal
2026-08-14,2026-06-10,sector,Avangrid,Business Wire,Avangrid Appoints Elin Swanson Katz as Vice President of Energy Policy - Business Wire,https://news.google.com/rss/articles/CBMixgFBVV95cUxNTWJEaUlwSnp1UnhEVHloWTB1SERnRUZqajV5QzNpZFFMVXdvb0ctamdVdDJ6MldDVTk2WE5FU3JsMHI2TFpORHoyRUdOOWdOVkg1ZENmQ1hsZzNLOGg5Sk5XNmxxSndEY0l3b0lRdEdVaFc1Y0M2RjJSdFJuLUZzVHlEbC11aTZoTUpBSUZnQTh5MFZyakI4NW9DU2h0amdwSWV0N0FXMC11czlzNEtscmdjWENwOEhMZEVad2VaWk50R2h0YkE?oc=5,Avangrid Appoints Elin Swanson Katz as Vice President of Energy Policy&nbsp;&nbsp;Business Wire
2026-08-14,2022-11-01,sector,Avangrid,CT News Junkie,PURA Fines Avangrid’s Connecticut Utilities $4.48M - CT News Junkie,https://news.google.com/rss/articles/CBMid0FVX3lxTE13S21ORnJqM2NvZHRzRDRsZ2NFeVN0RlpvbWFDUXh3UHc2TkRqQV9yNHNLb3Jsdk1vNHFjOWhCOU1wNGFUTDdIZ0pGYlR0WWMtNE54V1k0c2NlVDh5V3JEMmtFWlk0VkNXNXNYLVJMdGVJVEZJNFk0?oc=5,PURA Fines Avangrid’s Connecticut Utilities $4.48M&nbsp;&nbsp;CT News Junkie
2026-08-14,2024-10-30,sector,Avangrid,CT News Junkie,Avangrid: We Need More Support From PURA - CT News Junkie,https://news.google.com/rss/articles/CBMiggFBVV95cUxOVXFrRFcwTHgwbmdKODZqTThYcF9YSlJyN19ZMVhzSVN6UjFSY1dodXJuSUQ5WjhQSFRuak9HYWtoMGgzc3RqTmpfSEM5LTFCa3Nkd09WRlFqOUQ3NDZVckE4dER5TFhFUklBM0tZX3k5TVp4Snd0dmxvdnJ0Uzk1S1hR?oc=5,Avangrid: We Need More Support From PURA&nbsp;&nbsp;CT News Junkie
2026-08-14,2024-01-02,sector,Avangrid,Utility Dive,"Avangrid ends PNM acquisition bid, sees ‘no clear timing’ to resolve New Mexico PRC’s rejection of deal - Utility Dive",https://news.google.com/rss/articles/CBMiggFBVV95cUxPUDlncXVtdndvdnhOS0RxUnY5X0hPaU1uZWR2dDdmelFCd19Ma0xjTUF1Yk1rRkRRbkVnMW83NW1vMXMxS3pxVllZYmRVbGh3WUFhWTJ1SFd4MFZkMTk2SFpyNWVDTmQwbS0yb0x5Yi1YNEtKQlB1cF9YMDdtY0xwRUJB?oc=5,"Avangrid ends PNM acquisition bid, sees ‘no clear timing’ to resolve New Mexico PRC’s rejection of deal&nbsp;&nbsp;Utility Dive"
2026-08-14,2025-01-02,sector,Avangrid,Factor This,"Done deal: Iberdrola completes merger with Avangrid, takes it private - Factor This",https://news.google.com/rss/articles/CBMirwFBVV95cUxNdEx3cWdKMTdiOFdkOW1ONlpnZlg0SExGYURKQkd6STNXTUZUUFF6RlQ1SDBMS2p5NWQ0TFc2Vm9oX1F4NnRudzJ6YWl0NjlkNTZLU3lEX294ZjlBTzJDNHh3SnZRcWdCWXBjeGpYalpJS2Z5LXNqb3FMUXpYdWNBSEhxeHlxT20xdndwVXhINlNFQ0xNd1U4VzQ0bFoycl9ZRUlhWEJLNWplQVpsU3ow?oc=5,"Done deal: Iberdrola completes merger with Avangrid, takes it private&nbsp;&nbsp;Factor This"
2026-08-14,2025-07-31,sector,Avangrid,PV Tech,SEG Solar ships first utility-scale modules from Texas plant - PV Tech,https://news.google.com/rss/articles/CBMijgFBVV95cUxNdVJSZ1BBQzhEaFlKanl4NG5XR2liUUMxRHdvWFlSVmg5akhhLXVqbEM0cmFnWUR0Vko1cGxHbkZmWkZpMHlXcXVDbW1RMkttcFdaS3I1OXk0Z1pLU3h2V3BoaHNrdUJOUXNWVXZjQW51dkRHaFcwLWxIRHQxVmplMGpmMThDSVNBZHNOZjdn?oc=5,SEG Solar ships first utility-scale modules from Texas plant&nbsp;&nbsp;PV Tech
2026-08-14,2025-05-21,sector,Avangrid,WXXI News,"Audit points to RG&E, NYSEG's lack of local control and focus as being at the root of problems - WXXI News",https://news.google.com/rss/articles/CBMi1gFBVV95cUxPQlVyOGhiVTNIZVBoMExJTmstWWZGUlBqVnl1RkdVUElPekFJdEdUazZmWEI0SE13c2xnUENWQWRhbGxhY0QzYUphYzJXY0JidkZjR1FuazRadUpkRDdockNZU3hjaGpoekxUMnRmZ2VnbHNvU1A3Qkh2WUZ2c3RXRVJ2VDhOdHlBUlhvcjl3cndnTzZ4ZUVidXZQcG1KVGlXS0JDbi1JLXdldGpJMGZBQUlhRkNqbE9WZjZ1WVdsZnJMRFBxQVFTUWcta3V5elBZSHBuRnF3?oc=5,"Audit points to RG&amp;E, NYSEG's lack of local control and focus as being at the root of problems&nbsp;&nbsp;WXXI News"
2026-08-14,2025-04-25,sector,Avangrid,Stock Titan,"Avangrid (AGR) Stock Price, News & Analysis - Stock Titan",https://news.google.com/rss/articles/CBMiUkFVX3lxTE1peWdjbzVSdVhObnc0TDlLTmtyZWRXTG5UNEMydDRHeFNWZzJiQ0dBNG1SRkV1cGJKUjNlX2xvSzdDd3NWNWFQSllZaW5LUGN5Nmc?oc=5,"Avangrid (AGR) Stock Price, News & Analysis&nbsp;&nbsp;Stock Titan"
2026-08-14,2025-06-13,sector,Avangrid,WXXI News,"RG&E, NYSEG get new presidents to bolster local leadership - WXXI News",https://news.google.com/rss/articles/CBMipwFBVV95cUxNT3ZVT2I2UDdxcU56SXVoOW5JSjVvM3lrZlNIYUs3RVpYbnlncTZVYWxGSEo4dS1fVkZBTktBcFI3SGNIbFQ4Z0dKa0RBWFpXSENBNUpXV0Rwb2dkbmM1NXNaVk00a1pEXzVCSFB6UGt5UDNxUV8xU2Y0ejNTc2RRTWp2cUFNQ1ZVRHdsTlg1WWw1cjY2M1RGZ1N3akNpenRDVDBJOVhSVQ?oc=5,"RG&amp;E, NYSEG get new presidents to bolster local leadership&nbsp;&nbsp;WXXI News"
2026-08-14,2024-12-18,sector,Avangrid,fox61.com,"Moody's downgrades Avangrid's credit rating for CNG, SCG - fox61.com",https://news.google.com/rss/articles/CBMi4gFBVV95cUxPR09aRjNNSFo4aF8wRHNoRnN3dkROdC1reDExM0JkTDMwaDBtTWNHQzRiSW1hNnlVMm5PTG5pNkg3aVZvN3NhWUR0bG9mSWxESW52NTFaaGxzUjF6dGxZWEp0RjVTRU8wSXJGNGUwdmJfRlh3ZmpGLUxVSXV5djNNOU94ZnJFZGx3elppU05xbVJBU3JrN0dLUGNoUjlVMllZcG1raVNobWZfQm5pelJWUmFPME5CR2JNWUdsSVJ1ZE9xV0RBVFhXUndvMU4yRkRQQUptVDJBVlZKeVVkdElxTGl3?oc=5,"Moody's downgrades Avangrid's credit rating for CNG, SCG&nbsp;&nbsp;fox61.com"
2026-08-14,2026-02-04,sector,Avangrid,PV Tech,Avangrid commissions 269MW solar PV in Oregon - PV Tech,https://news.google.com/rss/articles/CBMiekFVX3lxTE1OX1EtZnIxbHZfdnNOOHdPdHJIYzBlN1dCT1plQ3I0TWF5Qko1anN1WG5NRjdTYkkwTVluaXI1Q1VoZnU4cTNtMDA2M2dwa2NxblVERmNOcDliY2QxQVgxeGQ3OTVkcm83YWQ4UEJFMjd2b2ZFSU9tM2Fn?oc=5,Avangrid commissions 269MW solar PV in Oregon&nbsp;&nbsp;PV Tech
2026-08-14,2025-10-07,sector,Avangrid,Times Herald-Record,"NY customers struggle to pay bills as power companies' profits have soared, report says - Times Herald-Record",https://news.google.com/rss/articles/CBMi0wFBVV95cUxPOTFrT29aaFB2YkFJSng1ZzFlZlp1MFBwQ2t1eENBYks0azBWbU5ibE13am9ob19JQkdIazZWTUV1WDhrbnNaak1pWmtGLW1WcTlKU3dDVmp5bk9LRWo3MUZyYVZaeXVuZXFZWlFNNnhvei10bFMzOGFvb1czWTNoWjBCTmNId2VZdU8zNGpkcTlBSmdEWGpxUnlqX00yRllHcV9fcTU3OHVBelNlek5qbFR6Q0FidFhEVGtjMXRvVEdqajh1UEtadnBMTjNuVEVnXzRB?oc=5,"NY customers struggle to pay bills as power companies' profits have soared, report says&nbsp;&nbsp;Times Herald-Record"
2026-08-14,2024-01-02,sector,Avangrid,power-eng.com,Avangrid terminates deal to acquire New Mexico’s largest utility - power-eng.com,https://news.google.com/rss/articles/CBMiswFBVV95cUxOYWxxdUo1dEVJY2U5aEdHM0JnbDkwUF9GbnNpbmNoWThDX3hjbXRPVFJkSk1jZEVkZHhzMjZkM0pVMFE3Z2x5ZTd3clEzbVZwMXA2eUJWNklKVDhUVmtaa1hLeHFmMFpic1lRMnp1TUpnZWlZQzgwdERxZzlLZHdJTm1kN3dBb1Y5WUZJU0o5aEFWUUw3b3k4UE5iX01PaW41TkNraG9ITEV1bGtHem5GV054Zw?oc=5,Avangrid terminates deal to acquire New Mexico’s largest utility&nbsp;&nbsp;power-eng.com
2026-08-14,2025-05-19,sector,Avangrid,nm.news,NM’s largest utility could be sold to Blackstone Infrastructure - nm.news,https://news.google.com/rss/articles/CBMilAFBVV95cUxQTWVxOV9DQnlOa1czVzl3ZFEyMDdENUdhTkVUbDNCVVlXOE9RWmZjX2VzSGQxTG5ncHF5c1gxaHRPdmhjdnhjMUxCNE1scU1yNU9PTUFBZXlMaHdyd1JmN1FtQlRyRXBGOXdRbzdoX2lPMm5ZYThmNlhGSWlHcVBPd1hWSGhsa2Y3X2cwZG93X0NSWEla?oc=5,NM’s largest utility could be sold to Blackstone Infrastructure&nbsp;&nbsp;nm.news
2026-08-14,2021-12-09,sector,Avangrid,Utility Dive,"New Mexico regulators unanimously reject Avangrid-PNM merger, but observers see a second chance in 2023 - Utility Dive",https://news.google.com/rss/articles/CBMitgFBVV95cUxPZG80Ui1ZZ1FFQkNYem9tYmNsRVVuRmNzWTRBMUt2Ml8yMUVpUnhPcnMySXhsUlUwam1BWVpjdGlaeVZPZE14eWRzM0phcHdGT1M5eW85ZmlfNElHLUhyTUp3THpKOFpoQlRmSUsyY2RKR3c4bUJZM3M3bzcyaS0waUZRRklrWDlpTUYwXzVTZjhMR2FQVkJMcjctekFfck92a01qb3psZVJaRzFIUkVxUVJTa0ZxUQ?oc=5,"New Mexico regulators unanimously reject Avangrid-PNM merger, but observers see a second chance in 2023&nbsp;&nbsp;Utility Dive"
2026-08-14,2024-08-10,sector,Avangrid,Hartford Courant,"Energy giant Avangrid accuses top CT regulator of breaking rules, adding fuel to utility feud - Hartford Courant",https://news.google.com/rss/articles/CBMixwFBVV95cUxPemFlWnM5X2hBdHR0UlBSWWl1UENWNzlYODNmdUljRXBteGI2S0EyNmdUM21JRUlGOVoxODlxZ2RoQ3QtSTlqZjZJdnZ1UmFwUjdtdDRYZHI1N0tCMXJSbTN4VmhvaTZKRGxpWmF3VjJLWGZFb0hSMnluRXlISWs3LWM4SkZUajNxenc5T2ZjcndDRG1XOTAzT1JVWk16ekREYTVpVnpaQ1p4eXBoeHp6T3BBbWtQc2V4ekxlT3dxV1BmN3RSQ21v?oc=5,"Energy giant Avangrid accuses top CT regulator of breaking rules, adding fuel to utility feud&nbsp;&nbsp;Hartford Courant"
2026-08-14,2025-06-24,sector,Avangrid,Hartford Courant,Moody’s Ratings: CT has ‘least credit supportive utility regulatory environment’ in US - Hartford Courant,https://news.google.com/rss/articles/CBMiygFBVV95cUxOUWk5d1Z3OXpOTV9UVzB6OVlxUk9oQkc4TFVuclVCa0tmMlVGWEpLVEF0RVozRy1xdzV3NHpwakx2ZTBXd3FhTVN6aThJeGg2aW5VeTZ5dE1HOWlwQkRobkVRUlNKaDFWTFU5NXFRekR0YU5way1RZHNuTEFQMlNQUWhHX3Bydm0yeWQ2OVNQT1NYMlNMWW9xeTNCXzJqbjc0YnJnTWFwR0tJc0VTS2d6TzY1V0xaRkJSZW9YMWxWZmJCYzR6ay1VME5B?oc=5,Moody’s Ratings: CT has ‘least credit supportive utility regulatory environment’ in US&nbsp;&nbsp;Hartford Courant
2026-08-14,2017-11-24,sector,Avangrid,The Berkshire Edge,"Class action lawsuit acuses utilities Eversource, Avangrid of bilking customers out of $3.6 billion - The Berkshire Edge",https://news.google.com/rss/articles/CBMixgFBVV95cUxOTjJTd0RrTHhaT0tYS3VCY3dMTlBtZWtod0EtTl9NblFlNG1uUjdFWjhaVnBCUllrVDVUYmFDODIwaDdsREcwa2dRSlc2S29xRVZ4Qjd3T1Itck1qX1lWUTlPOTRWSVllOFk2aWFPcmZkMXhmVG82QnhTZVJ4cUFieTB5cEhRVjJWYmdIYXIwdllCUUVsSHA4cWtIeUNoTWluek1ZZ3NueDBwMWQ4OXlrQ1NYb1d5YS13UjliS0FNREZJYnBDUkE?oc=5,"Class action lawsuit acuses utilities Eversource, Avangrid of bilking customers out of $3.6 billion&nbsp;&nbsp;The Berkshire Edge"
2026-08-14,2020-10-21,sector,Avangrid,The Business Journals,PNM Resources to sell outstanding stock to Avangrid as part of $4.3 billion deal - The Business Journals,https://news.google.com/rss/articles/CBMirgFBVV95cUxNV2thUEZpMnpwalh1dlhnU2h0d0lReHowcTUtNWFVX1dXMGotNWlmeXpkbXRUUEJCMFktang5N1Rmalc4NmUxeTFIX3lPUzB1cTVOOGg4WXVCQ250WC0yYVV1T2M1N2hsQTVHWVIzMWhkeEhycU8zUW1aQjVtaFFjTDBESVNDRktDWkpUVWFfNnVaUnhWVERMc3NfdlZYVU0zelJVWWEwallJTmtRRnc?oc=5,PNM Resources to sell outstanding stock to Avangrid as part of $4.3 billion deal&nbsp;&nbsp;The Business Journals
2026-08-14,2024-09-24,sector,Avangrid,hyannisnews.com,SGDB: “Questions Arise Over Iberdrola’s Proposed Acquisition of Avangrid’s Minority Shares” - hyannisnews.com,https://news.google.com/rss/articles/CBMisAFBVV95cUxOYjBLMjhEUkhQdUhKXzBXR2xvUkZBc0ZsQm4zQ1BCWE5kZTYyY2NJM3NTVkdNdnV6aUlmbWtORTlscFlVeEN1TE5RUnl6N2xQVmpNaTFsVWd5MTRKNGtNcnN2M3JBWWsyeWdRc3puaW5Jam5jVmJDQW9ZX29KZjBDNUhCVC14Yko5N0RIcTE5Szh2TlYtSnVIUE5JOUtubDlKUTMyQUV1eTlLREFDZk9pdg?oc=5,SGDB: “Questions Arise Over Iberdrola’s Proposed Acquisition of Avangrid’s Minority Shares”&nbsp;&nbsp;hyannisnews.com
2026-08-14,2026-08-12,sector,NV Energy,KTVN,NV Energy provides update on emergency power shutoffs - KTVN,https://news.google.com/rss/articles/CBMi0gFBVV95cUxPcVlJRWM5WW40TzVWLTFlWW5MdVAtTWQtSURCWnItS1gwUHBsYl9SLVh3bE05MksteXZCNnFOZjhHcmdOcW93WUNyOE0xVU4zNjRKNTFlemt0RWxDSWtBVXlwTlRxYVlMY1g4Z1F2VXVPXy1QaEp1Qmh6bWRyV0ZzN2JTRldJcEMtUG5wWUVmYzlCYi1US1I0NTQzeEN5dWF0Q1F2MS1EbExxNHNWQjZJQTJzR2pxRm1IUkJKSGFiOVppNm9kbC1EMldnZERoZVlwM2c?oc=5,NV Energy provides update on emergency power shutoffs&nbsp;&nbsp;KTVN
2026-08-14,2026-08-12,sector,NV Energy,rtoinsider.com,"NV Energy’s Wildfire Plan Too Expensive, Critics Say - rtoinsider.com",https://news.google.com/rss/articles/CBMijAFBVV95cUxObThCMzRBUVgtOW1FNFRoX1QzWU5JSUR3alRiX2FZZERXTlNIb1RfSTN2NGZfelV4NDV6b3FZOUItQjY1eElYMUZrM0FRaDBIOU9yZS0tNDctbUUtek1SOXJONi01T3lJekJOaEtkRG9wclN5SnVDQllIOWkyZVNJSk5aZnp0dnk1OGxFLQ?oc=5,"NV Energy’s Wildfire Plan Too Expensive, Critics Say&nbsp;&nbsp;rtoinsider.com"
2026-08-14,2026-08-07,sector,NV Energy,CBS News,Nevada energy company sues data center in first-of-its-kind fight over who should pay for AI buildout - CBS News,https://news.google.com/rss/articles/CBMifEFVX3lxTFBsT0F3cGlXbzNnM0Vad2tKZTBTV2NodnhVd0h2ODhaN2YyVm9Qb2wyNVBkdFVNR2lpa2RqRTNWYmdWUXRPWXl4Ulp1dEJEY0RPMnZzTy1RZUxqWDdBZ2ZsYzFFS0hVYW53YWdlSERGZUY4Y2V1NDAwUEFSd1A?oc=5,Nevada energy company sues data center in first-of-its-kind fight over who should pay for AI buildout&nbsp;&nbsp;CBS News
2026-08-14,2026-06-04,sector,NV Energy,Utility Dive,Protesters target NV Energy at electric utility conference as anger over affordability rises - Utility Dive,https://news.google.com/rss/articles/CBMi0gFBVV95cUxPR2xjQ015REhheTNKRFU0cVlqREx3aHE1Yld6Z3c2NG5vSmdkUWpzMzhZZU4zODFsME83ekZrLWhtZTVUa1VKanZXMUhkWDdJWG5janlVS0hfYmhPd2lTNFNmT1p0MXBidkFzYkVEMHd1WnFpcFRPQVJSYWFLRWNUckJLamFlQ0gxYXRkak9nblhWWUg0MWVoZkdqQkVySGxzSXYyY1BjYWZtWXVTUVhrSTBxMFM1R25VWU1WczZaX2VHZk44cFdGT2dVRlctbmE2VGc?oc=5,Protesters target NV Energy at electric utility conference as anger over affordability rises&nbsp;&nbsp;Utility Dive
2026-08-14,2026-06-03,sector,NV Energy,newsfromthestates.com,NV Energy betting the house on data centers - newsfromthestates.com,https://news.google.com/rss/articles/CBMihAFBVV95cUxQSkZabWc2RmhyZ3hlQUs5T1ZWcUpoTUdRMDVZeG5mZXlLaFQxWW00NjZrUDR0RHNPNlBXYVEtZGxjNmpfVVBlOXJzWlRLRWZmWl9nWHpHZTBDV3pyZnJibVMzdTdaZzZEd3lSYWtSdmJ1OUdSUHNmNmpwb3lKZGRPZWhjRWM?oc=5,NV Energy betting the house on data centers&nbsp;&nbsp;newsfromthestates.com
2026-08-14,2026-03-20,sector,NV Energy,CalMatters,Lake Tahoe isn’t sure where it’s power will come from after the next ski season - CalMatters,https://news.google.com/rss/articles/CBMimwFBVV95cUxNSkZxUWo4THVWQ1o2aHZQU0FQVWF1WTVDZG9JTFQtRnJRWG5zdlVKSFM1MVhNeEd1S1J0UnlmWURYYkRpTlk0OEpuNDUzbEQxQWpYTW82WTl4TVhfSXBBRXZJS2dIMjRQNi00Z0dTc25kX3JzTnJZcnFuVWJxb1lkVmJSSWhkR3dxaDd0NWtLMENBUWdGSVlURWQxMA?oc=5,Lake Tahoe isn’t sure where it’s power will come from after the next ski season&nbsp;&nbsp;CalMatters
2026-08-14,2026-06-17,sector,NV Energy,ktnv.com,NV Energy seeking approval for new proposal to expand renewable energy resources - ktnv.com,https://news.google.com/rss/articles/CBMiqgFBVV95cUxNZkFoYV9taU1NbXhrNDczYzFJcmc0a1REclM0TTVaZDVGdHJDVW9raG9DLWZnbUdudzRYQzdDVFFIVmdWeE4wSTVYLVNDSjdhMFRKY016UVduUUoxZnhvQWhzUE96Q2VKbG5iOVkwbTFsM19hUVNLTEVCQ3c1c2xHS1BWZ21sTmRueGEtM3ltUWFsNGNjZHdFZnNNaVB6UUYwby1oaWY2TmRiQQ?oc=5,NV Energy seeking approval for new proposal to expand renewable energy resources&nbsp;&nbsp;ktnv.com
2026-08-14,2026-07-15,sector,NV Energy,KSNV,NV Energy begins issuing $63M in refunds for overcharging customers - KSNV,https://news.google.com/rss/articles/CBMi-AFBVV95cUxNcVF2MVFkQ2VLUW5pZ2hqVWNCbHhPUnVJX1NwZzBLNDBnOHNfRnBZRzFLRzdQS200YkEzaUhaYmtXU2Y5RW9XYTJyaFpwbjVaMGFETm8xbmZ0VHpZU3NyWEJiTE4xSWlGTllab1k5YjlWbU9BUUFUQzlXVTh5VU4zYzZDcWh5NHNEbGJKOGtMeVZNazBDREpVUEZiTVJqamowSldwSTNNN1hzQno0WG1xbExOSzl3bU1vSlJEWkRkWHZBR3YxSXVrY1ctWUp6VU1GYVdHc1JzQU16SlNqY1dWZy1zUk1ORDNGblQtRUNhNmUxd3FuTmI5Mw?oc=5,NV Energy begins issuing $63M in refunds for overcharging customers&nbsp;&nbsp;KSNV
2026-08-14,2026-04-06,sector,NV Energy,E&E News by POLITICO,Nevada’s largest utility to join California’s new electricity market - E&E News by POLITICO,https://news.google.com/rss/articles/CBMioAFBVV95cUxOc2tSaVgyTzJ2MDhGd3NFb3Uzc3RJUG5wZ2s0Ql9ibVdzYWdsWnVNajNjeE1hMUtTRjB0a056VVFHd3NfVENrMWhOMFdBejVoV1lyWURqVWI3amQ0MnN3NmNCazJzTnFHLWc0VTc5TGExLVlLZjZjQjRFZ05fMk0yOS1ieUtlVTh3Wk02bkdwbkNDMWRjSUhKdW9ZMEhzZk9H?oc=5,Nevada’s largest utility to join California’s new electricity market&nbsp;&nbsp;E&amp;E News by POLITICO
2026-08-14,2026-06-15,sector,NV Energy,People's Action,Utility Customers Rally Against NV Energy’s Daily Demand Charge Ahead of Public Meeting with Regulators - People's Action,https://news.google.com/rss/articles/CBMiyAFBVV95cUxPQzgwdDhFRTU2SHIwMHljZXh1cGZ3RjlIYzhYMTJzZ3V1Q0txZnhscFU5SjZ5Um5RZTFmZXdGYXBLRUFBb1FudnRFbFo5UDRIRy0tanBPdDhtMU5DZmZOTE12OV9wX3huMktsN0FCSlItb2lVSjUtbnlRdG9JeFZMNkJmQUVqVTEtbGpnY3hSZ3JnYndIT1YwT1lJWWhnSXk3amxWUndtZ3c2c0hTU1F6Q2UwdlJrcDBxVGdQa0Q4bVQybmQtdXJIcw?oc=5,Utility Customers Rally Against NV Energy’s Daily Demand Charge Ahead of Public Meeting with Regulators&nbsp;&nbsp;People's Action
2026-08-14,2026-05-19,sector,NV Energy,KRXI2,NV Energy’s new long-term plan highlights massive power demand tied to data centers - KRXI2,https://news.google.com/rss/articles/CBMiswFBVV95cUxNXzBHQ0k4WnpVMEl6SHBKdDdqWlhYQUNibUNzYW5nLVFnazE1UnZOR2phTzVqVTllWjlmQ3g1eW9RaTg4OUxIRTVwOGladDhBejE5cHdieGFYNzVXYUx5aE92SWYzcVlaQk1DRmNqcFlrMGQ2X29BVHpRT1VuLVB3ZTUzMXAwSlVLVi1jUGk1dHpJY2ZvcUlIUlRYeURNUC1aUmxOTk5fNWRyQ3ZBaUwwNVdmRQ?oc=5,NV Energy’s new long-term plan highlights massive power demand tied to data centers&nbsp;&nbsp;KRXI2
2026-08-14,2026-04-28,sector,NV Energy,KLAS 8 News Now,Power bill fight puts company in spotlight - KLAS 8 News Now,https://news.google.com/rss/articles/CBMijAFBVV95cUxNWFp1T2g1UV9MRlNTMUQxU2djUWNIdGFoVkF5UHZBYldtRjFtMi0tOUNtdzF1emFVRWRzdF94bjlReGg1OGREOWpJZVowUDZvcndpa1VjRWZiNzVjZWRCWlhJWXRrdlp0T3NDWUpHaTFqT1Y4dTJ5eHVOblVtaWF5M1RITXFqcnNldE41VdIBkgFBVV95cUxQZE04bUtQQ1pVcTdDMVRNTzJyQ3dUYm9NQ2NMV2x2Z0prdWpsMlhLbDcyTm9hM1ZWbG9XNlJDTVdyVWdPMVgtSW5mM29kbEJLblZ6UTlUS2tXNDE5MjdIZS1La19IdDVJeXRTb256bFFucmRZQVdxNGN6RXZQaUxBdnlwMjd0TlRUV0Y4N3VaMHZ5Zw?oc=5,Power bill fight puts company in spotlight&nbsp;&nbsp;KLAS 8 News Now
2026-08-14,2026-04-06,sector,NV Energy,Utility Dive,Nevada PUC approves NV Energy plan to join day-ahead market - Utility Dive,https://news.google.com/rss/articles/CBMikwFBVV95cUxOQlE0VXdkRjBQckRFQkhIbXBIOXJfTG02QkdZck82M0pCUVNNWTd5enNjdkIxem1IZTRXb2ZJdk1ZRUdMR0dCTFVDclBfRm1FQkFpWUQtN1p1MGJCSHkxOWR4TXIwLTVHQkUxaDVEczl0T3FMWmhURXFVUTZXSkFzRHNxNEFlNm9VeWdIN0pTT2pSREU?oc=5,Nevada PUC approves NV Energy plan to join day-ahead market&nbsp;&nbsp;Utility Dive
2026-08-14,2026-07-15,sector,NV Energy,KTVN,Nevada Attorney General Aaron Ford reacts to NV Energy's $63M in customer refunds - KTVN,https://news.google.com/rss/articles/CBMi9AFBVV95cUxNMHVrQk5lMld0Y3BMNDRtVF9uUl9DejhSUWoyRGFoYUNDMURyaU1LSFlhMlpRZnNFZExPSGRfWEJ6ZTZza1VlRW1SRFNBcnB4YlQwWmFrM3d6Ujd1UUlMQXY4Y3Y4MkRIejVvMlBuWllEeURfRXVNMjBaR1FHdTl4U29ZazBiRDlRbDZOOHVrY0ZwMndKNEd3ejhYdHdITTRkR2JiVW45b05nUzFYOGlOcW84V25OTWpFZTRMb2FuN0RqQmNGakFmdWhhMzhVVGV4TE9qZnBzMl91N1kzSFozRWZpMnZYYmlEdHRHRU9HenpycUhs?oc=5,Nevada Attorney General Aaron Ford reacts to NV Energy's $63M in customer refunds&nbsp;&nbsp;KTVN
2026-08-14,2026-07-09,sector,NV Energy,KSNV,"New date, location set for consumer session on NV Energy accounting adjustment - KSNV",https://news.google.com/rss/articles/CBMi4gFBVV95cUxPQkF1eGFpX2NQenhXMlIwVDlJMUJXdnR1OVVxbEVVNDlEZmdaM2lXcnRudjBrQUhudjBGcmlTVW1oMUg1NFFfMm9SQzYwNFhMOEJXd2hESXVic3RKZmRyWGRDZm02YW1naUpwUUhBT1NSWmd0TFBOV3hqdUFIQ2Z0NGN1eldZN1JWbXZjV09JUWhSRzdod25YTFI0OV9rNjQzVllNeF9USEVmYl9mdHd1LVE0bzFfQ25EVGlSM1NHeE9faVk5Z3JzeDRqYi02VW9fbjlwazJXNlZOSnVkel9aU3JR?oc=5,"New date, location set for consumer session on NV Energy accounting adjustment&nbsp;&nbsp;KSNV"
2026-08-14,2026-05-27,sector,NV Energy,E&E News by POLITICO,Nevada judge denies AG’s bid to stop utility demand charge - E&E News by POLITICO,https://news.google.com/rss/articles/CBMilAFBVV95cUxOREdzandfaDNmZUxodkdNOUwzQ3Z4S3RqbEs4X0lDVTNpeDR3aDRDb2NFdkt2d0lkMXFYckdPTjBXV0oteVQ1aFpTSGhwVGlZTXdLWXdvTFMyRmhtNktBNmp6ZkctZXlIem4tZEYyLWVscDA0eVpsOERhUE0zal9rLVRNNzJ2Q2NIcjF1R1Y5ZUxNSGw2?oc=5,Nevada judge denies AG’s bid to stop utility demand charge&nbsp;&nbsp;E&amp;E News by POLITICO
2026-08-14,2026-03-31,sector,NV Energy,KRXI2,Liberty Utilities needs to replace 75% of Tahoe power supply as NV Energy deal ends soon - KRXI2,https://news.google.com/rss/articles/CBMiugFBVV95cUxOWnhsc3hwa0dxSTRxUi1zbUphZWRxWFQxT0VNWGpZT2VDcFJsNjlKUWl1VHY3QVNYcWJTOGhYZVFQMDg1N0w3bFBkRW5nVDhlRldneDNwNmttUzBNNE9COUlNVXJ1LUQwZVpoSzg3TFRJTjMwQ1d1M3UyY3N4Z1N4eDVsRWIxVFVlZjFOREhQanp6VklNRzZwUmVDNERLSmpxM05YRHdKbk9mX05DXzVhMHdjQ013Qklxb0E?oc=5,Liberty Utilities needs to replace 75% of Tahoe power supply as NV Energy deal ends soon&nbsp;&nbsp;KRXI2
2026-08-14,2026-06-15,sector,NV Energy,KSNV,Nevada utility customers rally against NV Energy demand charge ahead of PUC meeting - KSNV,https://news.google.com/rss/articles/CBMitAFBVV95cUxPUDJJV1hyV1JoanJFeEx5NjNKWVhuTV9zakJHa1VrMFd3ZnJtT3hFY2NqVEI4ZGNmOVhJWS1DeDkyRW9nZ3ZfTVJjWEtyZ3RRdVg5c1BNUmMtczJ4cGo1Uk80ZXZQdldfY2NOd1M2ejZ5SVVzYWRqQlplNWlVTWZGaVJBSzVWUVh5YXFXVFExaXVTZkZJX0Iwb2pXRTNkWEpnQnVFOFhBc2ZfdDRtZnFRT1NxVFI?oc=5,Nevada utility customers rally against NV Energy demand charge ahead of PUC meeting&nbsp;&nbsp;KSNV
2026-08-14,2026-06-08,sector,NV Energy,Utility Dive,Microsoft seeks Nevada tariff to shield ratepayers from data center costs - Utility Dive,https://news.google.com/rss/articles/CBMitAFBVV95cUxQdEczSVdMeVJPOWRWYTd4bzAtQTFWaWY1RkNMcWhXcnF6RzhBMnZ0Y3RDdVlNaldvcUVyZzRYRHhfa3FyTFJMVkthVHFUNUNMdkFENTNnSVZfZGFvWWkyMU56TGhsd3o0TFBmQ3dHTldTcjNGVUpyclMxUjN6X1NLb3RpcjZ1eEdINXpMbkhLVTdWbmNnbXNqV255RFlhcXFzMVktS0RIUzk5SG1PT24zcUpYRHM?oc=5,Microsoft seeks Nevada tariff to shield ratepayers from data center costs&nbsp;&nbsp;Utility Dive
2026-08-14,2026-05-15,sector,NV Energy,KTVN,NV Energy responds to Fortune article about South Lake Tahoe's power supply - KTVN,https://news.google.com/rss/articles/CBMi9wFBVV95cUxOc182UTFqLVdjT2k4LVNLV3lPSjFCQm1BVTFHc1ZqTnhPUEYtRWVCaEwyLTIyNUNLZ0RiLVVjalh0bEk2aHZScjdoLWN1bDBCb3pDbWt1VUV2UTlfV3hPaDQ2bThZZm9TQjh3YnRVMTZUWlFSRnJ0dU15TWJVaE82YkpPZ1A0SkpHTy1WSWdXOTVqaVI2SzFoTnJuancweTRYd3ZBQ2lWV1FraWh3WjNVcmFRWU15UUlJaVlVQlVaMWtPdHFuaGFwWmQ5LXZsRVRNbmxjN1RvMVA1MG1tWTh6VXZvZzM1OEhUWi1SSWlfTFdaUVFtc3Qw?oc=5,NV Energy responds to Fortune article about South Lake Tahoe's power supply&nbsp;&nbsp;KTVN
2026-08-14,2026-03-31,sector,NV Energy,ktnv.com,NV Energy pushes back daily demand charge again. What does that mean for you? - ktnv.com,https://news.google.com/rss/articles/CBMiqwFBVV95cUxNMDZsSEpjVDdkMTBjTXJqdEF6aWhZbUhIYklXdjFKOEZvWE5YYmtHVjJzR045UEt5N0FKMTZ5TU9UMHlEa0dxM1J3elZWcHE0TW9Wd0FNNThJQWkwajBQRGZvQkg2aV9SRmNHWmQyWEZZUjVmWFFsS3drenpmS1JUSk1ma1pNNW43azk0VE05RHlpbHRRa2E5TTZHWXVYWWlqVEFqdkl4ZTFhSW8?oc=5,NV Energy pushes back daily demand charge again. What does that mean for you?&nbsp;&nbsp;ktnv.com
2026-08-14,2026-04-28,sector,NV Energy,ktnv.com,"Viewers sound off on NV Energy: Refunds, solar billing among the top concerns - ktnv.com",https://news.google.com/rss/articles/CBMiowFBVV95cUxPSksyazdUZTYyNGJ2bWNkSU9WaWVCMUU4OFkwekw3ZXZoRFRwNUJvM1BnS2RQakpVOC1UdXJiZE9KRHdZd0R5MklSWTJzVi1Ndkk0V0VEVGJ4RF9TSHJYMGltSWp5eUxzOUJ2bndzbzlHQ3pkVkRDNEFTUXJMWmlrbDVlWnA3OC01TTU0RWp2TWpsenBtR3JYNzl6cDNzYVRjSkw4?oc=5,"Viewers sound off on NV Energy: Refunds, solar billing among the top concerns&nbsp;&nbsp;ktnv.com"
2026-08-14,2026-05-15,sector,NV Energy,Tahoe Daily Tribune,Data centers and energy suppliers: what’s happening with power in Tahoe - Tahoe Daily Tribune,https://news.google.com/rss/articles/CBMirgFBVV95cUxQbEFOY0JIUVdrb2F1c1dNS0V3cVNZVDdVWWduenlxVklUWkdfcUxWUF9aeWg2RzY5eHRQaGN5S21nc093U2psOTZHYzVWRXRfekpUeU1fS1UtSzR6alE0bUh0dmZuSk41TXVia1NibmhiVzlVMXB5YjRwNnBacV8zU0R3ejNRXzU2aFgyR1lxZ3NpaTFQdlJCdmgwUVVCLUY4a2ZTZ0tySTNoLVZ6YWc?oc=5,Data centers and energy suppliers: what’s happening with power in Tahoe&nbsp;&nbsp;Tahoe Daily Tribune
2026-08-14,2026-06-09,sector,NV Energy,E&E News by POLITICO,Nevada utility seeks ratepayer funds for wildfire insurance - E&E News by POLITICO,https://news.google.com/rss/articles/CBMilwFBVV95cUxOMDZtX3ZKMnJOcTJHNGtUTkhGWl91SVU2ZzJENUtYWGxPQTg4akN4Z2tZNDBhXzFrMngzeDRQY19KTTBsT2RzZ1lXN3k2SnBPakFENWdDR01OQTB3WjBfYUFSTXJyYU1SakYzTzA5OUN2ZklHUi1zZjJHZ1V4aURNaW1FNUlVRHphWXc4UC03cWcxcVd3eEZV?oc=5,Nevada utility seeks ratepayer funds for wildfire insurance&nbsp;&nbsp;E&amp;E News by POLITICO
2026-08-14,2026-06-17,sector,NV Energy,ktnv.com,"Southern Nevadans voice concerns over utility costs, transparency during PUCN consumer session - ktnv.com",https://news.google.com/rss/articles/CBMiuwFBVV95cUxPZUtreEJUMTdnbHJVR25fNlU5c0pGYTZvQ19pQVdydmpmRUxaemIxZmprUVBzdDFpOGlJQXdUOUFKZjFyM3FvazM1aXp1VjR4Qm1uOG5PV0JrYVEzRDhYdldwOW1nQ1QzN0NJNnhsVUxpbUpYYkYwODBDdDUzQkcteHJFNGxYNVhhUWJFWEhEVDZkS3ZxREw4QlR3SDU3UjZUM2FjekN5UEJ2c213cF9vRnd2TTZlVlB2RFo4?oc=5,"Southern Nevadans voice concerns over utility costs, transparency during PUCN consumer session&nbsp;&nbsp;ktnv.com"
2026-08-14,2026-03-23,sector,NV Energy,Tahoe Daily Tribune,Liberty Utilities to find a new energy supplier with a 2027 deadline - Tahoe Daily Tribune,https://news.google.com/rss/articles/CBMirAFBVV95cUxPVkFTd3haUDVHTWt1Q1B4VWJrSGg0aGpsWE5kczF4eDU5REtReXdkQ2NLWnFhRmpGYXQwR3lBcEFsNGJtTC1qTG5WTGxZbDNOVkl6MTk1QWt1M1pTZmZZTURzanRjY3c0SmVTT211ZHFMOGo0LWdkTjY4cUxsSFVMaUdYR0tZdjZUQ001QTZnUEtaUHlIemJ1WlN6QW15cEdzRnVNbU1IV2VNcUNK?oc=5,Liberty Utilities to find a new energy supplier with a 2027 deadline&nbsp;&nbsp;Tahoe Daily Tribune
2026-08-14,2026-05-26,sector,NV Energy,newsfromthestates.com,"Judge sides with NV Energy but peak demand case ‘far from over,’ says Ford - newsfromthestates.com",https://news.google.com/rss/articles/CBMioAFBVV95cUxQRjc2a3VHU1YyclRoWWhibG1qZHJmeUFYS1Bhb2I0SFZHSUlwRzRWZk82elF4a2lOdHNCY0Z2a3h4TzdFdzNEY1R2R3J6VzkxaDBZZmNocS1PdUNvNkdaYzVidXBkX19OYnFJbnNuYU9LbHJQV1RtVURRdkc4RURBSkNoNFhzcmdwZHFOZVZwdjVobW9vZnJZc3l4ckw1WTBV?oc=5,"Judge sides with NV Energy but peak demand case ‘far from over,’ says Ford&nbsp;&nbsp;newsfromthestates.com"
2026-08-14,2026-03-17,sector,NV Energy,ktnv.com,NV Energy demand charge puts rooftop solar's future at stake - ktnv.com,https://news.google.com/rss/articles/CBMijgFBVV95cUxQX0wzbFEycDQ1Rk1SSzdaVkNIZ09jb3V3VndHY1RadklLUjVLLW5rRHBrWC1uRGdZbXFEQ3NMUFdrdU5uamVtODJHdGNhbWhCMUo2V1djaVY0bW1LY21FWHQ5Sy1SX1RYMlVackw0SElZRWhKMERvN0t4U0M0WEhwRkNrTDJoOTQwTmZOQzNn?oc=5,NV Energy demand charge puts rooftop solar's future at stake&nbsp;&nbsp;ktnv.com
2026-08-14,2026-07-15,sector,NV Energy,ktnv.com,NV Energy says it's begun issuing refunds to previously overcharged customers - ktnv.com,https://news.google.com/rss/articles/CBMipAFBVV95cUxNWXlFeEI3RUZtUzR5T2JqZ3FYUmdZZUZlZWVpemRMNTR2RWo4T2JUVFlzQVVpN3Z0dkhnejZ1VlZnWDlUeVN2UnczTFpwUU5JZWFYdlYwNEpZYl81NnVBUnhKdnRPWUFMVWw2NTZ2S2hZVnRLRTRmQWtJVFJxNWE1MDhzQmJBWk5rU01VcmlFQV83TzRzYjdLUnEzcW9NMmp0VEEwQw?oc=5,NV Energy says it's begun issuing refunds to previously overcharged customers&nbsp;&nbsp;ktnv.com
2026-08-14,2026-01-15,sector,NV Energy,KRXI2,NV Energy argues it shouldn't have to fully reimburse customers for $65M in overcharges - KRXI2,https://news.google.com/rss/articles/CBMi2gFBVV95cUxPbHk5S05YM2pHTDVhcVhwUlNmcFh0RlhsRGdTVlJkTW1TUmNUbk1PR01GVnJWc3N3cHVHazhRTmpVT1BSY1ZiTHVaWGJyNDBKOWJWOGJxbmQ2T1lnLVVWaWdKU3hoaWczUFhlNU9vZWVvcDVvbU9FQk42c2x5MnVtaTFDVmJnVTkxaW1xZU9maTh4STJjZkl0UW9mQ1BIemN3Mlk2SVJxQ0hWYTRCcTVvNXNCM3M5ZjNLY09heldtQjEtYVdIbXpEZEx1ZnI0ZERBdEJscm1SNURwdw?oc=5,NV Energy argues it shouldn't have to fully reimburse customers for $65M in overcharges&nbsp;&nbsp;KRXI2
2026-08-14,2026-07-06,sector,NV Energy,KTVN,"NV Energy reports 90+ NW Reno customers without power, down from 4,400+ earlier - KTVN",https://news.google.com/rss/articles/CBMi8AFBVV95cUxPVEcwWE43YVZjN3NVaWF6X0tHVGFpU0JMbm1kYXZuQXR3WExVUXJjZ3ZpYjkxOUpsWnJrWXpsQUNTWFpMTE5QLUcyV3BKTl8tYmxESTlHOXJVY1dJTEZoS2FHWUZqM05FY2tCSXFIZmZwck1XeFcxR0d1TnlIZkY0RndFR1BORjdkbGhOdmZyOWl2bU9OR2ZHZWJoMmV1WnZuM3dQLThsOWNrbGhPMlN3ZGpSODA3c3NSci1kN3BqU3dKcC1hbVNsVU5LQ3lnOGlwWV9YaHZRdjZzQmgtYUhRSFExazVDRml2c2d5S3hlOU4?oc=5,"NV Energy reports 90+ NW Reno customers without power, down from 4,400+ earlier&nbsp;&nbsp;KTVN"
2026-08-14,2026-03-31,sector,NV Energy,Las Vegas Review-Journal,NV Energy demand charge pushed to next year - Las Vegas Review-Journal,https://news.google.com/rss/articles/CBMinwFBVV95cUxPWXFtVmVZcVBFbGkwRFNFbHlpUDBxb3RmdnJ6NTlrWGdLRzZKZGpQdkszMVJZWnhIeWZGV2syX2lDbG1uVnRDeEU3NS01bnVxeVEzNTVXWHkzeXVJNUd0RlEzeVRUUm9DdldIYTJDOWVENEh4VHBscVNEYkxreFMyRVhZeHVILXU3SGpYVlVfQVN4TnUwRHFvamNLVzlkeFk?oc=5,NV Energy demand charge pushed to next year&nbsp;&nbsp;Las Vegas Review-Journal
2026-08-14,2026-06-16,sector,NV Energy,KSNV,Las Vegas residents urge PUCN to cancel NV Energy demand charge at hearing - KSNV,https://news.google.com/rss/articles/CBMiqAFBVV95cUxNYlJfWVJyNjNXMEo0UVQybGpIOGdZVWFZeWRrUzVuOGtvdW1Pc0lyTk9lR0RHWHA0bEh0dlU5aVJqYVR3RVd1OXhkRUtuNS01WG1vNXdleVJLcUtNWFg5aG9jbWRGVHZwLW1ZelFuaEdYZFFKdkZ0QnB1aW8yUTRBWllKbWtKbnJaYTlSN3YxZFFXNS1yNkRYWTNVcG80Z09XQVpOOGh0YlU?oc=5,Las Vegas residents urge PUCN to cancel NV Energy demand charge at hearing&nbsp;&nbsp;KSNV
2026-08-14,2026-05-13,sector,NV Energy,Yahoo,Utility Provider Cutting Electricity for 50k Lake Tahoe Residents to Power AI Data Centers - Yahoo,https://news.google.com/rss/articles/CBMilgFBVV95cUxNSmRpUXcyQTBFbWhGYWtYVzJDWDdsN0g1TXdaU2dXdmtzNDI4cUEyMG1Qc085NWg0eExWeUdmVG9JNDBuek5TTl9BbUFJbFFkR0doU2h3Z1RkUWxMTU9qdkVXTkxtckZWXy1fZmpjNEZ4QzVaRjA1QXFHTXk3RUFFQmhoay0tUkhMQWpaTU9MSWc0WTMyb1E?oc=5,Utility Provider Cutting Electricity for 50k Lake Tahoe Residents to Power AI Data Centers&nbsp;&nbsp;Yahoo
2026-08-14,2026-05-12,sector,NV Energy,Fortune,"'It's like we don't exist': Nearly 50,000 Lake Tahoe residents face power loss as utility redirects lines to data centers - Fortune",https://news.google.com/rss/articles/CBMiiwFBVV95cUxNVXdBZlJWTmY2OERRbGxGcWFSc3FfbjBpS0RCV1BSRUZQY2g1LUtENWlvbzFUbFB5OXY4MlBtd2I2Tmo5cV9zYTEyX2UxQjFZWGRYVnNGTzRmcEFyRUxRb2tWTHRSZ1BDU0JlUkd0UzNEWGNhWmI1ZVMxNFhKVVNua0pzbl9odlNqQW1n?oc=5,"'It's like we don't exist': Nearly 50,000 Lake Tahoe residents face power loss as utility redirects lines to data centers&nbsp;&nbsp;Fortune"
2026-08-14,2026-06-05,sector,NV Energy,Tahoe Daily Tribune,Could North Tahoe and Truckee residents be impacted by energy supply changes? - Tahoe Daily Tribune,https://news.google.com/rss/articles/CBMitwFBVV95cUxPMlV2X1pCMWt1OWF6UlJiVGM2N2k4NFIxQzRtTEswelFMWTdVbHE0c1o3Ykl0Z19QUjR0Y1h3dEJ2R3RaNmhOSHFFejZKRkMwZExMUk5XalBTWktEOGVLZTB2ZFZpZWgweW9nbFZueXZSVXBBaFdTcml3WDJKOEJiMjExbnpPMmxDV0p0d2x3TUh2VkFVcndXank5NjhWekgwYXl2ZjVsWXB5d1pqRW1CVnJHbVBVOVk?oc=5,Could North Tahoe and Truckee residents be impacted by energy supply changes?&nbsp;&nbsp;Tahoe Daily Tribune
2026-08-14,2026-04-29,sector,NV Energy,ktnv.com,Southern Nevada advocates push for long-term solutions to help lower locals' utility bills - ktnv.com,https://news.google.com/rss/articles/CBMitgFBVV95cUxORTRFWGtwS29UTGVIRmpnc2pNTzBMc1hIc21KbHhFd1BBSW1tSlc1NEZwRmt5anNQT1lkb2UyR0ZuSks3bVo1bWllTUY5SjVUM0pLOWNXN3V2aUUycmZULVdoaWRUZEhrX3o1RmhfUy1TZnN1cGNRUVVyZW5KYkpBMG1Dd0JONnZnOXBwVk80UkxvbEZPM2hrVGp6LUNibmcydFQzNGF6RVJqQkJnVk1EajNkNDE2dw?oc=5,Southern Nevada advocates push for long-term solutions to help lower locals' utility bills&nbsp;&nbsp;ktnv.com
2026-08-14,2026-06-16,sector,NV Energy,KRXI2,"Tuesday night outage hits Reno and Sparks, affecting 70,000 NV Energy customers - KRXI2",https://news.google.com/rss/articles/CBMirAFBVV95cUxPUGdkdV9DaWpEN050YVZvVEFFUWo4VXlGV3ZaM0Q5aWg4WldVVDFqdFE4T1UtT0JObnNEUUxLXzlrYU1YbThTVkcyN0lITHZ1c1BmZGZIQzRveHZOUm9NWk5JTThRR2JNRURrVTloLURMcmwxLTdBa3BWZ2c1YUdrNi1MN2MyNFkyYUllSndWbTlTendjSFBINXVDNWI5cWtwQzlaY3ljd3ozM2I3?oc=5,"Tuesday night outage hits Reno and Sparks, affecting 70,000 NV Energy customers&nbsp;&nbsp;KRXI2"
2026-08-14,2026-04-02,sector,NV Energy,newsfromthestates.com,"Ford would ‘halt’ NV Energy demand charge, battle Trump policies, says campaign energy plan - newsfromthestates.com",https://news.google.com/rss/articles/CBMiyAFBVV95cUxPakRoR3FGRkoxUTY2THJ6eVpfQWV1eThkOUdrV3RNallWcnVyX1pRZS1HRnl3eHozNEcxbkdzSEM4d0V3WjQtd3FDam96N3BzT3RGVnBVcmpZdjZ1aEN3b200MWtZSmtHSGh1NlVNOUxTeTZKM0wwX2FHODVYV2dELUZhRmRiTU9maE1OejI2MkV4eDhzcWh3c2h6WnBWV3NRNXlMU2ZOOUoxeHpGU3RwM0dYWWRsVkpCQUp5bkQ2aVczN21ZMW5kUQ?oc=5,"Ford would ‘halt’ NV Energy demand charge, battle Trump policies, says campaign energy plan&nbsp;&nbsp;newsfromthestates.com"
2026-08-14,2026-03-31,sector,NV Energy,newsfromthestates.com,NV Energy’s peak demand charge postponed until Jan. 1 - newsfromthestates.com,https://news.google.com/rss/articles/CBMimAFBVV95cUxNaTJ5OU9xczhjakcxdVNQQ04zeGtrSDN0aTRLdndnOVp6cUpPQUVLcXg4NUNhZ1BsRHctTjRYbTdVa1A3SHhwZE15N19GMHo1VTRnX2RiYldwOVltTFc3eWpBenpUMmpVWnMyYlZHb0t0WnZBWW1VWkptbTc3blQ1enQ0SUM3dmxRMEFBMG9ITmhNM19aTW92Wg?oc=5,NV Energy’s peak demand charge postponed until Jan. 1&nbsp;&nbsp;newsfromthestates.com
2026-08-14,2026-06-16,sector,NV Energy,ktnv.com,PUCN annual general consumer session happening Tuesday: How you can have your voice heard - ktnv.com,https://news.google.com/rss/articles/CBMitAFBVV95cUxNZ3JtcGRrNzhFMGNrSUtFVHE4aC1UbWhUTzJkT2VTNGhkNDMyQjVCYTBoX2wyeE1DWFdjRkc1bnluSkxWelhJWXVlTXRmSng3ZXBUTm9CZVZMZUJRZTdGQWJ5eFhJZ3BPUXVCWXUxQXF6bGVIMFVhVHp2cDVyOWxIbm5NTDdIbDNGQzUzMzhYenlCOE1Id0VjRGdJeUczWmJzc25SWjRRN0RrQzlNQmVBYVdCUnQ?oc=5,PUCN annual general consumer session happening Tuesday: How you can have your voice heard&nbsp;&nbsp;ktnv.com
2026-08-14,2026-05-19,sector,NV Energy,Los Angeles Times,"Commentary: A surge in Nevada data center construction threatens the electricity supply for 49,000 Californians - Los Angeles Times",https://news.google.com/rss/articles/CBMi1gFBVV95cUxQTUFmUWh0c0pYQ0JCeEJhYTZHZFRtRmkwYUszM2NKR29vbFJEZVdzRGlKSjAzMWtNTHluLU9pUmM3Vk1qZnRtRVlUcjNWN2pGc0h1TXV4SXdjRzFXNXo3Y1Y2aWhyQXRiRmc5WEgxQUNOdkxRQWRyUnJ6R0lUSVN6TGJzVXh2Z0hxOUFUSzNFZi1Ic2FHRnhJSnBmalV4Xy05TzBjQVU4Qlh6UW92bXI4UG8wWGJTcG5jQnJaOTcxNklWUXdUY2tXNjZha1dDb2ZFSWRaRXlR?oc=5,"Commentary: A surge in Nevada data center construction threatens the electricity supply for 49,000 Californians&nbsp;&nbsp;Los Angeles Times"
2026-08-14,2026-05-15,sector,NV Energy,ABC10,"Lake Tahoe region seeking new source of electricity, as current wholesaler ends partnership by 2028 - ABC10",https://news.google.com/rss/articles/CBMihAJBVV95cUxNSXBOTkdSRHNua2hSZXlYVXYzdWNwWVNzbGswLUlvNmduSnhLOFZoV3hDZlZGY21UcmtrdFI1Mm1QUE1tNkgwaVlHcEtRTmxfZi1XQkRhdTMtX3JQekMxWmRYaW9iMVFGWmZJVkdaeGJrV3I2WmlJTVQtNkh2Z0xYZmNZS0VSRlFUUVNvdDZGcGtDZUtPd3c4TElVRmtUR1E5M2pVMnVoZkhXUW1pV25MQVV1cjZaY2xrVTY0WUZTX09WWTZ1NWZDclJWTGhMRElQclN1SmxxYlRKdmtJUDQ0cWZqNDJ5Y0VCbmtZR0NjcjNrZXdEOExaa0hrLV9CYlV4U0JqZg?oc=5,"Lake Tahoe region seeking new source of electricity, as current wholesaler ends partnership by 2028&nbsp;&nbsp;ABC10"
2026-08-14,2026-01-20,sector,NV Energy,ktnv.com,NV Energy pitches $65.5M in refunds to end overcharging investigation - ktnv.com,https://news.google.com/rss/articles/CBMiqwFBVV95cUxQWkcxOHo0a0N0eE1vcTNLWnVERm5IRzZYWmxFTEh2ald6R0tfZG5YU0E3NDZNYmxWVzh4RWFDWTRKTnlJTXdBY3ZOYkRlVG5Sb2NrSTFIWVI0MkhCZlp0VkFMSS1hcEZtYzJQQTJtSnZNcEdfc1VQa3k1Y2g1YUNBNS1NVkZ5WUs2dUI2eGtWVXRHRF93T21TVHVtTzdob3RYdllqMHlzSkRjam8?oc=5,NV Energy pitches $65.5M in refunds to end overcharging investigation&nbsp;&nbsp;ktnv.com
2026-08-14,2026-02-24,sector,NV Energy,KSNV,Nevadans to get $63M in refunds after regulators approve NV Energy overcharges settlement - KSNV,https://news.google.com/rss/articles/CBMiuwFBVV95cUxONDNzMC1yMEVadmp4bmNIdGh4aUdRQzlLanA0YzRlQXl2SWlnMkpBbFNqUTBZREhjcEVPTEY5UUpnYWxqZ1NTNHVQeUluSUJ6WW1QcDFLZXBDZjJQYnhHSTJ6dmdDX1E3bkdIX25wOVdDdlJmQXVNZ1dIOTRTSF9vazdQMXpzWTBNVmFCTzM5dGFMQmtkMHBuR1NqQzN3TGNMSGZsaFo4UzJJdmtNN0JhTmJrUV9LSGI3VlhF?oc=5,Nevadans to get $63M in refunds after regulators approve NV Energy overcharges settlement&nbsp;&nbsp;KSNV
2026-08-14,2025-11-18,sector,NV Energy,KSNV,Public Utilities Commission upholds NV Energy's demand charge amid controversy - KSNV,https://news.google.com/rss/articles/CBMirAFBVV95cUxPR1gzenE4RE9ldm0wVlVXamlmeWlVeU1FM1VUT19RcDNGeFV1eHhmVFhoTjczU243bE1SX1R4bWt0OGk0dlJQWXlPdC1Lbk9YLUdvWlRZS1RXQUlkYjdMRVhxdm9OTUlmU3JHNWFZOFVwQS03Zk91NDV6WVg1MXBRdmJ0WlYxeVh2bVpTVlhsaFM2b09XaWdaUkktVXZtWHhTb0pWWXNtbjBtZjZC?oc=5,Public Utilities Commission upholds NV Energy's demand charge amid controversy&nbsp;&nbsp;KSNV
2026-08-14,2026-05-15,sector,NV Energy,NewsNation,Data centers blamed as Lake Tahoe set to lose major power source - NewsNation,https://news.google.com/rss/articles/CBMid0FVX3lxTFBWWGFuOEdpX1VLOVM3SEh0QkRnNzVwWENLUGNkZ1ZYT2VpODhmYXhCdWotQ18wb3A1ckRRS092ZC1MRkRQNHctRzRfWV9EV3dLVVpwUDFZWVZVc3VfbDhrc2Ric1J2c0dYb2JpeE5OcmFYbG5Ba2NJ0gF8QVVfeXFMTi0xbGVaamlmRWgyWUxSN2NFSlFjanNLZHdTcnJod3BYdUVxVEY0c250ZkVFTUJqNl93T3l1R2E1US1Cek4ta1l6UWJtVWVkblhYdXIwNFYyZ3FLNUNXOHdJMmdBaC1UR1h1cl9mUDUzc1A1bVVObTVydlRIdQ?oc=5,Data centers blamed as Lake Tahoe set to lose major power source&nbsp;&nbsp;NewsNation
2026-08-14,2026-05-14,sector,NV Energy,Energy News Beat,Nearly 50K Lake Tahoe Residents Have to Find New Power Source - Energy News Beat,https://news.google.com/rss/articles/CBMilgFBVV95cUxOQjgxUGFfMjIwVjlTcnNQNUxtQ3JtQXJqSnNPYnA0dGxrZU1XeXNjbWJpYm5wblBPM3F1bEpPdDkyQldCeTNNNWt2WUhLWVpzS1hzTkpXZHpPblhiNzZ1Vy1zSll1VUNGZFpDTGwtYWU1VlMtNms0U29naU5DamowNXFMd21jR01pZkNkSDRhaFVWRkdhM2c?oc=5,Nearly 50K Lake Tahoe Residents Have to Find New Power Source&nbsp;&nbsp;Energy News Beat
2026-08-14,2026-05-14,sector,NV Energy,Yahoo,Electric Company Says It’s Cutting Off an Entire Town So It Can Sell All Its Power to Data Centers - Yahoo,https://news.google.com/rss/articles/CBMijAFBVV95cUxNRWN5UU5VVU9aRjhmcm5xS2pXX2Q4MGE4bzRjWXN4MkYtcTJSUXE2V0QwRGdSbHFwQ2t2Z3lyb1dLVjVjcE1xYTZVVlJxYzAwa1k0M1BSYURPN2xTOHFjRUtfWGROU1lXYmE3aXFjaEI0Sks2QV9GYmxWMzI0MVE1SWl1NzN4My0tNDlQZA?oc=5,Electric Company Says It’s Cutting Off an Entire Town So It Can Sell All Its Power to Data Centers&nbsp;&nbsp;Yahoo
2026-08-14,2026-02-24,sector,NV Energy,This Is Reno,NV Energy shareholders to shell out $63 million to overcharged customers - This Is Reno,https://news.google.com/rss/articles/CBMidkFVX3lxTE1MX0g4REJRRm9iQ2RIMVFDaWVZalhTTHlJd1NaTXREOUo3TFhzNk5kQWJmbFFQeUJBTTZ0b25NY1VJZXBqUlRrYklOR0EtWlZsSW1XcjZibDNnTDhXeFB6YjVwWWNZdU05UzhzcmIyY2R4RVBmNXc?oc=5,NV Energy shareholders to shell out $63 million to overcharged customers&nbsp;&nbsp;This Is Reno
2026-08-14,2026-03-28,sector,NV Energy,The Record Courier,Liberty Utilities has a year to find new energy supplier - The Record Courier,https://news.google.com/rss/articles/CBMipwFBVV95cUxObDZ1NmdnS2pTRzJrVFRPakl6MGNQRUtaSDdHQ0tnNEtxS1hwcjV2ekVZOHpPV0JqWFpweXZKclRLdHA5TlVBLWdaUWlSOVphZ1BWMHVyOGZ2OUI3WFhxMUZ1RFg3WGo1czZKaXV4a1dXV3JMaUtmX0d4YW5xdWhTbU9TOTcxM1lxbTFYR0gwamZsTkUtRGlWOVBsTnpqY3FNZzM2U0JDSQ?oc=5,Liberty Utilities has a year to find new energy supplier&nbsp;&nbsp;The Record Courier
2026-08-14,2025-11-17,sector,NV Energy,Las Vegas Review-Journal,NV Energy’s new demand charge likely to stay in place despite objections - Las Vegas Review-Journal,https://news.google.com/rss/articles/CBMixAFBVV95cUxORTlLZzFwS3Q1MmJvVnl2VDZCTTdSamI1V2ExcmVRRmExVldxc2JQM0tjZ0tnblhSNjBLeE5ObXlTZnRnV3A2X2kyd1RUU1NTZ0x2bXJLa3FQMDg3Wm1BUldCTVRMenRTQ3FiOG9qZGtYOUdYellMWExVZXVKbWI5NjZ0UXM4TkFhR2ItR0RJZXJac2RxUWEyR2wtY2RrTWhnWDFEbjh5a1BIbkVWc1VnT01zVWJQS3JDcGVVaml2V1BUbW44?oc=5,NV Energy’s new demand charge likely to stay in place despite objections&nbsp;&nbsp;Las Vegas Review-Journal
2026-08-14,2025-11-09,sector,NV Energy,KSNV,PUCN may reconsider NV Energy’s daily demand charge as customers push back - KSNV,https://news.google.com/rss/articles/CBMipwFBVV95cUxPZWx1dWo2bWJWbWM0eDJ4ajJ1Mk5VcmlRamZWVnZTalJSOVJxSGlzYXEtcjQ5aFZZMUlMc1JodWtWdVdEaHF1eDc2MEN5eExtS2dmNGtuTnpkeEFYTE9ON1Q2LUI2SW05Q05NcU5ENEU2VFE5cS1MaVQtT2xyZVJXTXlDN19DUGR6NmllaDk4cGR4VWxGdnc3VkF1cGhycXgyc2tCT3hYZw?oc=5,PUCN may reconsider NV Energy’s daily demand charge as customers push back&nbsp;&nbsp;KSNV
2026-08-14,2025-11-18,sector,NV Energy,ktnv.com,PUCN votes to maintain NV Energy's daily demand charge - ktnv.com,https://news.google.com/rss/articles/CBMihgFBVV95cUxOejgzU3J1dDg0NlhjbzJHNnRkRXR2RGVyMi1SVWNjTXV3MHRpWWtBNHBEenlwbWhBMTUzdUhvc1MwblE3Sk1zeDRaa0U5eVZDcmE3YTUyN3NncDRDc3JTenpnLVQ4enBlYUNfRDVPNW4wNDRsNG9FLXV2Zmt6NjgwTC1oclJ3Zw?oc=5,PUCN votes to maintain NV Energy's daily demand charge&nbsp;&nbsp;ktnv.com
2026-08-14,2026-07-03,sector,NV Energy,Reno Gazette Journal,Can a cable company put utility box in your yard? Reno man fought back - Reno Gazette Journal,https://news.google.com/rss/articles/CBMivgFBVV95cUxNVXhuOVMtaTlBUjFoV3hNazJoWjQxc1E3RXppYUw4Y1l6Q2lNb09ENk1zV0l5eEdTbnFyeV9LVzJXTXByV2xoQVNRRFI4NTh0Z2lvSUNSOEpXeDFKZkdmMzFwY2NSVy1fLWxSYmFEUzMzNUZzZXhLLTYwZmV6VFkzY2VrdG5mb0RFbXhudUxyNTJWNzFKLUFzTE1USElVakZrVXRuM0lpR19fX0Uya2wybnRnODJHSTdEbGlBeGNB?oc=5,Can a cable company put utility box in your yard? Reno man fought back&nbsp;&nbsp;Reno Gazette Journal
2026-08-14,2025-10-21,sector,NV Energy,Utility Dive,FERC rejects NV Energy plan to allow free exit from interconnection study - Utility Dive,https://news.google.com/rss/articles/CBMigwFBVV95cUxOdzBobEZEUDlOeUpFVDY2UGlidGNldlhRXzloMmUwejZPYnNybHhFNi1seXlqcHMtTjFxMC1hMV9UTVNaOHM4LXREbkRkZ0o4dGt3SkotTmMwVkFxZzhJYUFCd0t5ZF85N2VBcEN3UzhESzNTS0J0cG1LZnNUS2hoVkNUSQ?oc=5,FERC rejects NV Energy plan to allow free exit from interconnection study&nbsp;&nbsp;Utility Dive
2026-08-14,2025-10-14,sector,NV Energy,ktnv.com,Nevada regulators demand more data in NV Energy overcharging investigation - ktnv.com,https://news.google.com/rss/articles/CBMiogFBVV95cUxPZXp5TW5hZTVQY3RRaUloT1lBajdYMHJtOUI1NVAwcGtVNG1WUmNydHNsSEtRdW5KRU5YdmpmbmIySGZhN0lEbU9McnVFdkdlb3JvV0taRHlXdUxrMnlfQWdwWUo3N2IwdWkzUWxqcTBibXhHOGd2T3BJMkIwMmxrbWRnSFBmWno2SjVZZGZDZllSRUQ1SWdCUFVkUGZpM2JFS1E?oc=5,Nevada regulators demand more data in NV Energy overcharging investigation&nbsp;&nbsp;ktnv.com
2026-08-14,2025-10-27,sector,NV Energy,Las Vegas Review-Journal,AG’s office calls NV Energy’s new mandatory demand charge ‘unlawful’ - Las Vegas Review-Journal,https://news.google.com/rss/articles/CBMiuwFBVV95cUxNOTRQRURrQ24yMUNOVjJYYm1oOGx3bWRaR1QyQkN0aVBJVzVfS1ZkMDFqTzloQkJkSXpnM20zbkVxNmFOQU0xSzZDTUhzdEx3RmF0dUZIUTRyTENfSE1ETzVzdmp0V2dHVU9wdXlzOXJEVmVQZTJ5TXEzRTYtSl9KVkdwLThHVkt3RlhCRFRhNXFYbzJPcmZjendnQXRhOS1RMEs0MlU0LUNhTUJ6X0xrUXRBdE9DemE2dXNV?oc=5,AG’s office calls NV Energy’s new mandatory demand charge ‘unlawful’&nbsp;&nbsp;Las Vegas Review-Journal
2026-08-14,2026-05-13,sector,NV Energy,The Independent,Lake Tahoe’s major energy source is being diverted to power AI data centers - The Independent,https://news.google.com/rss/articles/CBMipwFBVV95cUxNY0lxVHZGQmFlWGkyQUl5aWpUdUdlX3RNRlNpMDRNRkYzaTQwbEVmZlVMQ3V3LVkwSVRvbXhvNG9aUEtrV0FjRFVLcXZXb2YxNFJaUnU4aVBxRkxNZjJ1LXI0X1lQV0NjVjN0QmxjSnQxNWxkM3BJMUZRc0JDd2hYZjBYWXk4MnFlNUt0M2hWLTZlWmJsN0Q4cDE0WnVRRlJuQXdib1NqTQ?oc=5,Lake Tahoe’s major energy source is being diverted to power AI data centers&nbsp;&nbsp;The Independent
2026-08-14,2025-11-06,sector,NV Energy,KLAS 8 News Now,"NV Energy overcharged customers $65.5M, documents show - KLAS 8 News Now",https://news.google.com/rss/articles/CBMimgFBVV95cUxPeUpoRFZNWDJWUnFRZHdneFU0R25MOUxTY1lUMFR2ekxPWWM2b3ZqYk9uejIzUVN1b24yU3BPeGFSVHc3N0h3SkdnbkJwMlRJdWdRSUVFT0VYQVJPcTlKLWJSWEM0STRrMFJVMzhaRnJNZ0J1VmRhSWctY3FlcEI5VThVNllfSFUzX0s1VjUxeVRKb0l4MTRhNmZn0gGfAUFVX3lxTE5maEdDQm9PVERKZF9jTGxmR2pPMURrVnMyRVgxUFU3cFJkMXFBTTZYLVJqc3hCVE9FNVkyTE5sZHZfOTFyNkYzaG9aenhaRHRsc0RzVGZIbjFfSnY3ZXdEcWJLNmVzOXU2Q3ZPU2VFVUhMUC1DRzJyMHVvcWNuRkhlYjBOWklCX3I3RXNONEozT0pCeDNPaElOckQ1OGExRQ?oc=5,"NV Energy overcharged customers $65.5M, documents show&nbsp;&nbsp;KLAS 8 News Now"
2026-08-14,2025-11-07,sector,NV Energy,Reno Gazette Journal,NV Energy overcharged customers $65.4 million over more than 2 decades - Reno Gazette Journal,https://news.google.com/rss/articles/CBMiwgFBVV95cUxQWVVmRThtM3JGMVNheU96a09OQVBBX3lqTnptNl9OeE9PZTl0dDBKQVJqVk5KYUtxWVVCLVFJQTBwNFd1SWdNalRaVG9MS19JdGFkS3hVMXRKcEkwdGdmNkZVODFQMHhzNGs0X3pPSE52emlpcmh6V2tfWktnUU5aOS1XazFoanNONTNveDg1ckhhN3BXeXRnaWRFZTVQbEVzcGNfSFhqZ1FpTnEzVW5TVzhzQmtHaEFoM0VqRHgtM1U3UQ?oc=5,NV Energy overcharged customers $65.4 million over more than 2 decades&nbsp;&nbsp;Reno Gazette Journal
2026-08-14,2026-05-15,sector,NV Energy,Reno Gazette Journal,Data centers in spotlight as Lake Tahoe scrambles for power source - Reno Gazette Journal,https://news.google.com/rss/articles/CBMi3wFBVV95cUxObm9sWWV3eUpCYk9wMUIzeHlIcnlHS0NfYVQ4cm5abTh6Um9fSGJQU3RtYUdYX01zWlB1SVhWcEdVVmRzQ251elhoejhhWWZvSTlyaFJTNlZnTjVCeVJOSVJDSkIzSUdBMkhleHNUbWpyQWs5UHBlc0h4X1lRYTFiZUF2V2pFZVR2ZkdtVGVfODZBMmY0SzZOb1pIMmpKcHhGR2t1U1dqdnUxd09RUjlBV3NRZ2YzQ3BSR2RHZ0lib21qVDRKaVZPcjZwUTlQUDNqalpNd1AwRng3WHYtc3Zj?oc=5,Data centers in spotlight as Lake Tahoe scrambles for power source&nbsp;&nbsp;Reno Gazette Journal
2026-08-14,2025-09-18,sector,NV Energy,Las Vegas Review-Journal,‘Unprecedented’: Data centers want to triple Nevada’s energy grid capacity - Las Vegas Review-Journal,https://news.google.com/rss/articles/CBMixAFBVV95cUxNWE9neDdCWTJtTEJPRWpxcVB1TU9KMGJoMk85UUZmWEZRbXJJU2FMM0ZaYjlrQ045VlNkNjNleXNFRkYwNXZPYkVkek5SbldYblJBS1ptOVFXOTdtQmVNc3hnUmV2aXZhTjRGb2VOa1hGSHpYRm5PcXcxT0R5TDhjWE5TTTcySWpycTR5eG8zSmhPN0NYbHRNUnZVVXVYQXZ6SUZITXlBakRiMlE3YkQtZi1ELTZiTEtBZ3lKV2ppYUlONkNS?oc=5,‘Unprecedented’: Data centers want to triple Nevada’s energy grid capacity&nbsp;&nbsp;Las Vegas Review-Journal
2026-08-14,2026-05-13,sector,NV Energy,TechSpot,"Nearly 50,000 Lake Tahoe residents have one year to find new power as their utility pivots to data centers - TechSpot",https://news.google.com/rss/articles/CBMikwFBVV95cUxQdlAzci0zb0lqLTZ3c3duM1hXUVdxQlBQLXc4YkZucUE5SDBqOFhwWDhoRXpqcWREcXA5TFNUcFczUGJsSW1qZW9NcTJ5OXY1U01wZzN6ajFESWRqRndRY01Ib2VxbTI0anltV2xkTVJoc3R5VTFGb2VWQWFUamF6ZEV3Um9xclJDOUs4cVpoZU9xbUk?oc=5,"Nearly 50,000 Lake Tahoe residents have one year to find new power as their utility pivots to data centers&nbsp;&nbsp;TechSpot"
2026-08-14,2025-10-09,sector,NV Energy,ktnv.com,"Good Morning, Las Vegas: Rain chances today, NV Energy facing fine from PUC - ktnv.com",https://news.google.com/rss/articles/CBMivgFBVV95cUxQNEpLU3RDU0lnQmp5RU5JVWh2T05UTnpfWW16YXR4ZEFKaTFIM2UxN0JFcVZ6RVJ1NXFzcHhqRVhNRWZMcmltVFloLTNOOTUzZy0xY0QwbWlJYkRWMWFjU0gzZlU0VXdUdUxtUk1zZndaZ3N5WlJRWWpmV0d1YkwtUVczRWtQb2pueDlGZDJEMjlOckFWY0NDNEtCcGM3YkpnZmI3OFFOcUQyaFpqNWI4eHlkYll0T0hUNlZNZVB3?oc=5,"Good Morning, Las Vegas: Rain chances today, NV Energy facing fine from PUC&nbsp;&nbsp;ktnv.com"
2026-08-14,2025-09-23,sector,NV Energy,ktnv.com,NV Energy's new billing structure sparks concern among Las Vegas residents - ktnv.com,https://news.google.com/rss/articles/CBMioAFBVV95cUxQUlZvRFZDRG1fR3I0N2xTSkJHSkd2OWlHMzl4akh4MF9yY3U5RThRYzVfTkl5RlZxQlF5QWt4bmN1aUVNUDJuV3lVOFpPYURNNU1tQzRCd3AtM0VYd2dwNmJDZUVaMjNleFdMQW5McFpoUlpIU2RDNTBBM3dCMVFxbDN4Z0g1V242ekNZYWUzVlhNM1BVTThtRlhmcktTYk5B?oc=5,NV Energy's new billing structure sparks concern among Las Vegas residents&nbsp;&nbsp;ktnv.com
2026-08-14,2026-06-05,sector,NV Energy,greenmatters.com,Tens of Thousands of Lake Tahoe Residents Stand To Lose Electrical Service as Nearby Data Center Syphons Energy - greenmatters.com,https://news.google.com/rss/articles/CBMiZ0FVX3lxTE1lSlhrTWJxTTdseFpDM29xUFN0VUE0UWREUnNmZm1tTkFpQV9Qang0UGlxNlo0NTdCd1d1Zk5oR0pqeDg0ZnRRMVA1RnpEQl9iUHJ0TUtvcWlCVWc5cUlhU0d6V3pfb0E?oc=5,Tens of Thousands of Lake Tahoe Residents Stand To Lose Electrical Service as Nearby Data Center Syphons Energy&nbsp;&nbsp;greenmatters.com
2026-08-14,2025-09-24,sector,NV Energy,ktnv.com,‘First-of-its-kind’ NV Energy charge sparks outrage among Las Vegas solar owners - ktnv.com,https://news.google.com/rss/articles/CBMipwFBVV95cUxQMWZ1MlQxbVBwbzQzZUlLd0lCeFFtekl1T0NVcEE0MHZYNkJxOEhFMUpxLWtuOUpMbldyVUpZUFl3WmRkZlNqd0ZaSk4yNE5adktUVWROdGhab3Z4WTNDUHlHS0VoTHc3UU1TUkxDeThZSm9FZHJVZC1qeC1qa2tTUjZWbENTSFYyR2NXbXUxdEJNb2cyNlNpSWNpdk5HUHFwbXJucTg2QQ?oc=5,‘First-of-its-kind’ NV Energy charge sparks outrage among Las Vegas solar owners&nbsp;&nbsp;ktnv.com
2026-08-14,2025-11-05,sector,NV Energy,KTVN,"NV Energy reports 1,540+ customers without power across Washoe County - KTVN",https://news.google.com/rss/articles/CBMi5gFBVV95cUxNRUhzRlBGT0VIa2xsclJLY2NJZDNuU2tjQnVReVJFOWsyNVROTUJQcEhIWDFjT3dQTDd2UW4wZ1owSDZsNHZOVlhHVDF4ZF9waERnbTJ4WDFGa2lvU0FWMTczd0FvVl9qRk1hYllKMC0ydEpGX25ROS14LUdhMFZpUnJ5R3dBcjNDUFh1SG91R3h5RWdfZ2YtdTZ6dUVabWt1bU9jdFl6WGMzVXUwX1Q5RTJyelZWUXZNTXFMcXU0SGYwTFpMa0NiaWlNa2NnR29LYi1DbGlWOTBNMnkxTGEyRmpURmFEdw?oc=5,"NV Energy reports 1,540+ customers without power across Washoe County&nbsp;&nbsp;KTVN"
2026-08-14,2025-10-23,sector,NV Energy,ktnv.com,Local electric vehicle owners concerned about new NV Energy charge coming next year - ktnv.com,https://news.google.com/rss/articles/CBMirgFBVV95cUxOR1VlS1VkWkJvZXJXNk9meXNsbGVhNm9XRkl5NEoxWWxUWFJZTkxGRFU5Ny1SOVBRMTdNU1N3OXI0NzhJVnZNb2lfVlYwNUtKTmJKVDUzeFdqaTFOWDJMdVVxQTBsWDJHLVZmZm5QRl93S0FMblBsZlJPcFdDa0JaU21oemdkVlp3NjRXbGNIUXNpd183azNBcnNnS0FXdWZoT3NFVjNoeVJlQnZjSGc?oc=5,Local electric vehicle owners concerned about new NV Energy charge coming next year&nbsp;&nbsp;ktnv.com
2026-08-14,2025-08-19,sector,NV Energy,Utility Dive,"NV Energy seeks FERC approval to give wind, solar developers free exit from interconnection queue - Utility Dive",https://news.google.com/rss/articles/CBMikgFBVV95cUxNaDBPUHVmM0hUN1paLXlzTk5jYXI5UkozOExUYlk1YVAyT21vS2thUnpVZkRZcXpvVXRZZEVuMllod0VvdWdLR0xJMGtBYmtwRlZuNUF3Qzc1Q0Nxd0NoSWxKSTBxaU11c19qcllsRUZ4QnJrdVVsZTBuVEtVQlc1MTRjN2lFZnliTlppakx6aEpnQQ?oc=5,"NV Energy seeks FERC approval to give wind, solar developers free exit from interconnection queue&nbsp;&nbsp;Utility Dive"
2026-08-14,2026-04-08,sector,NV Energy,Tahoe Daily Tribune,‘This is so broken’: local advocacy group calls for investigation of Liberty Utilities - Tahoe Daily Tribune,https://news.google.com/rss/articles/CBMiwAFBVV95cUxQbzkwSVJUU2Fzd2hlWmhwVUQtazJiUzFkY1RQREJ6VkRxRVlXdGNwNnJEUE84WktjaDVZYkpyYjJoczZSMFZ6VlZWaU5DN3RCdEwxaDdJVC1OaW10ZjZSSzRWdERMLWt1NnRFYVQ3akhaOTY3eXRadXRvUzlzV3lIemx5Y2NhRFJLN0VielNZUzlMeWgwLWhhZlZYZmVyNGNVeFJJbjItdDlPTDRQdDBfb2xYYTY3Y0kyRllyU3J0eGU?oc=5,‘This is so broken’: local advocacy group calls for investigation of Liberty Utilities&nbsp;&nbsp;Tahoe Daily Tribune
2026-08-14,2026-02-26,sector,NV Energy,The Economic Times,Did you overpay? One state must refund $63 million to customers — eligibility explained - The Economic Times,https://news.google.com/rss/articles/CBMi8AFBVV95cUxQZnNCdzByLVVvWllJVURtREhaODR5MkpNU1BCUGFZWjVKeEFxeUJOWUhfYmkyWTR1emxrOFNpNm1DTWd0VHkzR2FXT2MyQU1KQm5jb1g5NmxfOXoxVURXMmRDb2ZFcTUwVXlld25HelNOVFlLQU56S0wtemJoaDBVei04cHpaNW9jNWNidEVtS3A4cW9XaHRtLTYwMUlQeE40OURad3Q5ZFhldkZVd3p1cWtyNXlHd1pvTlp6bV9seEgwRnkxeVRwNlBiNm9keVRhazlXTXRyVWtsT09BNThFWTdWNlprWTVFXzRqZVJJTGTSAfYBQVVfeXFMTjBoREFXbzZwQmcxc3Nvbkx0SjdlSU9VMzdaVFk1eTBIeURIb2x2VkttRHQ1TGlDZk9iR1hHV05tSlJZT3JfTkFMVThVU2FTWXdzc3M0YTliQ0MxNFZkaUs1N01WcTZVcDJOSDh4Q1BJalp4YTVaeEJDLXZ4dEZuUEZhWmlKUk8xanFLbHRTa1RVR0g3NzZ0aVU2VnBGcjhfbGtuUXVtSUR3QXRtLWhsenVNdEt5Slpzelg1WmhsYndaVnpfSVE2TmlJUkVLaDNvWjd3YXBiOUhDOHJVZUlxR3BnN0xCRzhONXF3YlBZRk84dmhOOVpB?oc=5,Did you overpay? One state must refund $63 million to customers — eligibility explained&nbsp;&nbsp;The Economic Times
2026-08-14,2025-09-17,sector,NV Energy,ktnv.com,NV Energy is adding a 'daily demand charge' to power bills. What does that mean for consumers? - ktnv.com,https://news.google.com/rss/articles/CBMitwFBVV95cUxPRV8xLUs2NThPcnIzbE5pY2xUUV91LXFXYTkzSExCbEM5dTZyZ1lSVkJPX3J2T2dENC1RcjhZQzZwc202Z25VSl9rdXdTVF9aYjBZOEZkZ2pMazVGMXlEWXZSVGNKQmxfYW5Kb3F4bTVqN25DNFdJN19sbk5JTGhmTllmdkZjV3RKR0pZSTU1WXBZSGRwbXRDM0pJWFZwMFdZMTliNjZFeWhrcmFPcFVUb0pPNW5zSE0?oc=5,NV Energy is adding a 'daily demand charge' to power bills. What does that mean for consumers?&nbsp;&nbsp;ktnv.com
2026-08-14,2025-09-16,sector,NV Energy,Las Vegas Review-Journal,"NV Energy to change the way it bills customers, starting in April - Las Vegas Review-Journal",https://news.google.com/rss/articles/CBMiuwFBVV95cUxNNXN5U2s5U3g5ZmxMdHFCUUE3YWttRFY4QXVpT3JQNGJIOGpERjY5RVFNdDVUVzRXYXRjeVJTOVFLYWN6dXlPQi1JbnR4VEZ3cUQtWDlDS09pSm5EYkpTTDFVYUtlNTRSUW5GRmxlc2d5dURWbG94dk95M2Y3WF80dG4zVk5taVVDMW9nRmpxZ1lPNXY5dm1rZFFGSi1HOF9fLU1ITVRzV0tsVURRRTh3Sk1yblZkcllNYUZR?oc=5,"NV Energy to change the way it bills customers, starting in April&nbsp;&nbsp;Las Vegas Review-Journal"
2026-08-14,2025-09-16,sector,NV Energy,KLAS 8 News Now,Las Vegas customers ‘frustrated’ as NV Energy adds new charge - KLAS 8 News Now,https://news.google.com/rss/articles/CBMiowFBVV95cUxOcmdidW9QUE5OM0ZjbXUtNE90UWN5WnplOXZfSG9ZaktRdVctWk0wVGd4UDNEQ0g1cW5VQmdza1hncmxGS0hMNXZmNVFKRXBVLUtBU3lQSWdMVXZvWF9GVDhqTmpTMjQxd2xmYmE4RkJ2TkdhdWNGXzUxOW5ULXlONWxpb09xR3FudUg5NjY4YnY0UVI4MHl3T3FXNFhPbU1wTHhJ0gGoAUFVX3lxTE1XM3Z5eHQzNUUwN1E0eW9nZ01BQzFRTjJUQV9aNDMzcEhuWEszR1dkVEdDQmUwc3RCZVFONXFlZ25KZVk4bE9POU84anZUdHpfbWJMQUhKWW1CTEktTHQwTGl6T2FtUDJYamN3Wm5ocVZhYzFMWUQzRHlzZ2ZCSGJJYklrcEt6UlJndks1MHJCREo5a1JqSTVLZXF0UVR3c194UWs2eG9MVg?oc=5,Las Vegas customers ‘frustrated’ as NV Energy adds new charge&nbsp;&nbsp;KLAS 8 News Now
2026-08-14,2025-09-19,sector,NV Energy,ktnv.com,NV Energy responds to customer feedback on recent billing structure changes - ktnv.com,https://news.google.com/rss/articles/CBMiowFBVV95cUxPb3M1Y2NvOGNESzk2OWg0Y3RtcnZLeXZvSU5zLVBRbE52Vm9MWEotR2xzQjFQQW9jeHV0cURaSDJIS0twZGR1bmd6RTJNRUxSVUNqb3poUVNIcy14ZTlCaFhmQWdNc2xVZ3BPUGhSNC1qLTgwTWNJbFQyUEJCLXBzRW9CcmN2WW1lNVp1SWw0NTR4bmU1RVdjRXcwTElMS0VEU1I4?oc=5,NV Energy responds to customer feedback on recent billing structure changes&nbsp;&nbsp;ktnv.com
2026-08-14,2025-08-28,sector,NV Energy,KSNV,Nevada residents warned of scammers impersonating NV Energy workers - KSNV,https://news.google.com/rss/articles/CBMi5AFBVV95cUxQX1l6a19JRm1GUUE2djNkaDJJN0Z1ZE5SS1VJMVI3QVFzYUg1dWVRVHhfMWFDQXlBWWJJNXNvbk1pZm85VXRwNEF6eVA5a003MThjdjhLNjdxd0g5UGRUWVo3T3pmazIzeGkzYS0tMnJ0Y0FlTlo4a0FRVkh3dTZDSFVTRlV5eHJnVHhhdkRITVVNYUNBQ0pwWHdwNHRUbG95dEhCem1sV2lHZlNvUTdlYnYwM3pjVmJsZkotVnpVVlNEQmwxRnkyWkpNNmdiQnRJMEJTN2Y0SGFuOEsxS04zb29oUEY?oc=5,Nevada residents warned of scammers impersonating NV Energy workers&nbsp;&nbsp;KSNV
2026-08-14,2025-05-20,sector,NV Energy,The Nevada Independent,NV Energy CEO departs after 6 years; switch comes after news of utility overcharging - The Nevada Independent,https://news.google.com/rss/articles/CBMiwgFBVV95cUxPRklBajJwRm55ckpabm9kem45WHdKUnVuUUNhM0stRUxObWIxbjVwdkMzZ0F1UXdzcGRCN2kwVTJIcjA0cjVXMktqV1lORkw3TmUyZkVOSlh0VTR3WnJST21QUUFOQlB1ZWpmbGhLNlhpWkNiUUxmRTZEQXBuYzFnQl9WTzZVVjBUenJJck1Kd3lqQmxZbUphTFZvQUFXNzFJeTN6bno2eFFZOUlRb21CVUs0VzdCdDNUMlU1d0d6eVlSUQ?oc=5,NV Energy CEO departs after 6 years; switch comes after news of utility overcharging&nbsp;&nbsp;The Nevada Independent
2026-08-14,2025-05-20,sector,NV Energy,nevadacurrent.com,NV Energy CEO leaving amid utility overcharging episode - nevadacurrent.com,https://news.google.com/rss/articles/CBMikwFBVV95cUxQRWs2NzNUQURKcW94eVA1N01lU2hxTFRYeHVTeDdKd2Y5ZUhVZ292cW5Jd3JFOFY4V1BfOUp2RW81bFMxdkF1YjBKSHBvdHp1U0xLVU42cTFlWGNfLUVxaS1QYUR2SWQzX0ZKNUlad2V2TVRrYWRiNk5zSDRqaTRYMERyWFhXT2Vld2k0U2NVd3VlUWc?oc=5,NV Energy CEO leaving amid utility overcharging episode&nbsp;&nbsp;nevadacurrent.com
2026-08-14,2025-04-30,sector,NV Energy,nevadacurrent.com,"Tech, tariffs, and Trump cloud NV Energy effort to reduce carbon footprint - nevadacurrent.com",https://news.google.com/rss/articles/CBMirwFBVV95cUxQRDd1SFFoNlBKQk5jcHM5WWthbkFhX3pzV0RaWFBJb05wY1hTOFE0TEFaTWNlbW9wMmMzS2ljZVI2S0owTXdaTF9BN25GcXpYZ1lkVzYzLVdmcGpqdUREUjB5NUdsdUVtNEg0MEpESGRiQ1dmcjhBUkpiVmtmdGZHZzlPLUc0NGM4Y25laHVxd3V3dDE5SllUN1o2Rjd0OGF3UzVoNWQyZlFnUEJRSlR3?oc=5,"Tech, tariffs, and Trump cloud NV Energy effort to reduce carbon footprint&nbsp;&nbsp;nevadacurrent.com"
2026-08-14,2024-06-11,sector,NV Energy,Utility Dive,"NV Energy proposes 400 MW gas peakers, more than 1 GW each of solar, storage in 2024 IRP - Utility Dive",https://news.google.com/rss/articles/CBMingFBVV95cUxQNE5JUEh4Nzkxb2dwMzk0dlQtSWJkMHltWWhiXzJqLU0xX0ZEWVc3YmRQMm5oaExmUkY5bkpPT3hqS2w1SVhvd3liTnVvX3R4ajd0QjhxN1hqT1pZdjFTeWxTNnQ2SVVxS1gxa2txTHVOQjBVc2hrZEJRYjRVUGFJMWZCZXh6SV9aTmJJQTR0UjU2TXFKRFktaWRYMF9mQQ?oc=5,"NV Energy proposes 400 MW gas peakers, more than 1 GW each of solar, storage in 2024 IRP&nbsp;&nbsp;Utility Dive"
2026-08-14,2025-02-25,sector,NV Energy,nevadacurrent.com,NV Energy seeks 9% rate increase in Southern Nevada - nevadacurrent.com,https://news.google.com/rss/articles/CBMikgFBVV95cUxPMkRVaHk3UEhrVmYxRkxEUDBvZUpPTmRiWkRhZTVRUld2Tlk4UUZVQ1UwWUxMTF96MEozSVFHWEJxOUJmLWxReUlvSVB4UVJOYXY5bks2cGFTVmI0cVpRdW5BbmJWVXZQQ0txdDB5OXFaMGtIaGdYSURhT0hmNDF2UmVhTUR3YU5yd2tpRDFickNjUQ?oc=5,NV Energy seeks 9% rate increase in Southern Nevada&nbsp;&nbsp;nevadacurrent.com
2026-08-14,2025-04-01,sector,NV Energy,ktnv.com,"NV Energy protesters calling for change, what the utility is doing to address concerns - ktnv.com",https://news.google.com/rss/articles/CBMisAFBVV95cUxQWXExc2RRODl6c2p5S1ViZGtwZmk0d2w0R1FVXzl3eU5mcUlwSS1COW5lcnRhRmtpVXViUl9JaG1vY3hOTUlDZW5HNGNmVFRqdWc3ZC1ZRExkbEFkNnFfS1VidmQybmo0OFlJZHA5M0JLMTVIbDVwRnpRVnY4YnZNYWxOSFhHOXpsQi1tRTZVTTljZjA3dm1KaHpXSEp2MmE4alhEcjhrdUNJaXZiQUIzUA?oc=5,"NV Energy protesters calling for change, what the utility is doing to address concerns&nbsp;&nbsp;ktnv.com"
2026-08-14,2024-12-13,sector,NV Energy,KLAS 8 News Now,"NV Energy, Southwest Gas criticized by national utility watchdog over improper charges - KLAS 8 News Now",https://news.google.com/rss/articles/CBMixgFBVV95cUxPLURoV1hodk16ZmpNck1vcFRwbUFDZ2wyRllUMFp5UVl6TWZhWm5IMDQtRlh1ZTM0VWN4M204d09WU1IzQ0VHa3NuZkgxMDdQOWwxbWJkYkVVcHdHMFQzMlU0NnNlRmh5Z2pDa0NybVJ5dldaZWMxZ3RiNW9HdC1FOUE0MW13UDBJdmZKd0RmQWQzQ3ZtY3Ewcll0X01hX0dzemRybmtHeG9GdU9FM0FIdG11ODRNU3hxbU9aU0VvZ1FLUlhYRGfSAcsBQVVfeXFMTUtmVXkwcXFFOUJwRDR3VUFIZnJRU294djQyRlEwRlIyYy1FbFFGV3NaTkxxT3FpVDZNMUh2ZTBHRENIODJHLUcySFZkYmU2Z0s5SlJmWTJod05mVkNMUU11SlNuV3RIQ05CaXBCN1VIbEV6ajZ1WDJ3cmJRYkVhNUp4cHRrUVc5TlNUT0JST0doMl9vbkR4LVpnWE1vcVFLRDZXVzA5d01kc0ljMVd4VE5RQW9qbWF1d2VmckpCLWFoN1FMWXQ1V3FEMW8?oc=5,"NV Energy, Southwest Gas criticized by national utility watchdog over improper charges&nbsp;&nbsp;KLAS 8 News Now"
2026-08-14,2024-06-21,sector,NV Energy,Utility Dive,NV Energy seeks new tariff to supply Google with 24/7 power from Fervo geothermal plant - Utility Dive,https://news.google.com/rss/articles/CBMimgFBVV95cUxQLWpjZWNKd1lIdExtcXRnSjJvZ1I0ckplUEZkS2tYa2tpSlNoaTEwTmZsUWNzQWtLQVpScW5PYnhRZjFWdzNOTXhjWWdwYzk1ZDRPUzZOY2d1V3EzWkVPNVVVOXhWZEhtTThmRlNtQlpGVld3Ni1PRDMtSHZIa241NWNacndRNmlSVlFkUU9kTVhhUkVjOEg4WlRn?oc=5,NV Energy seeks new tariff to supply Google with 24/7 power from Fervo geothermal plant&nbsp;&nbsp;Utility Dive
2026-08-14,2024-06-11,sector,NV Energy,blog.google,How we're working with utilities to create a new model for clean energy - blog.google,https://news.google.com/rss/articles/CBMiqAFBVV95cUxPZktCamJaVTJxSmM1TkF6TjBlOUlLYkRqM0RRR0RkMVhwQm5Mbnllb3preUNZYS1nR04zT2R2ZXdXalJTSlNpRnpGeXBPSTVVMjhUcS03ODg5MmhiV2lOd1VId0U4OXIzOWYza2pnc3BCX1BwRnBLcUNmYk5nQ1ZoamlUNVk1cnZ2bURrTEtnX0pzTWp4dzZuaGZFTllYOC1rcEU4NTROajc?oc=5,How we're working with utilities to create a new model for clean energy&nbsp;&nbsp;blog.google
2026-08-14,2025-05-15,sector,NV Energy,KSNV,"NV Energy overcharged customers by $17M over several years, regulators find - KSNV",https://news.google.com/rss/articles/CBMi_gFBVV95cUxNTElVQkZnWUFGNE9jTDd0QnFNWko1c0NTVjlURm1MNk5yNWVYdXN2eWFkVHI1M2VtTUVNU0s1dGJHVVhBQ041RTFBeGVpdFo0azNkc0tJaHNFTm1FMVN6dVZKdWdwYlNxOExYUnNRRFJpRnluNEp0TGJ4am9VYzZzdlM0SWFvaXhyajIycWRxUnRMZkFGakh3alV4WHhTemVVRjNOeXhsSmJZWlR2aXh5VEpmNmtZQlNDM0s0QWdOZ3FHZG91RWVnUllnNjZ3aHAzcTFZTlBXeHN4Mmt2NEJMRElrVS1DRGJPT1hvUDdWLW9tcFJVd2c1d0ZCR3lkQQ?oc=5,"NV Energy overcharged customers by $17M over several years, regulators find&nbsp;&nbsp;KSNV"
2026-08-14,2024-09-10,sector,NV Energy,Utility Dive,"BLM approves NV Energy’s Greenlink West transmission, Arevia’s $2.3B solar + storage project - Utility Dive",https://news.google.com/rss/articles/CBMimwFBVV95cUxOclBmbUpmS1Z6TzlFVUljREc2YkhDUXhJODViNVh2bUU5ajJENlNVblVGVW9LVWVyWlhZelhMUzBkOEdiczBKTXJBc0J5eU1hYVZNSWRRdlBSNzBUWnJqYzRhNzZGRzZtT1ZfRWlTME9BU3hMcS0wRGtHZ19wbkNxM1dLTVZfeFhONXd6aVRvNzhfMWFkLWVwTEhxaw?oc=5,"BLM approves NV Energy’s Greenlink West transmission, Arevia’s $2.3B solar + storage project&nbsp;&nbsp;Utility Dive"
2026-08-14,2025-05-20,sector,NV Energy,KTVN,NV Energy gets new CEO after Doug Cannon steps down - KTVN,https://news.google.com/rss/articles/CBMizwFBVV95cUxPeHhaeWJkQnY5eXoxZjZZREFpS21IOHF6NGlEYWZ2N1ozb2VtU2FMV2RLdjRzRG54SWs2X2s1Q050RnJWLUJIdE9qM1Y4ZjdXZjZ0WFVqX1JidURoY2lrUktWbV81TXhESHVTZWtFMGoyQjIzQjFEYUUxRTd5X1EzZEI5SFZiRmlXSXpGbFNyb2Nqc2xvM05INVd1azhkZFBSU205S09NZ2pnUk5qaVRxU3pHblVBTjR5djRqWHlLVkh6U2NfdVRkWGpuRXp0S0U?oc=5,NV Energy gets new CEO after Doug Cannon steps down&nbsp;&nbsp;KTVN
2026-08-14,2025-05-20,sector,NV Energy,KLAS 8 News Now,Cannon leaving NV Energy; utility names new president/CEO - KLAS 8 News Now,https://news.google.com/rss/articles/CBMinwFBVV95cUxObUZHQnRJaDA4RHRFVVpZM1F5M3plRWs0ZFlpYW12dThoUHVGbENFMjhnVEVFckpMQ1J2TjFWRTA3WTFmV0lUMkdCVVNiTGw2MTZ6eWtsYUtLaEJHVGlYS015NEZBQi1EQ0ViSVNMdVc2Vzk1X0pnNloySFRPaTI5Q29EeXY1WFZQLVdIUktKNXBQU084TUdjYTlibndYMVXSAaQBQVVfeXFMUGwxRE11MnBjTi00OWxlXzFnQ0NWTXZ2MWlFaFNDMFNWV2hKX01vdERXN1pmLXNRbmwyS2ZxOGxIdkJOZFBSa2FtX0ppMXRqYWx0Vmc2d2JBUXBfRWVPTDlNWFYzODNZaUtqUXhzYVpSREFMeGhGQ1lpQ25URzlMTWVyemptaVd6MjZZb3dQUTdBX2Zod1lQOTdPbHZMNFUySkRINko?oc=5,Cannon leaving NV Energy; utility names new president/CEO&nbsp;&nbsp;KLAS 8 News Now
2026-08-14,2023-06-09,sector,NV Energy,nevadacurrent.com,"NV Energy proposes massive rate hike for distribution-only customers, smaller increase for others - nevadacurrent.com",https://news.google.com/rss/articles/CBMiygFBVV95cUxOdVVQQTJXYTNpdllOUUxoaUVJN3J4UDlmQVprUFcwRGc3MTBxZWtRRlRYaklZRmJ2dzdYdmgzejU1WGVJWmZ3OWNLcHNWX1BZaV90U0ZwMGozUGZEREpjUFcyZDJHYnVEU2Rlc0JSbzdvOWtYaV9rRGxNLVpualNnclNyRm56ZENEMUJORWJFU016WnlGM0h2b2lxY0RsUmJnaXc2TWlXU0lLd1U1S0xoazByMTNkVGZNc29vRWdseTFmRk9BOXZaVUt3?oc=5,"NV Energy proposes massive rate hike for distribution-only customers, smaller increase for others&nbsp;&nbsp;nevadacurrent.com"
2026-08-14,2025-01-02,sector,NV Energy,Energy-Storage.News,NV Energy receives green light for 1GW+ of storage; gas expansion approved over BESS despite industry protests - Energy-Storage.News,https://news.google.com/rss/articles/CBMi2AFBVV95cUxONS0xSFBCeGM1aU9jRmtpY2pXZm0wRE14ZEtrV0VZS0RxY2J3Z0IwM09kZmFEbEtJZnZYeTY0bXlzaUlQb3djSG5VQ0d2Wld2ZEhFVWpEWXAtOVN2Y1Z5bDNnamwycHRvQThCRm1MbHA5emdvTTJpS3lmWmpJQ0V6d1J6X0RZNkZqcVZYaXVad3FyU0lTZ0s3T2pBQy1vdkpjeTUtSS1TVWo1dzdDcm8zSXI4dUR5N0cyeEhEZHVKeEN0MmQybFZxS1pyUmdhc1p3TzR6eEdJV3k?oc=5,NV Energy receives green light for 1GW+ of storage; gas expansion approved over BESS despite industry protests&nbsp;&nbsp;Energy-Storage.News
2026-08-14,2025-07-08,sector,NV Energy,Reno Gazette Journal,Tahoe homeowner ‘blindsided’ by settlement with NV Energy - Reno Gazette Journal,https://news.google.com/rss/articles/CBMirwFBVV95cUxPTXB1d19GZFlvTXJHVHh1cXJ2akJ6UDh2RVRtVWxya28xSDE4UGR4TnVRcC1ZN2Q2U0R5S29BYllINDVhVTlrN1o5dHBmU2dXVzlETnlQQW1ic19RRlFWYV9yazJRRkNCdFo0bnFnQTgtZHVPd0pxUkYxSDhldlREMGtaR2NVQlkxSWxvLVhVdHB2VG1fd1lFWVgzVjBFMGE2Y1RKV0xnUTJDclFrUmNr?oc=5,Tahoe homeowner ‘blindsided’ by settlement with NV Energy&nbsp;&nbsp;Reno Gazette Journal
2026-08-14,2025-06-13,sector,NV Energy,Las Vegas Review-Journal,New law requires Nevada utilities to report shutoffs - Las Vegas Review-Journal,https://news.google.com/rss/articles/CBMixgFBVV95cUxObmpIRjJXNVpfYnVyR3BTVWJJOEVYamJxVUhzWkdVRkFrSVMycHQzWWExQnVSSW94bS0tWDRZNVRZNUZaYU9FcFB1UjZnOW5BUDVvZ1p5Y0tGWUZScGt6VDA4NzU4VFIzWHI2Ulo4bmt5Mmo4d0dEWDhNNVUzYVVuUVZWUnN0MFJVRjR1UVhudGR2THBIOTZMUEhyUmxZTXVkVUo2cFdWck1KS3IwNEFiS0thUzdLR21BcHFkWExCdjFmbUg1d2c?oc=5,New law requires Nevada utilities to report shutoffs&nbsp;&nbsp;Las Vegas Review-Journal
2026-08-14,2024-06-20,sector,NV Energy,Energy-Storage.News,Nevada utility NV Energy seeks approval for 1GW+ of battery storage PPAs in 2024 resource plan - Energy-Storage.News,https://news.google.com/rss/articles/CBMixAFBVV95cUxNRWgtYTNaU0ZKX195SElBZmhVcXJVdUZXaWx1SGF6amM0UFFsaVBDT19LMm10MHNjU0pnVVh0d3V0dnlIZUVkOXF5dXFqZy1SanRJUkVmT0Nub0piekVUWE9FVHMyUnNhblZ4bmxkUFRXSmJGZC0yNml1dTBHSjFvdmNyNHI0Zmc4S3o3WTJfWk5EWGFldVYwRlpnd3dTUktST19DSEk4YmFDVUE3RHZFM2ZVOXJyREpzQzdENVpXN3FjLTlK?oc=5,Nevada utility NV Energy seeks approval for 1GW+ of battery storage PPAs in 2024 resource plan&nbsp;&nbsp;Energy-Storage.News
2026-08-14,2026-08-11,sector,Arizona Public Service,ElectricChoice.com,Arizona Electricity Prices per kWh (August 2026) - ElectricChoice.com,https://news.google.com/rss/articles/CBMidkFVX3lxTFBKZ3Y4UnNJMGptODhSV1U5a09qdF8xMGVsUlg0bVh3M19VMEtPaHRua1hhUVktYTFGQXM0VS16VjFzUlFsNEUtUDc5YnJKUFdUZHpMR1ZDM0FBeVJxOHhnRmNkNTE4ZGYtZzRxU0Q3cWpKUUNxWVE?oc=5,Arizona Electricity Prices per kWh (August 2026)&nbsp;&nbsp;ElectricChoice.com
2026-08-14,2026-03-04,sector,Arizona Public Service,Cronkite News,"APS looks to overhaul funding system, asks Arizona utility regulators for yearly increases through formula rates - Cronkite News",https://news.google.com/rss/articles/CBMi0wFBVV95cUxNV0s0dWNaZWtZTkh0TG1jUkk5V0pUcnlvVkd0Z29nVFg5WWk4R0ZPcW1hOGpsMUtWc2thQXh1QjlCMDBYNDlwTU9mVnBBT3gxdlQ1Wm9tMDE5WVotaEJmcllsVWpkTzctckhmc242bVR5ZjFqQVMyUjlsUGw4QkdxWXFlYkgySHQxcjNjemNpbm5fSXhFWnFxY1MxWWRPT1JuQVlZd19ucnliQ1lBVVN2Z2V6M1hMNno1S0h1dmh2dkpFcHVaWnNZN1JpOXgwRUFWQVRv?oc=5,"APS looks to overhaul funding system, asks Arizona utility regulators for yearly increases through formula rates&nbsp;&nbsp;Cronkite News"
2026-08-14,2026-07-06,sector,Arizona Public Service,Utility Dive,"APS to convert retired coal units, adding 380 MW of natural gas - Utility Dive",https://news.google.com/rss/articles/CBMikwFBVV95cUxPS0VicW90T2x4RmRhZ2VEWHNNc1BBV2ZQWDU1bzU5N3lCOGdnY1VmNlB1X1B5Z0JrVV9mUHdlR01iSHd4MXlmSEE2VjBvbi0wbVp0aUgxcHEzampfdUQ0UEpzcWpFX2NBc2xfU0xpdm1SSXlMZW5qQWF3VjFOVW9sMjFnTFRmZ1FJRkR5S3l1Z09fcU0?oc=5,"APS to convert retired coal units, adding 380 MW of natural gas&nbsp;&nbsp;Utility Dive"
2026-08-14,2026-06-01,sector,Arizona Public Service,Arizona Capitol Times,What happens now? The APS rate case isn’t over - Arizona Capitol Times,https://news.google.com/rss/articles/CBMikgFBVV95cUxOdE5FS19maWljQVM3YVpxclpwS2VoUFhTYWtUX2xFUUVYQ1lObHY5ZWw2RXhrdFhnX1RsM0tWS2s4TmxJU0pHS3hUWndyWnpTdEs5T1BLeml0dEdOMHdpejc1bmlvcXlieE5DeDVqaWZDSVZvYkFhSmFibFQ3YUZPeWdQNXpfOFV5VEt2WjBjN2tpdw?oc=5,What happens now? The APS rate case isn’t over&nbsp;&nbsp;Arizona Capitol Times
2026-08-14,2026-05-18,sector,Arizona Public Service,ABC15 Arizona,Arizona Public Service seeks permission to raise electric rates every year - ABC15 Arizona,https://news.google.com/rss/articles/CBMixgFBVV95cUxObXJpaGROajdkeVZQVGtWVTlPUTNjNHVPaHAzWEhxT0JweTcxMXZZMEpBUlp6UDNyZTZrc3VjU1BIUzFySkZ4N2JYVXNIWHZKVWd3bG9TVjY5OHNQV1d2N1REMUt0Zmc0WDFrby04S25QSnpjSlZSQk9qM0pfTkxURk5QdGZOTXk4anc0M0xJNkItenh5SXJSdWNsTVJteEwzcFdJVlUyTjR6ZjA1Qjc5bklaWHJ5NTFFLUZHY3dpeFVNU2wzM0E?oc=5,Arizona Public Service seeks permission to raise electric rates every year&nbsp;&nbsp;ABC15 Arizona
2026-08-14,2026-03-20,sector,Arizona Public Service,KNAU,AG: Northern Arizona ratepayers ‘foot the bill’ in APS rate hike - KNAU,https://news.google.com/rss/articles/CBMitgFBVV95cUxNOExpNWZUS1Bac1V0WHlDVXpianVueks4T0JnVDV6M0w1Y28tV0lUWlZoZHFIUnRiZGNtN1hKTWNQYlhQbWlXVEpWYXBpNlFDSHc2SGlYc3R0SmpyWlU1bjJwcm94blRWbkdhNEl1MFhhekxwSTVrNDJyN0RhcElWam4zRXVtT2R3Vm5JNW9BUE50cW5MMGFKZzY0OXR1MEc1bEhGbjl4UGduendveXppU2pJVmNmUQ?oc=5,AG: Northern Arizona ratepayers ‘foot the bill’ in APS rate hike&nbsp;&nbsp;KNAU
2026-08-14,2026-06-02,sector,Arizona Public Service,Sedona Red Rock News,Arizona regulators weighing electric utility's request for a 14% increase - Sedona Red Rock News,https://news.google.com/rss/articles/CBMisAFBVV95cUxPVGZoQzd4U080SVQ3R1ZWQ2k3OWt2VmpXbDVmeWpjWVVXNk9GUWZmTXNFdWV4OTRzVEstTEJ5OEtBY0dHYXFDc0ZmV2pRamZaM1NTWjZ3ZkU1QnFZSTNwMlZ4VVJWZV9ncWFiRHR5a1QyajU0dDl3NXBIQTRtNTFwc3I3cGR1UjE2QmhhZnBpTjUwOWE0OXFqTno0RVpNMzZaV1VrbXgyR2RGM1hCdlBYZ9IBsAFBVV95cUxPVGZoQzd4U080SVQ3R1ZWQ2k3OWt2VmpXbDVmeWpjWVVXNk9GUWZmTXNFdWV4OTRzVEstTEJ5OEtBY0dHYXFDc0ZmV2pRamZaM1NTWjZ3ZkU1QnFZSTNwMlZ4VVJWZV9ncWFiRHR5a1QyajU0dDl3NXBIQTRtNTFwc3I3cGR1UjE2QmhhZnBpTjUwOWE0OXFqTno0RVpNMzZaV1VrbXgyR2RGM1hCdlBYZw?oc=5,Arizona regulators weighing electric utility's request for a 14% increase&nbsp;&nbsp;Sedona Red Rock News
2026-08-14,2026-05-25,sector,Arizona Public Service,KTAR News 92.3 FM,Attorney General Kris Mayes links ‘outrageous’ 14% APS rate hike request to data centers - KTAR News 92.3 FM,https://news.google.com/rss/articles/CBMiZEFVX3lxTE5HbjNZNVB1blZoaTRoYml5NWxfRVE4b0Q1akNJR0YyQm1TQ09SUDlJU2lqQzNKdTFNcV9CUFBUb3VzQ1lKSnpMVTNIektHbEI0c3MxMGRFSERBLVZJWWpOYXBaTTY?oc=5,Attorney General Kris Mayes links ‘outrageous’ 14% APS rate hike request to data centers&nbsp;&nbsp;KTAR News 92.3 FM
2026-08-14,2026-07-24,sector,Arizona Public Service,energyandpolicy.org,APS funds fossil fuel front group advertising in Arizona - energyandpolicy.org,https://news.google.com/rss/articles/CBMigAFBVV95cUxPMFlDd1hZRzhpMWwwNkJUN1YtcHUwZUVobUhuVG10NDI2ZzZWX3ZOaF9hcFRfQ0hlRUd2NHR1aTVsWFJ2QVZWS1JPU0Rja3c1NVVYd0VoLVpSMS1Wa2lWMklaUTF3dVpzeTNfMmpwRjllUDJsbTVpQmptVzZ4a3Y4cQ?oc=5,APS funds fossil fuel front group advertising in Arizona&nbsp;&nbsp;energyandpolicy.org
2026-08-14,2026-05-17,sector,Arizona Public Service,AZ Family,Public comment set for proposed APS rate hike; data centers could face 45% increase - AZ Family,https://news.google.com/rss/articles/CBMitAFBVV95cUxObndmQldWSGtxV3JhZW9jbFFIM3hjcUFhVUhnbTc2eFk1TDNXY1NUN1E2Ql9nYThva3FXVHIzc3dFSTU4YVk4Q3ZSWE53VENtVUdQaGFUaXhScl96SFUxbkhYbWZNc0pLTk9KUU82NWlFWVJJX3hDdXZRLUJlRU9VSlNxZUZyUjNlUVVmMHFKTDNfalp5RlFCTHpkOHFxMVhiSXBPMFVIaXZDT0RzTzVobmdxSnnSAcgBQVVfeXFMUHlUS1owSlJoY2Q4Z1VneWlKUnVUdF9MSmk1U3ZCU0lXOWJBeWlDOC1TMURyamhpS2wxZFczNzVKejlpQXZCcEkzTmRYSGFJNi1IcHFtYmd3Q3hjS0ZtYk5MLVNIY3ZWdkJ3RkFRd2NENGRjNlJaNTVRS0lRX2pQLVMyeHdqTy1PYmlyTHhfWEF4ZzdKNDhNUEdINWpJS25fX0Z0V3V6ZjJqVEtYWFJxRk8zQUhLcE1fVzNrTE5KU0lSRnVEWEI0Zkw?oc=5,Public comment set for proposed APS rate hike; data centers could face 45% increase&nbsp;&nbsp;AZ Family
2026-08-14,2026-06-17,sector,Arizona Public Service,Daily Energy Insider,"APS pushes formula rates, says data centers should cover their own power costs - Daily Energy Insider",https://news.google.com/rss/articles/CBMivAFBVV95cUxNZ3YzbXFCT2k5Nkt1enZGbnhXNlUtOEpYR2FaMWZ5NV9NUFZIbFJwS0tXWmZKZjRHdDVpX0ZOSHpPdTg0elBQcEV0RFVQVjM0SlJOTUV5VTRvS1ZsMm5SN3B4UHRxWUszc3Q4Mm53c3RoR0VCSXp1Tl8zdVlFNUZwejhvbGxRQjBfT0NzeXBDVDNnb1ViZC0wNGFOTFZ1a1daY00xdy01UFE5RG5QaVRWbnRIVURIaDV5OFlZOA?oc=5,"APS pushes formula rates, says data centers should cover their own power costs&nbsp;&nbsp;Daily Energy Insider"
2026-08-14,2026-04-15,sector,Arizona Public Service,Courthouse News,Settlement bars Arizona utility from extreme-heat disconnections - Courthouse News,https://news.google.com/rss/articles/CBMilwFBVV95cUxNWGNtN19JY1d5cXpsWVZiVXFDVEFpZGtHY0NmWHNWaGN0dHEtWEZESVJJc00wbVZzR1plMlpuQmhJTWxXdzJGTnJpYmlpYjZVT3J2Y0ZnUjlCS2huLWdpb20xRHJnN1RDYUt3NGRxZGF5T0ZhZU9LWFd6UHNtREZ0RXpwSzBISmFlQmhaaDhobXlxRWRweWtz?oc=5,Settlement bars Arizona utility from extreme-heat disconnections&nbsp;&nbsp;Courthouse News
2026-08-14,2026-05-28,sector,Arizona Public Service,Esri,Getting a GRIP with GIS: APS Charts a Resilient Future - Esri,https://news.google.com/rss/articles/CBMiqAFBVV95cUxOQXQ0YjNVbzJZeWlfTElpMWkwY1JPVG5ac3ZIZlNUZk05TE0ya0s0dGp1YXAxaGxZX1h2RGpFVXNtTlJfQkVFYmpyTnJXcXhfQlBEVE9Hc0hIdXNuakptTWFjb28wTS1sMEJaaTJoOUUyM3JFSFZPZVN3VUk1YlpNSjJwUmYxdW5oOG8xeV91Z2RUeTJTRGxhQUpBT0w5ZFVjeGNhSEJNa18?oc=5,Getting a GRIP with GIS: APS Charts a Resilient Future&nbsp;&nbsp;Esri
2026-08-14,2026-05-08,sector,Arizona Public Service,Arizona Capitol Times,What is a rate case? How TEP and APS seek utility rate increases - Arizona Capitol Times,https://news.google.com/rss/articles/CBMiqwFBVV95cUxNenlYbmF4Yi1EUjlydXpFbmZzTWYwUzBESlg0UVRVYU9DZnNYbUxnaEtUN1E0T3RYWmJQWWFGb0ZiSXJXMW5lWUFzV093aVBpeVllT01ybklBdmlSUXFZUXFZbUhvZXppZkd1R08xc21EbFJZY2JEcWh3NENOUkkwc1QyTHdjX285WnlvRktlVTl3RDZQOUFMUU1JZDNlQWxfTXEyUW1mNzNCMlk?oc=5,What is a rate case? How TEP and APS seek utility rate increases&nbsp;&nbsp;Arizona Capitol Times
2026-08-14,2026-01-29,sector,Arizona Public Service,Utility Dive,"DOE nixes $1.8B loan to Arizona Public Service for transmission, renewables and storage - Utility Dive",https://news.google.com/rss/articles/CBMijgFBVV95cUxQUE9mei1Ob2lNUEZOQjJPNnIwU2dzLW1XSG5tVkVPUGlBSnBXVTMzQ2I2cGo4MzRTRzE0dEExTlY0S01mTnFzMlVPNkdCOGJEdTd5QWJVd05MeDZTcm0tZ19mVWFYOG5CMzhsd3FRdUVhQXVGVV9Tb29TM1EwbHNWMWFfdU5WT2RybWI5dXpn?oc=5,"DOE nixes $1.8B loan to Arizona Public Service for transmission, renewables and storage&nbsp;&nbsp;Utility Dive"
2026-08-14,2026-05-18,sector,Arizona Public Service,KTAR News 92.3 FM,Final APS rate hike hearing set for May 18 - KTAR News 92.3 FM,https://news.google.com/rss/articles/CBMiZkFVX3lxTE5GTS1HZ0dnUW1YWUFXSTRSS3NzdEd1dl8tekt4aFljalJRbkdVVHg1d0FORTdhdEJoaHdTT0VPUXlFZG1jREVLOHEtQ2ZwN1N1eEJOMWR4Zk50UFF1TDQ5NFdRcURYQQ?oc=5,Final APS rate hike hearing set for May 18&nbsp;&nbsp;KTAR News 92.3 FM
2026-08-14,2026-06-26,sector,Arizona Public Service,AZ Family,"APS fully restores power to Grand Canyon, Flagstaff after temporary shutoff - AZ Family",https://news.google.com/rss/articles/CBMinwFBVV95cUxNODBkLVE3NW5JNDJHcFFzU0lYZmFVUHZyd3hxanJaSjFQczRNVDBXa25OcWNfSmgyU1B6MmdSbFl4cWFuNDQtYXhrUnJZMXhTelVENzVZa0xIaTQ3TFVoYzE2bE11aGtRT01YRlVocUNESDVCcU45RnVVT3o5NGFSUXpPa2xUS25RZnY2Q1VVWm02MWlTLUl0YVNIRWZXWTjSAbMBQVVfeXFMTkJWM05mY1FON3U3Z0gteURqWDk3SHItWVZrVlQ5NjNSaDlYX2FWZEtndXFsSmVIcEdWak4xNWhMSHN2OWtHdS1xX0hETHkxZXFoY1pNS3hTU0lEZU5KMXBaNWg4Q0dRY3RFRURWMlpKTUdZZmhfNTRrTnlJVTVwRDE0VDE5ZlFqemdZODRiSVFlMXR0VUpsUUFtc25Zd0dhT3VNd0ZFUzNZbE9zSmNpOEJrdk0?oc=5,"APS fully restores power to Grand Canyon, Flagstaff after temporary shutoff&nbsp;&nbsp;AZ Family"
2026-08-14,2026-07-28,sector,Arizona Public Service,KTAR News 92.3 FM,APS sets all-time electricity demand record as extreme heat strains Arizona power grid - KTAR News 92.3 FM,https://news.google.com/rss/articles/CBMid0FVX3lxTE1IcXRIOFBmLUdVdmVWWXRqdzdQUWY0eHJydTJXZzRBeW1JSkNMYXhBTEZXN3ZrdVdhLXJDOVcyeHREVG9ZdU5wbXB6Z3ZEUGhScGZ2d3dOVTREMFdOQlRaaGxrbTRyT1d6d2FPNWxSa2t3aXFxNzZR?oc=5,APS sets all-time electricity demand record as extreme heat strains Arizona power grid&nbsp;&nbsp;KTAR News 92.3 FM
2026-08-14,2026-05-21,sector,Arizona Public Service,Arizona Capitol Times,How would APS and TEP’s formula rate adjustments work? - Arizona Capitol Times,https://news.google.com/rss/articles/CBMinAFBVV95cUxNVW9wU0FhZlV0dVB5RW1UdlZ2cGFYVzFYUEtQWVBsa0l5SU9saEYxSWtDMW9CRVlhNDFlRXNEQ19pZmVLZ19GZ1gwR3hXdHVQYU9MQTVJQjhyalI2LWw4aFRXWkphdnVUc0dxVDc0VHJnejJBXzRnTzFabFRuTDVRSzhmc29rSlhMYWREd1V1QXhXNjJuRDdRdlROUlo?oc=5,How would APS and TEP’s formula rate adjustments work?&nbsp;&nbsp;Arizona Capitol Times
2026-08-14,2026-04-15,sector,Arizona Public Service,AZ Family,"APS to pay $7M, change power shutoff policy after woman’s heat-related death - AZ Family",https://news.google.com/rss/articles/CBMiqgFBVV95cUxNd2dqYklsQ1BCZmQtYlREZ0x0bXNpY1NTMC1CY09HeUhkR0RJUGJXamNnazR2UVJlTm1QX0xDd0ZBUVRNcEh0N3QyR1RKZkhPdVhFUURyT2t1bFhrZkxPMzl2cGNWSFNOVm1zVWN1RDlYVkhqeG4yX3RMQ1BjZDdIb3dScTU2ZmVjNERNNkdJSWdFZGxWNEtTRXJZLUdUQ0YtbUMzMndXSEs4QdIBvgFBVV95cUxOQV9pRVpkWU5URHVyRS1TcEVRdFVYM1lZMVJYWWcwa0VyQlNXMUh6VmQwYS01TGkxM3BiQmp4eUNTd3VCWXFaWGE0NjN3NkRYczZkNUVZQWM4VlQtV2xqRjNLdWdKa3hGZlR6eml1ajc3Ql91Q3NZa2ZBc012STdxMFh0anBQdXA0MVJ1VHlRVHI4RmQ1WmlDLW1MX2hvZHJxLXNocjAxM0xrd3lhdm44dDRGSVdZMFZkWWJ0U2Fn?oc=5,"APS to pay $7M, change power shutoff policy after woman’s heat-related death&nbsp;&nbsp;AZ Family"
2026-08-14,2026-01-20,sector,Arizona Public Service,FOX 10 Phoenix,APS faces backlash over proposed 14% rate hike - FOX 10 Phoenix,https://news.google.com/rss/articles/CBMilwFBVV95cUxQeVBDWmRjQ3dOMkxUZDdsWDk0Rzh1UGs3aDZ4YUFaaDNTVDRCcUMtS0xvR19TWWJsZ0ZYS09VZTdBRU03eHVHZllPN0lsRUFYMlJVOVJ3QWNyWXJXQmxKdTF5bVpPVkhKR2xfaUx0UG9ia3pMZUZaMWVITTZWN0VZZndyb2REaTVxRzZfaVBrajlQSGNwdTZj0gGcAUFVX3lxTE1BUnFfMUd4aXAxQmFfWmRnSjNVS0FObWxDaHJwSUVkZmtoZXcxdkRzVGphSDgtYlRjdUFBTTdBdFE3LUIxYndDLXl3bkNsYW9fUUpaR2tCdzhaZE44SXdra2s1NXRGUmZOMERLemViVHZXLUFRS1FkMjk3QVk0Rkc1dmdwSWtKelp1TmNzTlZHLWVLQUxhQTNrUlRUVw?oc=5,APS faces backlash over proposed 14% rate hike&nbsp;&nbsp;FOX 10 Phoenix
2026-08-14,2026-06-24,sector,Arizona Public Service,KTAR News 92.3 FM,"Arizona utility may cut power near Flagstaff, Grand Canyon to prevent wildfires - KTAR News 92.3 FM",https://news.google.com/rss/articles/CBMif0FVX3lxTE85VTJGaklWWXVZdG90QzIwWkMzaTBCOXBwUWxNbFpHZDhfOW9jZXc0N2ZYVkNOU2hLaDVnLV9IdVdLSGdaS29pM1ZhZnNMNjc5ZEVLYmlnUlNNZ2NhMkNUTnFQakRVdGJHUlZrWkFOVU1GTXAtWHhHTy1KZXZiNzA?oc=5,"Arizona utility may cut power near Flagstaff, Grand Canyon to prevent wildfires&nbsp;&nbsp;KTAR News 92.3 FM"
2026-08-14,2026-04-22,sector,Arizona Public Service,KTAR News 92.3 FM,"Power restored to nearly 6,000 customers after APS fire-risk shutoff - KTAR News 92.3 FM",https://news.google.com/rss/articles/CBMic0FVX3lxTFBKaTBrUzM4cTRRaWtJR0c3U2czNktEUnJJN1ExUy1BdjQ2UGpsajlIeXVTMFcwcm9HQnJXc2JFX2JtSFAwcXh5T1lrTzdxN2dZR2pveGp4LW5NcWplM2ZTMHc3QkZwSjNVWHd2Y0VWM1ZCY2s?oc=5,"Power restored to nearly 6,000 customers after APS fire-risk shutoff&nbsp;&nbsp;KTAR News 92.3 FM"
2026-08-14,2026-06-05,sector,Arizona Public Service,KTAR News 92.3 FM,APS CEO defends rate hike: 'We solve for heat' - KTAR News 92.3 FM,https://news.google.com/rss/articles/CBMiYEFVX3lxTE82ZWVoQVNiSWlqdDFIeF9DRzMtdklNRjN1UXh5TGRtZ0Q0RkJ5aVdJREJBcnMzTXNVZkJoeXpQaDRuNHJaaGEwcXlrSUpXOGpyamN6bTRyTTlhOGpoMnBjQw?oc=5,APS CEO defends rate hike: 'We solve for heat'&nbsp;&nbsp;KTAR News 92.3 FM
2026-08-14,2026-02-25,sector,Arizona Public Service,rtoinsider.com,"APS Would See Greater Savings in EDAM, Analysis Finds - rtoinsider.com",https://news.google.com/rss/articles/CBMilwFBVV95cUxOOU1tSzVvM3BsMnVPanpFUU9RRjlBUVAxOEhlT3NfNDNteXB1a21jVEZSanY2ck1NQi1FakkwXzBSSUJ4OUo1T0JxTEZUeE44bmR4UW9fTGpXaEliaDB0UlN4UlFkWGFvTVRjTXFsT0Rkb0xyY04tVWVxb20wZjZfSGlCOWlnNEQ5dDhDWDFyam1UYzN6bVRN?oc=5,"APS Would See Greater Savings in EDAM, Analysis Finds&nbsp;&nbsp;rtoinsider.com"
2026-08-14,2026-04-22,sector,Arizona Public Service,AZ Family,Power restored to northern Arizona APS customers after fire risk shutdown - AZ Family,https://news.google.com/rss/articles/CBMiqwFBVV95cUxNNTM2NWJhVlE1N1dCNWNmak1nVVFXeVVvMHZXSmhHR3lpa0V6UFBwU2c0SGppVVAxUzBGTmxRSXgwR2lLVmstSE9WNi1aekdFNlpFV1dKUUtlNXZMWllzSk1KTDZDdTZ1aUlkeW1FdElxUS1NcXFlM3dicVZFUTRkUElhNGYyS240Z05Ld0lfUmpodXNZa2ZhMVpiazU0RnN4ay1QejNNMTlsajDSAb8BQVVfeXFMT2ZwYnZoNVRPXy0zUHpqeHFkVnhYem81d1RCdHFOeExhUVhFVUx1QWZqNXZ2NFhBQ1hDWmVWdXNpVllhejlFMVFTNXM2a2xpR2xDeWhDeUdhOGI5VmdtSnV4QTRVMEhZcmJXNnZ2dnhMWFVOS0paYXFCQmNZekFGVUlMakowdmZuSks2T1RtOUs4cy1JM2hEa0t5eG9CWUNKVFRTUzZ4TFlDZ1hLNzVvb2NuTEVtbmpXaGsxSlNhSW8?oc=5,Power restored to northern Arizona APS customers after fire risk shutdown&nbsp;&nbsp;AZ Family
2026-08-14,2026-06-16,sector,Arizona Public Service,KJZZ,Arizona appeals court overturns extra fee on APS solar customers - KJZZ,https://news.google.com/rss/articles/CBMiqAFBVV95cUxPaklpQXJuclBkbGEtc0xNWnlac3ZhRzBwNFVwQ1h4cVphMVd6WlhhNl9ZUndGMDh4UkRIalVhLXBWbE9YamZpaDdnTWFpcDBFbDdhZThRT1gzSGNwdUM3ek5DR0oxTXhPQTJnaFI0c2NGd1NSdHNHZ19UTUliV0x3My1kX2ZqSTJoTGljV25SLWpiWDRTQ2pCdlBNOWpyVFNrTkYtQW1EWU0?oc=5,Arizona appeals court overturns extra fee on APS solar customers&nbsp;&nbsp;KJZZ
2026-08-14,2026-06-25,sector,Arizona Public Service,Signals AZ,Flagstaff Residents Advised of Possible APS Power Shutoff - Signals AZ,https://news.google.com/rss/articles/CBMimAFBVV95cUxPV2pXUDg1dEtGWklGSmR2WmtRRW1oQVpHWDE2VHZWejVsUHZZT1NlRElkZUx0X1F3WF8xOHB5dWp3ZkRIUVBNUHNpd2ZCWmhBS3BQQi0xdUpUR0twanh2dnc5RlNZUnZocVlWTm50dFIxbXJ1bVlfMFBIb1EwbWtVWVo5Q3ppaFhsYWZvb2dBeWNJREg3UE9SMQ?oc=5,Flagstaff Residents Advised of Possible APS Power Shutoff&nbsp;&nbsp;Signals AZ
2026-08-14,2025-12-22,sector,Arizona Public Service,E&E News by POLITICO,Electricity rates a potent political issue ahead of 2026 midterms - E&E News by POLITICO,https://news.google.com/rss/articles/CBMiogFBVV95cUxPa0I3RHZ4cjNRNG5yQmtmcFMwUU1BaWtqeVU5eFFfaDByeXYybUJMTkxmbl9HTG1PVWFSa3R2RlZfU3VuOU5obDAwUHhwRFFZUVJEdVRDMTBLWHdUYUVnRXQ2QTVxS1NHNXNuTzV6dTRKRTNadlNZMzZXeGZsbzRKZ0NvQVE0bFgwWjhIRk0wcFUtWUdGaVVmdVNTZkpycDItb1E?oc=5,Electricity rates a potent political issue ahead of 2026 midterms&nbsp;&nbsp;E&amp;E News by POLITICO
2026-08-14,2026-01-26,sector,Arizona Public Service,KTAR News 92.3 FM,Data centers face 45% rate increase per APS plan - KTAR News 92.3 FM,https://news.google.com/rss/articles/CBMibEFVX3lxTE1lN1VqU3hHRWFzeFBBMXlhTzN6OEM3NVM5MkN4aWtTNzllVkV6SG15WG14WEl3TGtCaTk4amc0VVp5ZWZqVE1iaGJEY1JkbWRzTFdkaVhmbEIzN3JBNVliRTVSd0RjcTFsQURSLQ?oc=5,Data centers face 45% rate increase per APS plan&nbsp;&nbsp;KTAR News 92.3 FM
2026-08-14,2026-02-23,sector,Arizona Public Service,Environmental Defense Fund,New analysis shows Arizona utilities could save Arizonans millions by joining a West-wide electricity market - Environmental Defense Fund,https://news.google.com/rss/articles/CBMi6AFBVV95cUxQWnhPcTFGOGh3Yms4am1mMTJLbGFfRTNUNE41bWk5Smd6Y19FRHZVM19fV1o1UF8xeTZuU1BqMU5nUndpdHFFZnFiYll4ZzhHWloweDhEc29zbVRiYy1fSW5uQW01V09hMnR1dDJ0dWVDMm8yN0Jsa1pucDBXZEh0Vmt2Wk5wNWVMMm1XX3p5WndsV3V6UDVETml6WUdZZEdoelNDX1VLYWVTaUprY2R6X0ktbjJkWDFhSkVrUjNSNkVqWXg2QkJENXg1SGdONWJJSkpNOXU0WlFoRHVfalNpZlBRR3hNYnJC?oc=5,New analysis shows Arizona utilities could save Arizonans millions by joining a West-wide electricity market&nbsp;&nbsp;Environmental Defense Fund
2026-08-14,2026-06-04,sector,Arizona Public Service,WSJ,Phoenix Is a Data-Center Mecca—and Test Case for How to Pay for AI’s Power Needs - WSJ,https://news.google.com/rss/articles/CBMixgFBVV95cUxPa1o5aWUweXA1OU5GeEJfRUpRZVJaOHRUdlIwUlR4ODVsaTlfQ1lBaDE5M3JlQ1c5X3hFcWF6ME4xc1BHYUt6OUFhcGRac1ZpVDVYUnlrVW5QVDIzdjVpVUhqYVpXaTctSDJKYUpRZXdSeVdNTVNyVjFBSHBwdG5Ud2ZDdkVxeWFmNkNZb0FNek9hQWpZMFVTUWNEdXVXNWFvNHdIWEhKMzJjZ1ZkUkhBb0duYVFLZ2VMV3VEZmpRM1VBQ05Qb0E?oc=5,Phoenix Is a Data-Center Mecca—and Test Case for How to Pay for AI’s Power Needs&nbsp;&nbsp;WSJ
2026-08-14,2026-04-23,sector,Arizona Public Service,Arizona Capitol Times,When reality clashes with branding: Arizona. Public. Disservice. - Arizona Capitol Times,https://news.google.com/rss/articles/CBMipwFBVV95cUxObU5FN2ZId3F4M0tXOWljS1VneTNjUUI5SGlhemgwc1JpM1hxVG9IU1NTZ3ZfQnk5cTl4YnhmTndIZ0FMNHlnbGlOdC05Z0pEakhFVG5XRVd3dXNZbXY5YmZ1RmhNelducmM3Z19zVDQyYlFkb0xYdEZoeHQyblVXcGVES1ZnYkZiRHpQS2dNaVAyVjVzbDl1X0o5OG5sZVVZVW1sSWU0Zw?oc=5,When reality clashes with branding: Arizona. Public. Disservice.&nbsp;&nbsp;Arizona Capitol Times
2026-08-14,2026-01-14,sector,Arizona Public Service,ABC15 Arizona,Customers push back against APS proposed rate hike - ABC15 Arizona,https://news.google.com/rss/articles/CBMikgFBVV95cUxNaGlJWjlpc0tVa3h4SURfUk1NYzJKZEVxRWN1aExGSWhKczNrLXlaNVdjVDl1YlVEZmNQTExyTmJTdGI2MGQzT1Jwam10NHFXNGk2RlByaW1pU0pHdmpzNVhTU3FrVjZ6OENZTFQtOTJPY1lKUFMtQUxVTnBHb19LNUJLMVc2VWhhbmlMcUpJOEVfdw?oc=5,Customers push back against APS proposed rate hike&nbsp;&nbsp;ABC15 Arizona
2026-08-14,2026-05-20,sector,Arizona Public Service,State Affairs Pro,APS CEO defends 14% rate increase request - State Affairs Pro,https://news.google.com/rss/articles/CBMie0FVX3lxTFB5eHRHSUNva01uSWJEWEplY2lQS0tfWHJkNjI1Uy16MTNia1VJYTltaXZfRTFkaVBlN2ViS19VRnhURU1OX2ljOHNNb3lBR19ZeG9LVTZJeW5OUkRwNXhrUlBfVkJsRnllUmRQSGF5N3gyUVVvcHIzQ2JIQQ?oc=5,APS CEO defends 14% rate increase request&nbsp;&nbsp;State Affairs Pro
2026-08-14,2026-07-03,sector,Arizona Public Service,pgjonline.com,APS Plans to Convert Retired Cholla Coal Plant to Natural Gas - pgjonline.com,https://news.google.com/rss/articles/CBMinwFBVV95cUxOMUo5OVNNMFZiemtCMm96dWpzWlFWU2NlZ3JqcEllTUFUZF9kdGI2TFlfZ0FxcF9TYVhJSHZOQ0hxUUdLaUw5Z09wZEw2bFpKSlpGR2FTeFlaTTVSeXFxTXc1dzIzUFFnMXdWUWlJMkRwU2JIQUdhdFA2WGZWSDFxcFprWDlteVYzeVB6Mk91ei00VC12UG1ScGdTcU9aRDA?oc=5,APS Plans to Convert Retired Cholla Coal Plant to Natural Gas&nbsp;&nbsp;pgjonline.com
2026-08-14,2026-04-15,sector,Arizona Public Service,12News,APS agrees to $7 million settlement after Sun City West woman's heat-related death - 12News,https://news.google.com/rss/articles/CBMi5wFBVV95cUxNbTVlR3BKMEtidDk1ZXh1cERodk9EQlhJMS03bHZRLVNfb2VESk4wbzdJX3B0NThUZE5Hbi1jN1VEUURVWXBpVEFJSFFxT3pBaEl4cnhxTVR4VlNfZVd3ZTlNT2NJQUwyOEd4VG5tTUg3Q3dfZWl6T3ZLT0JacUZma3NqRFAyUGtCX1RzVU9peEU2STM4eVlkaTBBSERNV1FZZlFlbExCTlN0MzJBbldiYkwwZjc3VTdxRjRvWU9mWU1JZVpNVmFpazVKWEpPcFFSVU1yZHY3eS1obXE5Ul9fTlZfa0t6V0U?oc=5,APS agrees to $7 million settlement after Sun City West woman's heat-related death&nbsp;&nbsp;12News
2026-08-14,2026-02-03,sector,Arizona Public Service,Daily Energy Insider,APS moves to update data center rates as demand surges across Arizona - Daily Energy Insider,https://news.google.com/rss/articles/CBMitwFBVV95cUxQRk11Z3lZc2t6SDlVTV9UQW5JYjlTMDhZWkNsT3VkRm51a1l4dWxUdHNhNzNKTTFNbGt4M1AySjBhbGFvVkU5WmZldzJHaDJ4QVZyVUo2YXdfdDBuVmlZWGlYTlFmX2hHRWxjSEhYV3JYZVNxaHJieDE5ZzlhdzBQUjdVR1lNOXVnSU5Va1J0cFh3c0ZsYzFmcHNQZkZPelhnczBNZ3hGNHJDSUtlV0xjYmtLZGVzMEE?oc=5,APS moves to update data center rates as demand surges across Arizona&nbsp;&nbsp;Daily Energy Insider
2026-08-14,2026-04-17,sector,Arizona Public Service,Arizona Capitol Times,APS settles with attorney general over alleged heat-related death - Arizona Capitol Times,https://news.google.com/rss/articles/CBMirgFBVV95cUxPTVY3a0lHaGVEUDlLMUxvc29LUFZhbUdOaC1tR1k2NjlKZ3JZRlBjOFR4RFhQcmhSTU9QQ21Kc0l4SHFya205SG5kc2ZsTjNiLWhZUmxtSnQ5N2ZxdlZTd1Z2NEhSOGktZFdfaGc4dnNra2g2YjMyVkF0Rzc3NTJLajBEck5td1hIOVc3d29jM0hNV1p0djYxWV8yYkNPaTRjdThad1IzOGpCRlJkZGc?oc=5,APS settles with attorney general over alleged heat-related death&nbsp;&nbsp;Arizona Capitol Times
2026-08-14,2025-09-16,sector,Arizona Public Service,Utility Dive,"Arizona AG opposes APS’ 14% rate hike, says she may seek lower rates - Utility Dive",https://news.google.com/rss/articles/CBMiqAFBVV95cUxQVDBZcUpkRVdNTHlOc200ekhnWnYzTkJTV2pXcTR6WDFacXRIVDY4ZHR3NHM4ejYwejA3clg2Q3Z6ZVNyRHA5SHhEazNmc0lhZm5IMW9rRm9QUmZmSHF3MXBuRWx1cW9tajBCYmQ2RHVmZ3pqUHp1ekRTeVlVR1B6WVhXWUthYXZZWVAzM01oMms1Ym1kcVU5dE9nSkVGMTZmTlJ1QjBLNDQ?oc=5,"Arizona AG opposes APS’ 14% rate hike, says she may seek lower rates&nbsp;&nbsp;Utility Dive"
2026-08-14,2026-06-25,sector,Arizona Public Service,power-eng.com,Arizona utilities move ahead with nuclear siting study despite DOE funding setback - power-eng.com,https://news.google.com/rss/articles/CBMiuAFBVV95cUxQMWFYNzJWZ3UwYmFod2hvNUdrdFVqRDNERGxlZWxDYXRxbm0yUzFzeWZWV0xXN18zLWFnZmZuNTNVTjlpcmtTWUNfVUdud2IxYzFBRFJaOXBxM1FhWGdzNGw4SGczRGh2MEJoSVIza2RBUTZPVGN4NndaSUV0Y0pkM3AxWFhCbjJReHZyUG5BT2hldDRJZWJrbE15OHA2TVNQWmZQUkdsbHZPUXNLcHk5S1RwZmRROTVf?oc=5,Arizona utilities move ahead with nuclear siting study despite DOE funding setback&nbsp;&nbsp;power-eng.com
2026-08-14,2026-04-15,sector,Arizona Public Service,The Business Journals,APS agrees to $7M settlement over power disconnections during extreme heat - The Business Journals,https://news.google.com/rss/articles/CBMilwFBVV95cUxQcWtLb2w5bXJIMnRhWVFMN3R0RWhINTVmVWdnMlZQRnpINThTYWpHc1Rnd1BRbE96RmZEQlNFaHA1QzQ1YU1QNWFPX25hdjIxS3Z6Uk5jU0doWXVYRDlqMDAyd1RnbDdoQk1NT2ZpajRXQWtzclRmd0Q0R0RyNTVYdlZHX0xNVWc5T0NGWW1Ja1VYUWxqRTZz?oc=5,APS agrees to $7M settlement over power disconnections during extreme heat&nbsp;&nbsp;The Business Journals
2026-08-14,2026-06-25,sector,Arizona Public Service,pv magazine USA,Arizona appeals court vacates APS solar-specific charge over due process violations - pv magazine USA,https://news.google.com/rss/articles/CBMiwAFBVV95cUxPZGRubGdjN3IyQlZCbHRFVzRLdExrNmU1QTBTUkVNQzlIcjR3U3hHdmxHQndGT3JMQk95bW1TSFpPeGh4YzlLUlltOWZqNVVuSjJ0NFV0d09HdURoYmpwNTlNZWRJcmwzVXZ1eGFrQ1JWSUE1SnlJS2xhTU5BSUdFUlJEWnFUX2RUWVJBdnFWMHhrc0IwLWtTaDJ3Z3FfQWd2bVZxTC1xWWNHV20yb3ZidWk3ZzR5YmtabGJ1NzJXQ0s?oc=5,Arizona appeals court vacates APS solar-specific charge over due process violations&nbsp;&nbsp;pv magazine USA
2026-08-14,2026-06-27,sector,Arizona Public Service,12News,Northern Arizona residents prepare as APS outage aims to reduce wildfire risk - 12News,https://news.google.com/rss/articles/CBMi7AFBVV95cUxPeW5ic3J2N2FtSmtiWTNuZkthRV9uczNGRWtsWmppcUlVMW0xQ1JDUVdpTm1uNjVHdmMtZXIwODRCOXBjQTE4VWpkd282RkViMHI0a2RYeThMdGY0dDViMnVnbEtzSnZzNHE0dTZFakxpdGF1R2c0RlJQN3NqSnZLRG1JaDBjcEJMTFhNTTh5ZFR1YU9MLVlGYVl2VlJmTHJ3Sy0ycTRzUVFYaHA4M29yU3Zybllwa0k4b2RTN3o0MWpid3l4UnJLS1BCdE1mTXZmVENIR2FsbU5PR21xWU1ISklFSUM3VGZQWGlvWg?oc=5,Northern Arizona residents prepare as APS outage aims to reduce wildfire risk&nbsp;&nbsp;12News
2026-08-14,2026-04-15,sector,Arizona Public Service,ABC15 Arizona,Arizona secures $7 million settlement with APS over disconnection practices - ABC15 Arizona,https://news.google.com/rss/articles/CBMirAFBVV95cUxOOW9BQU9wVGhGVHZrejFpYkNhbnRZaExBaDQ0UUZxdnF2OF9tUVh1Uk01ckRYZFRFd3FkWHUya3B2aWlaNURKVzRkSmZSUnlfMWJOZm1zTWFlSGJvVzk3b0F4WXNYMHZEYnN1REpyTW1uTzlzWi1IYWk3Q1lER2lhZDNZdlZrQmc3V3pEOXlnUW1MVzBsdzFic2FqVkhCZThFckhyb085blFUdG5B?oc=5,Arizona secures $7 million settlement with APS over disconnection practices&nbsp;&nbsp;ABC15 Arizona
2026-08-14,2026-07-07,sector,Arizona Public Service,POWER Magazine,APS Will Convert Retired Coal Units to Burn Natural Gas at Cholla Site - POWER Magazine,https://news.google.com/rss/articles/CBMinAFBVV95cUxOYTFGT0trb2IwSU9tcXBfTEtOb2lUc1Q1bWtqblVCUHg3OWQwa1dERlZ5dGRHTWFyaVZsNnZqZ2xZdjhwZnRfZHV6aUZnM2dTNGdnYkVFMmctdVBCZUUySWZZWTB0VmZlSC10ckNrUWlmZ3Roa0steW5wOGNEN0RBdjVzQnFmU3JMdVhjdHVZdGsySHJhbmpHYVloWW4?oc=5,APS Will Convert Retired Coal Units to Burn Natural Gas at Cholla Site&nbsp;&nbsp;POWER Magazine
2026-08-14,2026-05-18,sector,Arizona Public Service,FOX 10 Phoenix,APS rate hike proposal faces public backlash - FOX 10 Phoenix,https://news.google.com/rss/articles/CBMipgFBVV95cUxPYmJGUkEzMzU3UEhJdmVQRHRrekZJTUw0UXBvVnVReXlyamh6OWNFZVZIMW9MTTQzcWx3LXFlVE11MWM2TUZUaFJqQk11dTBlWTlzck9nYUl2bTB6RTktYW8zdVNxLWNpSGN2ckpLVlZIbkJTS0FZTG50SFNmQkdvN2trTHZ5VW9CSlhzaFdYVlFlVk1NQ3RUV3A1S2pLY2U3REFQb0Nn0gGrAUFVX3lxTFBMR2Q1bXpvUjJQVEFRbTdSU29Danl1M25HbEFaZy1XcDUxU2hudVl1YjBUUUJCdzF5aE1kWkxrVXVET0FpY3VPWjdFekdlZnp3MDFkT1lrcHNGVU5hdEs0YlktMjJPRlc5UkRZdWQ3RWFvQWhwUTg2Unlmam9fWTlDUWhraEdwbHBlaFp1WGFHNmJFcGdsa2NHdFJEVUtLb283RnU4bkN4NmxoVQ?oc=5,APS rate hike proposal faces public backlash&nbsp;&nbsp;FOX 10 Phoenix
2026-08-14,2026-01-30,sector,Arizona Public Service,Inside Climate News,"In Arizona, Utilities and State Regulators Double Down on Fossil Fuels and Higher Costs Despite Residents' Opposition - Inside Climate News",https://news.google.com/rss/articles/CBMi-AFBVV95cUxORmVVQWdEUTVKR1B0MzhHdjUzU1d6ekp1bUhMSjdQc2VWWE5yOHQ4UGdlaDVuWnlfNnVCZ3FnWi1BX3pSdGw2Y241QzdZTFVNNXNLbHBMMk94UU9kRlBodktSaWdRWng3YlNxRklTT29HanBTQjA4Q1BZX1hYSk5SMkltQjJxUGFOUjViVGdNMHhuZWpiZmxrX3NTTk5wUi1yQ2o3NksxbzJtVWxyOU8xQWFmeHRVcFJUZjFVTFdjbE5JUzdtalZySHFNOXhkcVh6UlBPRzJtajJUcjVOWmhiOGdzQjZLZVZHLUQwd0lGeTkya1l5LUJiRQ?oc=5,"In Arizona, Utilities and State Regulators Double Down on Fossil Fuels and Higher Costs Despite Residents' Opposition&nbsp;&nbsp;Inside Climate News"
2026-08-14,2026-06-17,sector,Arizona Public Service,KTAR News 92.3 FM,Arizona court strikes down APS solar panel fee - KTAR News 92.3 FM,https://news.google.com/rss/articles/CBMia0FVX3lxTFB2RngwTFJUZ19IcnlWbXNJcEFJWlNkYnNfUHdVTEhDZE5lVkFhM1pxbUoyNXNJR2lGbUt6X3RtYVk0cXl2UFJuczR4VlZUeGo1MlRYOTdHejFjOTZyZkNkN3Zqek5XWXJDdllz?oc=5,Arizona court strikes down APS solar panel fee&nbsp;&nbsp;KTAR News 92.3 FM
2026-08-14,2026-04-15,sector,Arizona Public Service,Phoenix New Times,Mayes: APS won’t shut off power when temps hit 95 degrees - Phoenix New Times,https://news.google.com/rss/articles/CBMinwFBVV95cUxQckFqXzhUYi0wRTktYnBqMDdyXzBkZFppUm53SG41cTdaby1VZkhGQ3diaFhSR0Q5ZzAteVd4bk4xWm5WQ0QwdnNYNmpuRGdjUHM5Ync5ZG45bHRDVUFTV3JiQW9zdEdmTTlpNFAzalphYWNZRS0zQ2lpUVIyLVpJaFFPVkVZZnVueGc0T1ZzWVRvcGI1SDBlWDNCNDItZGM?oc=5,Mayes: APS won’t shut off power when temps hit 95 degrees&nbsp;&nbsp;Phoenix New Times
2026-08-14,2026-06-27,sector,Arizona Public Service,FOX 10 Phoenix,APS power shutoff impacts 8k Arizona residents - FOX 10 Phoenix,https://news.google.com/rss/articles/CBMitwFBVV95cUxNR2NKZXJiMHJYVGRmd2ZEQlR2UHdvclh0TDdiUWF6TXd5aTdXNUlpMlJuWHFCY0g3X2djYUIzZlN0SXpNaXpVVzlsU1UxOFBJYjdJS3dEMGpBUS1KSzg0Mm16QU1ua0FjX0RSVmRZci11RVh0TWtydEZnVm9XWW9Hano2X2JnX3B2Z0l3NU9UNzV3RTV5OHdNMlBWYVk2WVlCY0N5d0RGWkhlMGdRMjM0VzlTU0RTbUnSAbwBQVVfeXFMTU5XcnRQeDhnX1IxQlhLZmJrNm1iUzFGeWxoUXQzQWZJR3ZvX3NwM2FXVW8xOGpDVlhuTk0xY2RsNWh0QkNmd3Z2SWxHMjh4cVNGaUJFdTktdGZMTVAzODBQRnp3V1g2OHc0UkdQOVdZVXdxTXowdWV0ejhBamNCZzQwaFZpNGE3YksycXRjRFhERmVuaWFMbGRNR2diM2pORm84aXc0SDhHODk2SVNycU1leXdBaWo3Qi1uQXk?oc=5,APS power shutoff impacts 8k Arizona residents&nbsp;&nbsp;FOX 10 Phoenix
2026-08-14,2026-04-20,sector,Arizona Public Service,Daily Energy Insider,APS proposes new natural gas Desert Sun Power Plant in Arizona - Daily Energy Insider,https://news.google.com/rss/articles/CBMirgFBVV95cUxObGhPSGdHRW56dFNzTS1pNkdwcldYS1BkN203SE8xV3Y2NW5lLXZIemtOMC1KS2xGWWZWcl81bzBFNlplUnRMTkNzckNleEZyOU1aMkYwRDVTMVJ2TURTVzFnY1BlM1lpVlVyb3l1U1o2Q0tEa3NNN3p6Tnk3Qk9hQVhfYklHbUJLd01vbmNLTFJRaDBzSHAyTTBWV2hRSnBMV0VmNkpnRFNiNUtwV1E?oc=5,APS proposes new natural gas Desert Sun Power Plant in Arizona&nbsp;&nbsp;Daily Energy Insider
2026-08-14,2026-07-13,sector,Arizona Public Service,State Affairs Pro,Arizona Commission Ends Intense APS Rate Case Hearing - State Affairs Pro,https://news.google.com/rss/articles/CBMipgFBVV95cUxOSXhFcXN5NHZxR2J6UjEySWg1dUFqLXBHR1U3S3JYUnFlWXBSN0RDQmhwdmw3ZHlkcjJUR0k0U1VGVUwxLTFxcWJtWEZiUHJHQS1ZWFdBUW5XN21QcGtXSmhNMXczU0I2MU50OTBGV2cyQjlZRm5hX1dNdjduRjlZdjl1a216M252OGxqU2FfcE1qZzFqaFpfdXBHdzRoY0pmZE5pOHp3?oc=5,Arizona Commission Ends Intense APS Rate Case Hearing&nbsp;&nbsp;State Affairs Pro
2026-08-14,2026-03-03,sector,Arizona Public Service,12News,"APS rate hike could be cut from 14% to 3%, AG Mayes says - 12News",https://news.google.com/rss/articles/CBMizgFBVV95cUxOckdxdnRqWDQ0TV91eWo5R25ER3JQQW45d25aRGhxazlYajNYdDFUN2pPdU16RExTdUV1UmdNWlJGNjNiczNQa0NBT3VqME95R3NFLXhzX3RjZ2o0QldiUjBvanNNbjk3bVNZdDdIS29VZVZCQWNjVjFZQnBGUFlKMlZVTWFvMXJqRWo4T1lISHBJbEJiaThaYUllZWc4Rk9MeWVvaWdYa1pDNC05YVl3ZHNObjFXc0pyWmd6M29DVlVyVVNOTHo2a1dvVkNiUQ?oc=5,"APS rate hike could be cut from 14% to 3%, AG Mayes says&nbsp;&nbsp;12News"
2026-08-14,2026-06-18,sector,Arizona Public Service,PV Tech,Arizona court rules against bill increase for state’s residential solar users - PV Tech,https://news.google.com/rss/articles/CBMingFBVV95cUxPOWFtOThyc0dPNnMySEptQ3VWS0o2dlZmN0ZudHBzSzlzSDdnTk1URzRNWHpxNHpZdVVLOTBmdFpwMzNNTmszMnlXR0k3NGFFb2FtWlU0Y19DMk5hT1Y3RndpTk5xZEk3aHN2cWstb0xZa3ZqR2d4RmtTR1RFaW8tc3lHVWlPVnE2YXN5bXpBd3ZvYTlRdU82SVg1XzZtQQ?oc=5,Arizona court rules against bill increase for state’s residential solar users&nbsp;&nbsp;PV Tech
2026-08-14,2026-03-19,sector,Arizona Public Service,NucNet,APS To Seek Licence Renewal For All Three Units At Palo Verde Nuclear Station - NucNet,https://news.google.com/rss/articles/CBMitAFBVV95cUxOUnhRNlQwNW1rbWFyM0lZMWJ3dEplemJsb0hXM2pMem80ZmFsR3U5OFViQWR3WFk4UHNvc1lJMVpnUEVkMzJ0cTBfandydnNmaUpTTFlxV3N6SFJtMGZ4S1B3T0NJUnFIampFa1JOQnhCb1NXb2dBNWRLQVdlczdhaDIyTURrVHhFd0RSWU92TzFkdjF5R284Z2F6TF96ejRpRElDQ2VVMEZQSkRnLUdIYWRtMnA?oc=5,APS To Seek Licence Renewal For All Three Units At Palo Verde Nuclear Station&nbsp;&nbsp;NucNet
2026-08-14,2026-04-09,sector,Arizona Public Service,SRP Newsroom,"Arizona Utilities Offer Grant Funding to Coal Plant Communities to Support Economic Development, Infrastructure and Planning Efforts - SRP Newsroom",https://news.google.com/rss/articles/CBMi7gFBVV95cUxQM1JxTVZRc2NaWFFweUszbjk5ZlZ5YkhtUy1ZRzVyU2dZRnA1dnQtMGFQcDlsNHp3dl9wQkxfWmpyNF9ZVVRsbjBZdHJ2VnE3OWZKZFZlWWEwdGJVRXduY1VLRGM5ejVldVBOVWZIUldpZ1ZXRWw3d0k0OTVxMVctWmJsbWxXa0dUUkZNNmFFS3l4MHNFVnpzY2JRalg4OTI5amtMRU52RmREMlJMQms4amEwemgtZ0hKV3I4cUFaNHExNWZLbUFoNS0xVmplcXhMUDB1bzduVTE3Y2xtblhMZE15TGVrX0tzN21KZ0VB?oc=5,"Arizona Utilities Offer Grant Funding to Coal Plant Communities to Support Economic Development, Infrastructure and Planning Efforts&nbsp;&nbsp;SRP Newsroom"
2026-08-14,2026-06-26,sector,Arizona Public Service,fox10tv.com,APS to shut off power in parts of Flagstaff and the Grand Canyon amid extreme fire risk - fox10tv.com,https://news.google.com/rss/articles/CBMisgFBVV95cUxQOXRYc0NWZlU2d3UzTHhMU3ZwOXIzVWxrMW50UVZMWEJWLWh2NEVMRnpMd1VWMEJocjZXNDBWV2VwdjBVMl8xYVpZMkxJREw2a1BmVTd2czV4Y3ZQOGxrSjNpYm9kdm5DNkxKekx4M3QyMmV2X2J4V29SUjRsLW1lSF9zVm1DTFdDeEJ2Zy1qYW96ZUxGdkM0cGNjRFFrem5PdVhiaDJuMGlYa2J3ckhzeFBB?oc=5,APS to shut off power in parts of Flagstaff and the Grand Canyon amid extreme fire risk&nbsp;&nbsp;fox10tv.com
2026-08-14,2026-03-09,sector,Arizona Public Service,Utility Dive,Arizona Corporation Commission ends state’s renewable energy standard - Utility Dive,https://news.google.com/rss/articles/CBMiowFBVV95cUxNSG1XVzhyOXZxOXZpa1FvWDdQX0Y4cHJxR2pkRDE2SXM0bHN5cTVCdEZPSDdSeUVJY1ktWHM2VFBtZnE4eTJpbDBma01OUDlocmdjTG53a1VmOWNNRTYtQ3Rfc2NJc3IwOWswTzZYeThSSW5WRDVDTUtGNm5IRlZnUGJNUnRzeVdEclo1R1hLUC1rVWdUWVVlVFVmcGJrTFEyY29F?oc=5,Arizona Corporation Commission ends state’s renewable energy standard&nbsp;&nbsp;Utility Dive
2026-08-14,2026-01-16,sector,Arizona Public Service,Phoenix New Times,Op-ed: The time is now to speak out against the latest APS rate hike - Phoenix New Times,https://news.google.com/rss/articles/CBMioAFBVV95cUxNUHh1cndfT21MajV1cFJJZ2lzcmxUeWhwdUFBVWJPYmd6THJFRE5MdHQ5MkxSTjkzbzFJTDZxaGlVX0dZU3NkQXdqMEV0ZEtYOTJfcjRoTGgwd0ZVR1pIV0JxS1FrVVNLTHFyZi1iZkFzOHZZcE9xQkJqT0pWOUZVMmR4UGJTd1F6UTJ3WWtPZ3psMnNoOVdLYkJ4cjZkMEVw?oc=5,Op-ed: The time is now to speak out against the latest APS rate hike&nbsp;&nbsp;Phoenix New Times
2026-08-14,2026-05-23,sector,Arizona Public Service,AZ FREE NEWS,Arizona Regulators Warn Of Higher Summer Bills As APS Seeks 14.5% Rate Increase - AZ FREE NEWS,https://news.google.com/rss/articles/CBMirwFBVV95cUxOanVqSU0weUtVZmwzNkRKTDh4c0xzQ0lnRXUtWGhOZEdtWXNHQW9DVi1DYXUxSEFWc0pJU2lVbUFSS2FYemsydVZTenRQX0lVZjJqanAyYU0zWHNWdGZoanpTU3ZhbWVKTllDcWFWbktYakkzOGNXWUV0cTdLUUdxU3VMR3hJQnVpQ2JLdXJteTU4eHd2eXFGN0VISU5ra01pTjBVd3lOTmM5RVNvaGtn?oc=5,Arizona Regulators Warn Of Higher Summer Bills As APS Seeks 14.5% Rate Increase&nbsp;&nbsp;AZ FREE NEWS
2026-08-14,2025-12-03,sector,Arizona Public Service,KJZZ,Arizona utility regulators scale back APS energy efficiency incentives - KJZZ,https://news.google.com/rss/articles/CBMisAFBVV95cUxPRmhzaE50aHBKVXdiR0wzdE0weFJKc2lGWS1PWE5jb19WdGJyd1pQZGlFTXR3eE1EVjdFeURkT19sLTVUR3NrSHgyRzFGX2dmeDM3NkxDU25Del9jSGYtWldGejVQSlJIMHljZ1FBZUcya3Z4Tl9TWnBSTFo4UENXUEZCS0xTc29fdl9BYkxUMkZGV3hON0ptaUUzaS1NMjJFZU5PbE00VzRudzVfMkxRMw?oc=5,Arizona utility regulators scale back APS energy efficiency incentives&nbsp;&nbsp;KJZZ
2026-08-14,2026-04-21,sector,Arizona Public Service,AZ Family,Flagstaff communities may lose power to prevent wildfires - AZ Family,https://news.google.com/rss/articles/CBMilgFBVV95cUxOVURXMlZYOVJBdkRPQzhEcTR3ck4xOW1jVWdtcGZiOGdVcEFVMURieklUWUwwRUl0LURGbG1NeGZUOWlWaWg2cnBhX3FiSWhKWmNxVXZ2a1lRSllLZXJNc0thN1ZBSkdvZFhDS3BfbV9rdXlGVHZEaENORE0wRDdENzBsSVpsa3l6bWNuSjE5ZmhzUnp1QkHSAaoBQVVfeXFMTVlLMGZVNzBTU2NEd0xIRjJteE5KdEtTWjlUUGZkY3FVTW1Bc29oODlwTjI3SnVxN25Qcm1sbVFqdjZRZlJtMHlOYVM0WHRJeDlocUFVOEdubGZiR3JiRS0xU1ZhNDNESFhGbjB6ZjUtbWlMdXF6U3I1OGlRYmtVc0RMaE8xOXJoYThUZUhZVUxVZWo5c2szY0hyWHdyOG5GbVo5SG95d2V5RlE?oc=5,Flagstaff communities may lose power to prevent wildfires&nbsp;&nbsp;AZ Family
2026-08-14,2026-01-29,sector,Arizona Public Service,ABC15 Arizona,Opposition growing to 14% proposed APS rate hike - ABC15 Arizona,https://news.google.com/rss/articles/CBMipAFBVV95cUxPaUVYb1RSUHdZaV9vdkY5NW43Q2FrV1dzNUZJZUpubFpPQnVxcWlVSzNtS2FqMktZNEo4R0pHU3g2NFhLQTZBN05DSTFkV3dUT2FNYlJCZmpxZFhQd3ZNMEdWbDRiLXhPNTNYUU9heEQ3d1FJdTNveFE2VXlLVFBUSmZLM0lEWDREdmlscTRnMjNMTm1tM0FwemN6dV9SRnppT1pmaA?oc=5,Opposition growing to 14% proposed APS rate hike&nbsp;&nbsp;ABC15 Arizona
2026-08-14,2026-03-16,sector,Arizona Public Service,Business Wire,APS to Seek License Renewal for Palo Verde Generating Station’s Nuclear Units - Business Wire,https://news.google.com/rss/articles/CBMizgFBVV95cUxQS3JIRFBobUVvUjJEcVdIRnVWYnV4b3pGZEZmdUlPQWUzUkp0MWlUMGM1NjF0WHVuQWZiQzBQNXA1OXd5MzA2cmtLXzV5aE1qS3M2aGxaeUpRMEVYTld6RUU5R2d5bUNRcXJhYUwyMXZORmRBN2dZMmc4bWtuWFRXR2t1akVRbUxNUVlxOUJkb1hiRENZSHU1VUxJTnRBOXJoWktZSXgxTlZMd3BJZHFVVmM1bktuekVIeE9SNDVUckpYaFpXOXdnMVFhUXM0Zw?oc=5,APS to Seek License Renewal for Palo Verde Generating Station’s Nuclear Units&nbsp;&nbsp;Business Wire
2026-08-14,2026-06-17,sector,Arizona Public Service,Solar Power World,Appeals Court strikes down Arizona’s ‘grid access charge’ for residential solar customers - Solar Power World,https://news.google.com/rss/articles/CBMizgFBVV95cUxQelBPOVpNSGxiT2FDVFJKYmxrUTdLdWlxSmJZNUVwTTVKeG9nYjAxRTEwN2RvUUROdWxrZnZ6ZW1YZnk1RzFLbzhiVWF2ekhwcWt2V2pnZEhESmlHMlR0ZS1mOHJVRVhXTVQ3R3N6NHU4dzloR3dzNEg4YTR4VlpXeTBDZWhlbzJvWGwwZ3o5SUFUWUM4ODJtd1BpcFdEVW80WlprMGV4a0hWaG1MYVFvWkxaNGZLRkhCYjFVUXlKYzdQaXAtNXZ1ZGNURk1tdw?oc=5,Appeals Court strikes down Arizona’s ‘grid access charge’ for residential solar customers&nbsp;&nbsp;Solar Power World
2026-08-14,2026-07-16,sector,Arizona Public Service,yourvalley.net,Arizona Public Service offers Paradise Valley teachers the chance to supply their classrooms - yourvalley.net,https://news.google.com/rss/articles/CBMi9AFBVV95cUxQcFVrVEpiekVaYVFlS2F3aDlockxFbFpSZWwxcElObTd4WTJUelI4Z3Bnek54djU3cXNZeDh3N1lNajhxX1g1ejlyLXo2TWV2ZnBObGVmWkpqZ2w2T0JrQkpwQ3VFX1JPaVBpWGdLYXpxNUJLWU4tOEpCdlRjeU53Q2hCMzhLMkdVUTh1S2xTZjVjSmRYcUY2bXdrNVYzUGRqWXVKQ2lWVmZUNEg2UWVoQlNZbW95akFsRVZZaUtnZWh3ZnRxWkxMVHBoTmNtYTlQTWxnQnNRUGhNUnZfNW9SeFQtUTFGYnd4MTNNb0ZKSFVua2Jn?oc=5,Arizona Public Service offers Paradise Valley teachers the chance to supply their classrooms&nbsp;&nbsp;yourvalley.net
2026-08-14,2026-05-04,sector,Arizona Public Service,Arizona Capitol Times,The high cost of Arizona’s energy cancel culture - Arizona Capitol Times,https://news.google.com/rss/articles/CBMilgFBVV95cUxNcUhub2dXTVJfOFZxbUo4QS1EbmU2MUhYOVh4bUhkLTRDN210N05MbU5tV1oxY0ZXanBtUHI1SVlSaThleWgzS0J4UkZiRUxiTWtCMVJQbzlXWUFiOWdBVW1iaU43TndIdEpWaTRqNVp6ZThzTjdLVnlLbTRLbE5LWFZCdjl0NW94Wlh6a0Fod2FnY3VJX2c?oc=5,The high cost of Arizona’s energy cancel culture&nbsp;&nbsp;Arizona Capitol Times
2026-08-14,2026-06-26,sector,Arizona Public Service,KTAR News 92.3 FM,"APS cutting power around Flagstaff, Grand Canyon to reduce fire risk this weekend - KTAR News 92.3 FM",https://news.google.com/rss/articles/CBMic0FVX3lxTFBSUC02QWp5el9qUjRGWjByT0ZGMzAybzEwQTRQejlDZDdjQkNXNjYyZ2ZIaklrcXp0ekFhaHhtUXFsQkhkazFDRnF6UnEzNzZSaUd6eDNFc2JjazduZ2VQVERoRko5QXg3RG82TWdIWjhkaDQ?oc=5,"APS cutting power around Flagstaff, Grand Canyon to reduce fire risk this weekend&nbsp;&nbsp;KTAR News 92.3 FM"
2026-08-14,2026-04-15,sector,Arizona Public Service,KTAR News 92.3 FM,"APS pays $7 million settlement, adjusts disconnection policy following customer’s death - KTAR News 92.3 FM",https://news.google.com/rss/articles/CBMiV0FVX3lxTE9xMzkyVE1tSFZqQVFhODdVZV9ORjZ3LW1FWmNETXpEZlRTV0ZtQ0Z4VDZWMnNWaF9GYUQyTFd3ekVZTFB1Y3hzNWREaEFiQ3FHUXNiQ19zUQ?oc=5,"APS pays $7 million settlement, adjusts disconnection policy following customer’s death&nbsp;&nbsp;KTAR News 92.3 FM"
2026-08-14,2026-06-12,sector,Arizona Public Service,ABC15 Arizona,See if you qualify: Some AZ families can get up to $800 in utility assistance - ABC15 Arizona,https://news.google.com/rss/articles/CBMiugFBVV95cUxNcjRCdF9jY25mdGlTUktaTHdPR1p1dkxkQmlpaU1kWjJVYVo5UlJWRXprMkd3X2d1MTZSaHFPRU9ETlhfSThQWWVYYzF1bFNPcWt1WXQyM3lveTBHelJ6MURzMDA2TURvSlI5bjZaX1EwVmlYNThiYzF5aHMtMkt2ODNHVURwRV90aXlPZTA4RGtoaVU2NllRY01YYTRlYkgzMzVtbXU2TXUwSXRabnlZNGRlT3V4QW1PQ1E?oc=5,See if you qualify: Some AZ families can get up to $800 in utility assistance&nbsp;&nbsp;ABC15 Arizona
2026-08-14,2026-06-02,sector,Arizona Public Service,paysonroundup.com,APS warns residents to prepare for wildfire power cutoff - paysonroundup.com,https://news.google.com/rss/articles/CBMi2AFBVV95cUxNZVdGdTdPRGxJWmEzS2Y4MU1TU2lraTlPUUNXQjh6R3piZG41NzczamQ2T0piWWVlbldFbjRTbzUxWGVnOUNOSHgwcmRXZDQtN2hWVF8tRGgzamZ0TzVMQUMwRVpDNzlXMjN1ckJ0Q3RCUjNlREJaelVXQkhQZllVQndOcDc5ZzlmNFJITkpGY09ManpjY1NMU1ZaQmZveVZIa0lrTElodzcycUVQNlNHSXdDc2k3aVFjZWlfdkhfYlU1SjdnWk1vdTBWVm8zRXpReFFST2hpRUw?oc=5,APS warns residents to prepare for wildfire power cutoff&nbsp;&nbsp;paysonroundup.com
2026-08-14,2026-04-15,sector,Arizona Public Service,KVOA,Arizona AG Mayes wins $7M settlement with APS over heat disconnections - KVOA,https://news.google.com/rss/articles/CBMi6AFBVV95cUxNUEpIbmxzNk1fd0hIWm93NGl6ZWtLREdabVk2b0cyLWY4ZXl3S2tTTjU5NHFJLWx2N3l2RnE3TEd5NlF6NW9BU2otM3RZZElSVlp6TE9rRzRDQzdId2V2c0FIeEZjS2xQcjQzSllVYjhHZUpGZ0c0WHhpNXV1cHhTcUtxendxbmM2UzE1MnVnY2tCZFZqbDN2blBFREhUeWQ5Y3VoVEp1ZEtOTUNhUnlxbEpWUU96b0pPdXBGZkV4Yy16VHVtdHV0Q2VFeUh2ODRJMjg4QUptX3I3b0I3RVppR3BrbDdCMUVZ?oc=5,Arizona AG Mayes wins $7M settlement with APS over heat disconnections&nbsp;&nbsp;KVOA
2026-08-14,2026-04-15,sector,Arizona Public Service,thecentersquare.com,"Arizona utility agrees to $7M settlement, policy changes - thecentersquare.com",https://news.google.com/rss/articles/CBMikwFBVV95cUxOZWRXRnVxODh0X2FnZVdRT1FaSDQ3SGNNVWo0S1ZHdy01UXVWSUFnRE9adEJDUlpjRWhxc1FicWlGRHg2bHN5S29QSkhJQ3hjVE1yR0RtRmptT29zT1NkUHdpSTk1c1pjUnFwRU9SeDdyR1ViOS1NV3otLWU5WXFqYkowTVY3czlqQTdseEY2a2kyT3PSAZgBQVVfeXFMTkdWaDczNFY4Tmdkb1NyV09xTFFrRHpNMU1mZHlLSktEWndLSHhHYmN2T0c0OUpJdWJzakN0MGNQRWxTYmoyZkcya0V5LVV4ZGRJbHBqREEtck9uYzJ4WUQ3Sy01T0llRkJPX2VFWXZkSy00eEZXUjVvSkxEWWM3T0VMdHJGVWpIcUJLWi02WWFqYThGRVhQTlo?oc=5,"Arizona utility agrees to $7M settlement, policy changes&nbsp;&nbsp;thecentersquare.com"
2026-08-14,2026-01-29,sector,Arizona Public Service,State Affairs Pro,APS addresses data center energy needs at House Committee - State Affairs Pro,https://news.google.com/rss/articles/CBMijAFBVV95cUxPVTlCellVU2FFMjhRUlh1WkFzelU4bFJlajF6TkJ5SGp5UzNHLThSNmVwTlNXOHdscm9DV1dVTzh0WWJ3aFB4Zm5MSUJLdlBRYVBKUDBLWmdua2pheWFCLVJ5X2t0SldIU0Zoa3ZWX2l1MFQwWkRQX0luOWZBcGdhN1NsbTUxV3YxZHEycA?oc=5,APS addresses data center energy needs at House Committee&nbsp;&nbsp;State Affairs Pro
2026-08-14,2026-06-26,sector,Arizona Public Service,azcentral.com and The Arizona Republic,APS restores power after shutoff due to high fire risk in northern AZ - azcentral.com and The Arizona Republic,https://news.google.com/rss/articles/CBMi2wFBVV95cUxQa25LV0o1NE5yLXo0QVRLbEFWYVpfMEJHZWFuU1Z6bldtdFVaMGhlR0lEamUxeklYRWgzbFVqcnlzTllqdE0yejhlbjlvMTBMZUNIVTRWWTNOYzFNOEdkQW1aeDYzeW9CS2xUMTJXZWZ6ZmhSelJ1dFJZM0NVLUt0TTc4UTRQTzZKcXpjY1ozSXhfanVJUXJzbmVxNEp1dm5mVzVBX3Z2aWhYaS1HbGdIX2NYYjJORG9qMXFQVDFNcElral9nV1RsM0drQmdDVXNRLXVyTEgwVXRFemc?oc=5,APS restores power after shutoff due to high fire risk in northern AZ&nbsp;&nbsp;azcentral.com and The Arizona Republic
2026-08-14,2026-04-15,sector,Arizona Public Service,rtoinsider.com,Ariz. Utilities Confident About Summer 2026 Despite WECC Warnings - rtoinsider.com,https://news.google.com/rss/articles/CBMioAFBVV95cUxNaXNaME5fMm0zTEU3ZTdrcGlIaHNVU1h1dTh2OEVPbllibUpDRmdxN3JhOWxDUFZ6V2dHSnc2aVJyMjVWcXhxYWxCUkc2blRFQ0xEYzlZU01FelRVN0U4RmRLNm5nOVQ2MDNuZ1FVOV9UTXBheWtxa2Nhc01JTnR1QkY4bXhJRnBBOUl3Skw1S2JoN3Yzd0tpQ1RCZ0JGWU1m?oc=5,Ariz. Utilities Confident About Summer 2026 Despite WECC Warnings&nbsp;&nbsp;rtoinsider.com
2026-08-14,2026-04-23,sector,Arizona Public Service,12News,APS shut off power in Flagstaff area for the first time due to extreme fire danger. Here's how it went. - 12News,https://news.google.com/rss/articles/CBMi-AFBVV95cUxOWjBhWlBQb3EwVXltX2RkQlF4WjRZLS1XZTFuaTYxa0hXc2VYNXhVd1VXYlFpNENiWEFsMDVCR0R4Q051Mi1scFFVNFNLVmpreDhvYkl4QmJYYzZUV0JzMnVUdWs5VjZwU0NZU2d6OEFOVWpfVnZNeC1ib0Z1SmlVdThia1lKNy01N29BMlhaQVBDTGFmMUZCQU92aXloZmpoNG5GbmdKTGl4MURPaVBaV3k0RENKZE1raXVOTE5HVGcwaG4xMVZZSFRFNzRWYTlBM0JHY2pHOFFNa0EwQmo5SHRQZjZlZFI0eTZwVDdZdmJEaWhOSGl2VA?oc=5,APS shut off power in Flagstaff area for the first time due to extreme fire danger. Here's how it went.&nbsp;&nbsp;12News
2026-08-14,2025-10-30,sector,Arizona Public Service,ABC15 Arizona,APS announces plans to build new natural gas power plant near Gila Bend - ABC15 Arizona,https://news.google.com/rss/articles/CBMirgFBVV95cUxQS3RYRkdZUE5fS1c2RGRMUk1vY1paNlF1MnNEWDFFUThna0JzdkhRTW5ZUTRRWnk5MGpKTHdKbTI0NjdzcndpaGlHVG1pYTlvWHI3aW42dFNvajNoVDhoTEN6cnIzc1RtTlM4SEdkelB3c3lSN0UycWJPcVpuVS1LTDRBb2pTc2dKOWtHaHM2U05OUk51WFBaZXpVUUJnZzRNblhCcU5LOHhhMGVwRGc?oc=5,APS announces plans to build new natural gas power plant near Gila Bend&nbsp;&nbsp;ABC15 Arizona
2026-08-14,2026-01-16,sector,Arizona Public Service,Solar Power World,IslandDER meter collar accepted by Arizona’s three largest utilities - Solar Power World,https://news.google.com/rss/articles/CBMitAFBVV95cUxNZjYwQ1M1SXBJdFhHbUg4R1YxSG1lVHc0TUtSaXRiTmI1aHVfblVxTjNSR1Z1MHVQX003TWhmMkJvT0NwLTBOb0x0akEzQUJEVmp6dHRrVDJCVks5eFlTUDdjTGhwSk5qelVkeU5RUUFLODA4TFJmNjRuTG5mZHJ4bGk0NGMtemhoVjI0Q29yZXNyVjJmMVEyWnByWnFGQ0pVQnBsSnR3T0I3YktGUGQzOGNrNk0?oc=5,IslandDER meter collar accepted by Arizona’s three largest utilities&nbsp;&nbsp;Solar Power World
2026-08-14,2026-01-19,sector,Arizona Public Service,Energy-Storage.News,Arizona utilities approve new technologies to accelerate residential storage and VPP deployment - Energy-Storage.News,https://news.google.com/rss/articles/CBMixwFBVV95cUxPSkN5UFljcXJKYVlCZTd4UDhWMy1SYnpHUkNQTl9xNGszXzNMcnlvSG1lU0w5blZCekYxdmQ0Zkw5dk8yNHdPVGVtZmo3ZFMzRHNTbTIwbFdpcVNqLUxoSTdYb3I5cHFJUjBKR0ptQTM3MTNyWjBuSUVaZk9QMGVvM1NtY2pST010aG9zVkpDVzZSU0VGUWs0RkIzZ2tQUVJTV0VHeUp0TGRybGNhTFNRc0VXcUV4QktUWFJUVzB5R3RBLUVJanZ3?oc=5,Arizona utilities approve new technologies to accelerate residential storage and VPP deployment&nbsp;&nbsp;Energy-Storage.News
2026-08-14,2025-11-02,sector,Arizona Public Service,Data Center Dynamics,APS plans 2GW gas plant to power Arizona data centers under subscription model - Data Center Dynamics,https://news.google.com/rss/articles/CBMivwFBVV95cUxOa1JNVmdjVjBCVTFwQWVfY3BHamZLQmJTa3BlMGtqZGFLQzgyV24wcWtjZGNSTkRJa211UmVqSWVoWU5qRlMxOS1YRTZnRmsxMmowRUhGNFZnZ0VlOUtTZkhPaGdfTlUzcktaVDlQcHhIZ1VEckp6NDhHZlY2ZUM4YTVYYjY4UDh4SDBnNnAzQ1RJcVg4MVJYcHU5YXJ2MzZJUWRoZnJ1T0ZTTEFWNlhPM0FBZW5zam1ncGVGamd4QQ?oc=5,APS plans 2GW gas plant to power Arizona data centers under subscription model&nbsp;&nbsp;Data Center Dynamics
2026-08-14,2026-06-02,sector,Arizona Public Service,AZ Family,Seasonal ban on power shutoffs now in effect in Arizona as heat rises - AZ Family,https://news.google.com/rss/articles/CBMiowFBVV95cUxQNHNyM2owd1c4bnFhLXJYVlZrUWFFdHlVb1BoVGZRWDAzYkZOSmUwLVhXRXg4QThyeUZZcGZhNVUxMlBtZFJycEtaOFp0ZW1DankyWXJDODlYbFlLQ0VMMVc1aXRDeDlsUThYaTNzd1NqeS1CNnN1eG9aZVdPZ1diTzlLSTZVZU1ad0I4ZmpLWS1tLVBuanVEVkRLV2U4YTNaZGJ30gG3AUFVX3lxTFA4Y0FtT3lSSjBLSm42YUpTMzI0MEhfVFNCakhIS3ZsYk84cXpyaWhncThwSUtCYmJhVG00c0VLY1lqVTBQQy1uRFJ1MV9zN2JxdzdXUC12YTZQTzZ3bVdZbXVBX3REb0QzSXRDQjBGTDhOODBIOHpxM2Y2Q3dhM2FaR3lxNGZjOVo1TTFwX1U3dVJDTURwajBtbFh4cWctUFV2MjlMUF9KbUY4VE8tMWdabnhfelZ4aw?oc=5,Seasonal ban on power shutoffs now in effect in Arizona as heat rises&nbsp;&nbsp;AZ Family
2026-08-14,2025-10-30,sector,Arizona Public Service,Business Wire,APS Uses ‘Growth Pays for Growth’ Model to Develop New Natural Gas Plant - Business Wire,https://news.google.com/rss/articles/CBMixgFBVV95cUxQempjVkdGaUNJWEJfWUdKVXM3VXFhWGR3eUZHcDhnUlV1Q1Ewek5WbEttVmlPQVhBMFNVYUtMYm5TNENUOFBhbHJMbVdHMjZLa3diVFNNZzVURTdZMW9UcUJXdXg5Y1o4NU5tbkVnQjlpS1h4Vkdvd3N2ejlmLVhzN3JkSlR0VG5JOWdPYUEtZ01hVnQ4aUNlS0lUUk9FVUJ4R2Y5V1RwM2UtYlM3clJDb0lnZTVMOVpDekJoTXd5QnI1NkFwQVE?oc=5,APS Uses ‘Growth Pays for Growth’ Model to Develop New Natural Gas Plant&nbsp;&nbsp;Business Wire
2026-08-14,2026-06-01,sector,Arizona Public Service,SanTanValley.com,ACC Urges Customers to Seek Help Before Summer Bills Climb - SanTanValley.com,https://news.google.com/rss/articles/CBMi5gFBVV95cUxNWUh2LW8wTnNzNEJuaDZYcVFIamQyUW4wMlZiZFBHTzRnMnRBYmZJdWNHUVBrUEJZcFF6RjhvWlVjbmFCM2VyTU1ORlZzd3lEMjFUXzZpblJxQnF5SDhiX2hhSmJVajJKa2o1U0MxcmJxMC1mWjAxZ1BscTdrRWs3UjZCV2JQVGQ2OWNyRzFvWWRsRFowRGNMdVhzVmZHNjFwMndCbFdDVnJRQWM0aU9zM21WWUQ1MTV4YnhPcnZhdmN5eGk4QzBuNjdQUjZ2ZWN0ZTZzRU5zSHB1N09NUnd3VG9OclplQdIB9AFBVV95cUxQMXVpTDRldjBFdERxLXl1OHRoZlh3NktReDRDTG5YeFdPZi01ZC1NMTFHN2VaMW5TQzliTmJBUGtmSXExYmlZWnNUa216bWN5cHlaRzZUenZfMDJJeTdnS25BUWtUM0NqaHNpM3FhZ1RQcEtJa096Y09Xd210Y1NuN3JkMUdsNnhUeTlXOW9UejhyUS1rOHR4UzFjTnQ4b2ZQM1hReFBWU01wNk5CTWdISHh3Q3pPS2tzR3FPSjAtLTNvOC01RnBVWVZZWlliTE9rUl8xc1d5X3lhcDZ1cU53S2xCbGwtcEM5SU1xUExLYUVyRWVs?oc=5,ACC Urges Customers to Seek Help Before Summer Bills Climb&nbsp;&nbsp;SanTanValley.com
2026-08-14,2026-05-05,sector,Arizona Public Service,Navajo-Hopi Observer,City of Flagstaff looks toward Navajo Nation for renewable energy credits - Navajo-Hopi Observer,https://news.google.com/rss/articles/CBMi5wFBVV95cUxOaTFXRVNrOElLYVdyRGJhMllWMlFHYnFwLXNfVnN5WkpDSHJVZjdKSE1XcmdRXzBkYWJ6Z29pbjlnMTd5cWdSbmc1ZjdHeS1vaXBqNzF1NUxzUEFXT0FjTzl2dVVUSjBOa1dad25hekJpb3lVdHlDZGhxN0NhMmJqNjIyRllJUElZa2F0NTBwQUJDMnFOcnUyODRERGM3TXBXME5kWC05NFctUi1kQkdjc1F3R21zeWI4dTBlemdBTG5rVG9UWU05R0JQQ2NpMDVaQ2lpa2VUaFFnTWZSV09ybUNURjJackU?oc=5,City of Flagstaff looks toward Navajo Nation for renewable energy credits&nbsp;&nbsp;Navajo-Hopi Observer
2026-08-14,2026-03-06,sector,Arizona Public Service,Copper Courier,"On top of a 14% rate increase, APS asks Arizona utility regulators to switch to yearly increases - Copper Courier",https://news.google.com/rss/articles/CBMidEFVX3lxTFBMdU5oMzFfSlZkOG9IUHVfNEJ5Zkg0UUM4eUI3MXBOc2lZa05aUXFrQTZKeVVPN3BEVjlYckJmOTlnbEFBcE92SlAtLVFCZ3dUSXUxV19mWXBEQVUydUhqenp6ZnY1WjRmc2ZyOS1mR2pZNHB5?oc=5,"On top of a 14% rate increase, APS asks Arizona utility regulators to switch to yearly increases&nbsp;&nbsp;Copper Courier"
2026-08-14,2026-06-25,sector,Arizona Public Service,The Business Journals,Arizona utilities begin identifying potential nuclear sites statewide - The Business Journals,https://news.google.com/rss/articles/CBMimgFBVV95cUxNLTJMdW9kTHJ3S1RPbGhEbXJETTVqQnZGRUk1ck9KRzY5TUN6X053WDJIQXVnWUlKTmpNNVNGV085VTVtNlBRMndISzFZeTY3bmxZblpPOWdhRzJ5dzYwRExOTDJUUXBGdW5MY3A2QzJPYjRpVHlnWVVTM05BeVhraVdhVno2UTdVQ2FqVWRjVld0b1NrUmFBOGpR?oc=5,Arizona utilities begin identifying potential nuclear sites statewide&nbsp;&nbsp;The Business Journals
2026-08-14,2026-05-22,sector,Arizona Public Service,Consumer Reports,Electric Bills Keep Rising. Are These Regulators Protecting You? - Consumer Reports,https://news.google.com/rss/articles/CBMimAFBVV95cUxPS1pwYnFBSVVFZmUzbk9uWVFudzFiSHgybHhTQnNaVkwxRWdCb0Ryd0JZOTRlbVE0djRJZVk3UVhldHU5X0g4TWI3cGNmaktMQjB4b0IxanNyS01xQVVjZERWZDhpd21uYXB1azhfaEFsR2pIbzJhWVRuSHBuU3FEemZJRXA5THFDVXR6OFZBVkRhcUN3OTh2dw?oc=5,Electric Bills Keep Rising. Are These Regulators Protecting You?&nbsp;&nbsp;Consumer Reports
2026-08-14,2025-11-10,sector,Arizona Public Service,kawc.org,Arizonans facing higher energy bills under proposed APS rate plan - kawc.org,https://news.google.com/rss/articles/CBMipAFBVV95cUxPX3JPbGdnX29Pb0RNal9NYmJXTU5jYkpoXzBaRDNHUHI4WWNWTHpCQkZfeUZxNlZfNmcwWnZ4eEFTT2NQdHMwdm5TQjU5ZHhfRnZhNEZuMU9SVFh3dVNSalZWRFJsZTUxSFlxRXhJWEtRN3Y1Yi0wc2psMzVqc2ZEbHVpY290YS12c0FaanFQMF8zOUticnhXTUZ2dk1WVEVOOTdjMw?oc=5,Arizonans facing higher energy bills under proposed APS rate plan&nbsp;&nbsp;kawc.org
2026-08-14,2026-04-16,sector,Arizona Public Service,Copper Courier,APS agrees not to cut off power for nonpayment when it’s 95 degrees or above - Copper Courier,https://news.google.com/rss/articles/CBMiakFVX3lxTFBUdHJ1MFJORHQwa0ZvNEZuQkVJNEQ0WHlTYnRWQklDdW5sQjJaVVd1RV9uSVMtUGVzMkE1a0tNbmc4LTdfcUttRjc0NGtjOGRnekwyT2FCbVZqeHNCTnVxTVdQbzhia2EwOWc?oc=5,APS agrees not to cut off power for nonpayment when it’s 95 degrees or above&nbsp;&nbsp;Copper Courier
2026-08-14,2026-03-10,sector,Arizona Public Service,Arizona Capitol Times,Who pays for Arizona’s AI power boom? - Arizona Capitol Times,https://news.google.com/rss/articles/CBMihgFBVV95cUxOR0xtTm1Ecmt3czNXZTFIaU9Xcm1RVDhnTGZoSmJQdmNZaWtpRmlxZjBKWDJIM2hrNldsRGk3YmtZbGdQQUs0Q3lIRTdtakROOXNQNFBUUEdRZXdEVVdacTlqSjJUbVBoenFCRjc0eGtFX19yamxRZWhWZW5idUg4ckRkR1c2QQ?oc=5,Who pays for Arizona’s AI power boom?&nbsp;&nbsp;Arizona Capitol Times
2026-08-14,2025-10-30,sector,Arizona Public Service,KTAR News 92.3 FM,Plan for new APS natural gas power plant calls for data centers to pay for their share - KTAR News 92.3 FM,https://news.google.com/rss/articles/CBMib0FVX3lxTE1aZV81M0VKSU1UVjRxS3Y0ZW5VVE9hRWJlVkxkelpBQVJmUFZ3OUJ2SkpCLWxVSmUyWU10SEs0LWdBbGRoNlVVaEExZklpa2xCdGZPdDRuYS1pNVgwN2lhV0xjQW0yRGN3ZU5ncFkxVQ?oc=5,Plan for new APS natural gas power plant calls for data centers to pay for their share&nbsp;&nbsp;KTAR News 92.3 FM
2026-08-14,2026-03-20,sector,Arizona Public Service,The Business Journals,Horse power: Ted Geisler's path to leading Arizona Public Service started on a ranch - The Business Journals,https://news.google.com/rss/articles/CBMimgFBVV95cUxPWVRyeGFKM0x0b05kbW05THVGcFpxc3hsb0k1eklhdEpPUFdkUnBxRzlPS3lycHI0azUyNEJIZ1ppV2djQ2Ztakg1cWFPMEZ0dXFPVjdyVzdwdUc1MnVNYVRIbTgwRFQwR1B1ekJaRzRlYnp2ckttZnBMNmZZdDBGYTc3QVZ4LWxiWEpPT1BZaExKLTN3X3ZWOXZ3?oc=5,Horse power: Ted Geisler's path to leading Arizona Public Service started on a ranch&nbsp;&nbsp;The Business Journals
2026-08-14,2025-12-08,sector,Arizona Public Service,rtoinsider.com,"Ariz. Regulators Slash APS’ DSM Plan, Express Support for VPP Programs - rtoinsider.com",https://news.google.com/rss/articles/CBMigAFBVV95cUxOb3NKT0l2R1prS3hLazBIRnJPNXVKTldLZHFPVV9HSmh0aVF6eDZoWkpNUWZqNDQyazdUM2FwckRxQW9WeUtEZ0R1REhKUjFYTFpZaHRHRERYZzFjZW5Cdk1zNUJndFFGdGhIMDc2T0pYcWRHakItMTVZeGlWREs5Ng?oc=5,"Ariz. Regulators Slash APS’ DSM Plan, Express Support for VPP Programs&nbsp;&nbsp;rtoinsider.com"
2026-08-14,2026-04-15,sector,Arizona Public Service,azcentral.com and The Arizona Republic,APS agrees to $7 million settlement after death of 82-year-old - azcentral.com and The Arizona Republic,https://news.google.com/rss/articles/CBMiswFBVV95cUxQMnZQUm1MSVFBM05rVWlNQXNPUURRWlI0NkNjbE1xZHpuZ2w5bi1SUnl2dkFwYmkwMnE3TXk1OXFOaFlKX3M5N1FXNjBfcUJQUVNsOVo1M0pXeURLVU11Z3M5Y2FSVjdtbkNkSzFuVnhZNzFGQnRwaF9YRVk4dzBzVVU0SXp2ODZqcld2M0Y0TDZpLXphcEFBUjRUNXRpSVVCa2YtTF9IU0NXV3c5Y0FEZGFMSQ?oc=5,APS agrees to $7 million settlement after death of 82-year-old&nbsp;&nbsp;azcentral.com and The Arizona Republic
2026-08-14,2026-04-22,sector,Arizona Public Service,ABC15 Arizona,APS restores power to Flagstaff area customers as wildfire risk eases - ABC15 Arizona,https://news.google.com/rss/articles/CBMi2gFBVV95cUxOTF9zUUlvdG50bUNSbUhxN0lFQW5ZcHlrU1JlRG9hQXZxemtubEJQMHNEWElQdGxEa0pHQlZ1eVlvbGVPWXNzTXVheDJnX0t5RnJBU1FhY0tJX1FWaUx1OTQwdGs0eTlSb0NWYUllTE9iRW1fTDFEQVhfeUVFMkNFTlVDdXdrTmdBM3hKcVE3RHg2QmFKM0xPdUlKcHRSQ3VBVUJGR3AxNjhTYUNZWGN4b1ZXSUhXdUlpOV91R1RlMy0wV3NPdUdLUlNud0RrQVlHTXphM3l4dnE3UQ?oc=5,APS restores power to Flagstaff area customers as wildfire risk eases&nbsp;&nbsp;ABC15 Arizona
2026-08-14,2025-10-30,sector,Arizona Public Service,FOX 10 Phoenix,New APS natural gas plant to boost Arizona energy - FOX 10 Phoenix,https://news.google.com/rss/articles/CBMijAFBVV95cUxQenphXzVwbkd0YVVnLW5hb0hPYTFSYXNFY21MWnVKMXM2SWZOUUhQMm9VX3ZzVDVueHRScE82YVdNUzRUemFDeU42V2RoOE9sNVNINTdDSC1ENDQ5TW1SRHhiY3FzaUQ4NGdjTnVmaHpMRnlLZnFGZDctQWNWckE0M3JiZFhWSm9EV2hPT9IBkgFBVV95cUxNQUk5Rm5Cb0RGSU4ydEJxdzlSTTJHU21fOHFqUHozaTEwWl84OC1tRlpGcmdEWEJUM3ZYdmdQaU5kNnRicnQ5ZUJHX3QyWXFKd2JkUE5MSFRqRFpWNGV3aWFWdGhfb1Axb2w0SVVFNGx2WWZENF93a0pYbWZITkswSnRBNFpDYkVVakRVQXdsOThhUQ?oc=5,New APS natural gas plant to boost Arizona energy&nbsp;&nbsp;FOX 10 Phoenix
2026-08-14,2025-11-11,sector,Arizona Public Service,azcentral.com and The Arizona Republic,These groups will challenge APS' requested rate hike. Here's why - azcentral.com and The Arizona Republic,https://news.google.com/rss/articles/CBMi4AFBVV95cUxQX2pHbmlvbDBQODZvRk8tZGNnRG1mRTVQdmZzaWpscW5yQ29pVHpuNUM0cm5tb2VhaVNsZXdkVkhWZVktN1dZRDhYQnVHYjF3U3pQZkdUOHQ5ckV3STZkdGxtQ1VobTVJQjlacmxhYTN6VHRzOWZGQ2hiZzRpRjZ2SXlEdjg1aldES3RRYXdSa2taMjVCVjVzNGdPajA2U3A0aGM2ZEhoR0tXVlBiUlV0ckFmUndEdjJGeS1Gdm5zQVlZT1BERXZaeVlJZTBJNlRFZl9ZUmRjZHZHREJiakN6YQ?oc=5,These groups will challenge APS' requested rate hike. Here's why&nbsp;&nbsp;azcentral.com and The Arizona Republic
2026-08-14,2026-01-14,sector,Arizona Public Service,Distilled | Michael Thomas,Data Centers Are Pushing Arizona's Grid to a Breaking Point - Distilled | Michael Thomas,https://news.google.com/rss/articles/CBMicEFVX3lxTE1IaXlaNHRLOXlDREJmUFprSTNmMGRwQVZWd0V6UVVTd3o3Y2JqV3Uza0JlNFhaaEJJRm9NVzFvbTdlRTE3bDQtbXFuam9ZM1g5RXFpalh0dTRZbWRLb0gydXpPb3piTzN5NmF2SmF3ODU?oc=5,Data Centers Are Pushing Arizona's Grid to a Breaking Point&nbsp;&nbsp;Distilled | Michael Thomas
2026-08-14,2026-08-08,sector,Xcel Energy,9News,She tried to turn down her thermostat. Xcel said she couldn’t. - 9News,https://news.google.com/rss/articles/CBMizwFBVV95cUxNSDhsSGYzdjdRZzhhREFkUDBFQkhCRGdUT1RUTlFubTJMUmE3Zk1BR19SeEdqYzVqMlp2QUlEOFJQcU1GNlJNMUI4SDliTjl3ejlZc25rV2puZF85ZS13anhJTmN4c0J1Ukc5VGNFTjVxSk5hSHNVWlNOYVJPdTJndW13NVpCc1VUZGpQeXRJbS02QzhzT1VnbkYydDdYajREZUs0b0p4eFFwTEp1QnJLQmxmcFVhdnFJYl9sNG14Zk5wOGpubFNKWVRvendiUmM?oc=5,She tried to turn down her thermostat. Xcel said she couldn’t.&nbsp;&nbsp;9News
2026-08-14,2026-08-12,sector,Xcel Energy,Utility Dive,Xcel asks Colorado Supreme Court to facilitate wind farm interconnection - Utility Dive,https://news.google.com/rss/articles/CBMiswFBVV95cUxOc0JmN3paM2RmX2Q0eEFXZGVoVTVpVDFQbkpTaElMSkV0d2lhblhxT2FlZVRzM3VpcVJlLVl0RDhycDZQUERBZFNIeDFFdTR4VnMyV1ZBWUZWbDU2d1oteVVJOVg3ZEZpc2NkMEd0MmpjcnZPTkticy1MM2U4dUx0YTROTV9HbUhEUDNuSDUwa0c0ZVMwRVZtWWx0M3lHcHhVTHVQNzVpMndSa2FaUXRBTS1iVQ?oc=5,Xcel asks Colorado Supreme Court to facilitate wind farm interconnection&nbsp;&nbsp;Utility Dive
2026-08-14,2026-08-10,sector,Xcel Energy,Denver7,"Xcel Energy rate increase request scaled back, but Colorado customers say any hike is too much - Denver7",https://news.google.com/rss/articles/CBMi7wFBVV95cUxQTU93c1kzWkRhUXNXajF6OS1VbjBpcWkyTkR2dUs1Y2RLcy1xZzFqVlpsbE5fdjFIUmZDbEY1bjVqb2VDejIycmx3OUZweEhNUTJwdlVwYnU5dFBtdXdpYUx0M0kyeEVFMUROdE14aEZLM1Rtdjlaa2J3Sk1FYmlPZVBTMXBEMGxMNzk0cEdXR3NkZklrc1BRVy15amVVWkNfaGNpbTNNVEtKMEhiNllpb1ViS1lHbFhodS1uNF9zNk1RWDdMRldTWlZvMUxGbFFzR01wN0RCN19LM1NfTWZMVVp1c1BtdkJrWkRsWkJDWQ?oc=5,"Xcel Energy rate increase request scaled back, but Colorado customers say any hike is too much&nbsp;&nbsp;Denver7"
2026-08-14,2026-08-10,sector,Xcel Energy,Amarillo Globe-News,"Xcel Energy shares update on wildfire mitigation plan, new projects - Amarillo Globe-News",https://news.google.com/rss/articles/CBMi8wFBVV95cUxObjIxWW5BSnpxQzRrdnhObVJ3MWEzTmc3dlZuS2p5cWRhak9OYlNDdlVNQXNsUEpwUWFFaXV0Z0Y2WmVxdXpobmV4M3NyVnljTTZKcU9lRE1UR2RpbnVQNF9PLW1jVDk0YmllU0dKTm1FUjlCV3dYSElrc3BlNzBQYWgyUGp1a1V5N2ZnalBaNnUxOGhaRll3Wkg3TzFFYVJJUkNTWXZXQnNWSlhmR3FaRnJ3NjNRaGw3UFB0emR5bVVBU3JPRVVXZXg5YTAyS1lNVWRob2VJV2xQU05WLUZqeXpQUXVvbDB1OXhIV2xGTTFRU0E?oc=5,"Xcel Energy shares update on wildfire mitigation plan, new projects&nbsp;&nbsp;Amarillo Globe-News"
2026-08-14,2026-08-09,sector,Xcel Energy,simplywall.st,Xcel Energy (XEL) Elects Peter Carter To Its Board Of Directors - simplywall.st,https://news.google.com/rss/articles/CBMiygFBVV95cUxOQlNOYS1SS2NBbnJBUjZEWlQ2cEtLVDg2YnZjZ09KUC1xaTZRY1RzTm41VkJWaDhXSnVfV0VELVNVeWJ6dlcyVDVqRUZreEZOX1hqa2JxemdxUE05QTA4dGpnRjVsLW1JMXZ3eFJkc09Wc09jaUY4Q1dZQmt5RG1TWC1JcDBFYXNGSkVzS3RMb25XRnJFQmtyb3BscHJIN2hhZ0ZGbzd2bVFFV3NkNlhFVjhSbXNNdHVKNi1mZTVLNW53OHFhcmxabFV30gHPAUFVX3lxTE01TzBrSks4NWVXTjh2WmU1TU1rM0wtcGVzc3U4N2xYMHpJWXlEM3M0a2UzRUNpODg2aDVQdHRwUHB2OXVFbEF1bUNPbDlyU3B1OHBJbzhVaDRHWi14RXpBTkdlS2pZN3BoSTJjbm94YlQtc2ZnS29QeXVyNUlMcnpBUUlIazhBcU42NzNKUkhGUVNTeWFkWXc1c0hIaE5rZWhSY3F2cDdYSzFoQkxmU19mTW5ma0dLNTdONVF5OXFYdl94b1lDNTFvLUQ3bVJoRQ?oc=5,Xcel Energy (XEL) Elects Peter Carter To Its Board Of Directors&nbsp;&nbsp;simplywall.st
2026-08-14,2026-07-28,sector,Xcel Energy,5 EYEWITNESS NEWS,Xcel Energy customers push back on possible rate hike - 5 EYEWITNESS NEWS,https://news.google.com/rss/articles/CBMilAFBVV95cUxNOXZQVEs1ODM0M2hlcHJERTgxc1RQM0tYekRUNHE4UW5pZThhOUZWY3VmU2dTTUNTRWljQXF5NzlTdzV2Y2g5bTQyYXF1R2p2bTN2U1FDLTlBNkI4M3VxQXREQWpiY2hqTlhYY01DX1Yzak9pbHFQOGw4eXd0TU9zM1Y2X0RVYUxSQWFHVEdsb1V2bzNB?oc=5,Xcel Energy customers push back on possible rate hike&nbsp;&nbsp;5 EYEWITNESS NEWS
2026-08-14,2026-06-24,sector,Xcel Energy,WPR,Xcel Energy files rate proposal for data centers to pay full costs of projects - WPR,https://news.google.com/rss/articles/CBMicEFVX3lxTE9YamhNX0o0RHF3ZnNRTGNWMGROZGtoYXZvNUxTMEJsTW4yR2tJUHRXamR4U0ZCc1JlMnNlb2ZNX1ZOZkxOTkZEZllOX1dFenhhaDFoYkNaOFpKUnpNQTJzT05TajlOOXNMZm5VSnFtLVM?oc=5,Xcel Energy files rate proposal for data centers to pay full costs of projects&nbsp;&nbsp;WPR
2026-08-14,2026-02-04,sector,Xcel Energy,newsroom.xcelenergy.com,Xcel Energy and NextEra Energy agree to deliver generation solutions and enable large load across Xcel Energy’s service territories - newsroom.xcelenergy.com,https://news.google.com/rss/articles/CBMi-wFBVV95cUxOS1d2TmtFQVJ4VXhLTnN3RmlDQkpxQmd0Z2xTMGMwZkVZYmJTUndBNE5Hb1EzelJ0djZ4b0dFd1RLeXF1M2pTTHpCOTM0b2EyV0tjdThBUldmUDNnQ3dMaWQwYjlyWjJkUGRZWmZobTk1eEswWjljUnBpS2VqY0U5MUlXQTRGeXBmanF5ekZ6Z25hTl9WX01mZEMwb2pJSS1NZGxucGVheVNvZ3ZNXzFscUljTUxOaExTcmQ4UmxLWDZCNFRmN08tVmRMVmFRU0hvTnZtZExCeUdNeWhHSGEyb0NQUUFoZTE3R0FHVmZPZm1iYTNnT2hEZXppbw?oc=5,Xcel Energy and NextEra Energy agree to deliver generation solutions and enable large load across Xcel Energy’s service territories&nbsp;&nbsp;newsroom.xcelenergy.com
2026-08-14,2026-05-08,sector,Xcel Energy,South Dakota State News (.gov),PUC approves settlement to increase Xcel Energy electric rates below request - South Dakota State News (.gov),https://news.google.com/rss/articles/CBMikgFBVV95cUxQcXVaUXhQZm9jLU9CM09nRURHVnJNWlVyR1ZhS29FZXZWLUpYZTRTTnRGNl9DeG8xUGRRQlRvUTZOazBxRkdYOHpUNE8xS2FpZlNteEVENlJJaXFkVXRzMTZKcGtRak5IdDRmU2RWRmV2NUZ5dlprTXJDR3FWcVczdHRFZXB2RlpfOVpuTEYtb1lmUQ?oc=5,PUC approves settlement to increase Xcel Energy electric rates below request&nbsp;&nbsp;South Dakota State News (.gov)
2026-08-14,2026-04-07,sector,Xcel Energy,MPR News,Xcel Energy CEO speaks on energy security - MPR News,https://news.google.com/rss/articles/CBMijAFBVV95cUxQSGIwR0VWUkJPRWFQckVGZEM2VGRaX1VIOFVqVWJNR2JoV1ZGSXB6RVJRQTFCRzh4SFBDTE4yUVVwT2dKRHEwdXBzbzdJSU1vdEhReEVRdmpFR2hGdG5meUdSUVBib0ExbGc2Sjlia2ZxRGNXbnB1cGN2ZDNDYklTQWhIOWx2dTVpZHRXNQ?oc=5,Xcel Energy CEO speaks on energy security&nbsp;&nbsp;MPR News
2026-08-14,2026-06-26,sector,Xcel Energy,FOX 9 Minneapolis-St. Paul,"Xcel, CenterPoint proposing rate increases in MN - FOX 9 Minneapolis-St. Paul",https://news.google.com/rss/articles/CBMikwFBVV95cUxOaFV4ZUpfdGhNYTlXMDZrSGItbUJSeVJ2MFFJYXFEb056djFNSDRXNFk5ci0wZ013S1ItTzBUeDF2MG9uSjM5VEFfWHA0dHR4SFpPNFlTeGljUVFqZHVvek1WYkFNd3FaWlY5cHdPOE5uM0pJY0dSM1hVVUdIZktfX3lBWHVLUXF4TnBWbFNRRzNhbm_SAZgBQVVfeXFMUGg0RVhVSFFacjVxdVFnSTRsRVFNem1NbVhYeWpvZThOZTRLZ3l0VGN0aFg5ZUw1QW5maUREWXRrTE5xckV1dTdHOE9taWhKSG5ZWGVEaU80MnhyOE1KYTZrQVo2SENqa1VvWVV0aFB4OEdpMW50RG9ULS0tWC1oR2JLYlJ4Q21tMlhueS1iMTNXWTlWMVBmM1g?oc=5,"Xcel, CenterPoint proposing rate increases in MN&nbsp;&nbsp;FOX 9 Minneapolis-St. Paul"
2026-08-14,2026-06-11,sector,Xcel Energy,Colorado Public Radio,Colorado tells Xcel to spend less on its natural gas system - Colorado Public Radio,https://news.google.com/rss/articles/CBMiWkFVX3lxTE5VUElYbk9lbjRqQVlybkVPU3ZTUE5GS3NKSlpqWXpCSkRIWjZwUHpydzlVQjNYWF9PcHZaaExfMTFfaHZjVVRHZjAteWxhR3RUQ2R3UE1fcHY0dw?oc=5,Colorado tells Xcel to spend less on its natural gas system&nbsp;&nbsp;Colorado Public Radio
2026-08-14,2026-06-04,sector,Xcel Energy,The Colorado Sun,Xcel Energy customers may be hit with the largest electric rate increase ever - The Colorado Sun,https://news.google.com/rss/articles/CBMihgFBVV95cUxQMHNkUkZJMGYxSXE2Y05RNHNnQjJlQmlEUDVPRHhtZ1FxSzVyaXQzUEVYTnhYV0dWc3JmLU9XRGtOVEhNZ210bWNqNFpjNTdNZUNxR1V4S2dJblBGQVJPaF9xWEZIX2JrRFhHSGI1QXhydE9uUElReDE2UU5uUWNkanQwZ2xQdw?oc=5,Xcel Energy customers may be hit with the largest electric rate increase ever&nbsp;&nbsp;The Colorado Sun
2026-08-14,2026-06-15,sector,Xcel Energy,E&E News by POLITICO,Xcel’s gas build-out plans rankle Colorado commissioners - E&E News by POLITICO,https://news.google.com/rss/articles/CBMikgFBVV95cUxPR2VzaDd2NnVvYmpOOEtIOEJkY05mQUZ4TGg3dnhEVF9QVzhpbGM5Z1lSZnZOZXYzeVphS3M4N1dTRmlOTFdKMEJBN2ZZTzc0TjFmYWJ3MzkyNHVOc3hKQl9KRW1qUk15bXZJX2NzTzI4cHlmaUZZREowemxpXzdGeEFJNnlvVDJsaGYwUzVzT3JnZw?oc=5,Xcel’s gas build-out plans rankle Colorado commissioners&nbsp;&nbsp;E&amp;E News by POLITICO
2026-08-14,2026-06-17,sector,Xcel Energy,CBS News,Colorado customers question Xcel Energy's proposed rate increase - CBS News,https://news.google.com/rss/articles/CBMipAFBVV95cUxPZnpkTnE3c3pJbl9HSFAzQkcxNFNEMmdiWDE1WVg3RmZxUm5JZXRKU3dxcnZUV1FXRXBVLU1DM1FHZFA4X21fYWt6Y2FJVExka1lIWThzejFZa2pZQkRacGZqb1VKa2dYeVRKYVJ0b1NueHJidVFzQjhwM0l5MlpJQUF2NFdaZU10RWZadFA2ODE1MHRYWlBQdk55SG5aa3FSN1A2bA?oc=5,Colorado customers question Xcel Energy's proposed rate increase&nbsp;&nbsp;CBS News
2026-08-14,2026-07-09,sector,Xcel Energy,KUNC,"Xcel rate hike may leave more people struggling to pay bills, even as the utility offers more aid to customers - KUNC",https://news.google.com/rss/articles/CBMi3wFBVV95cUxOYVgySFl0TVZnNVNNVm4xY3hVbHlrZHB4TFBWVU1mUmw0aXVGNjlmR0xEcTd1bWFXMlp0RjRoMEVPLVlabUZoWEM2dkpRUjZTZ2tOYUY0MkRMb2Z2YnFlTVV3NVljRzlxQ0RKUEJ2aldXRDFiVU9aTUdlSFdnTmd3RDRlZllpRDJWblh3VW50Q19HTmhmdW1CeHFhQkpfNUtTTFRiT0JLY2xJRkVKMHk0OFZaWTBBOHczMDZmc1ZYb1poQXJEbVdOZjRHSkNzbUNEbkRndHdYRWVweDZEWkow?oc=5,"Xcel rate hike may leave more people struggling to pay bills, even as the utility offers more aid to customers&nbsp;&nbsp;KUNC"
2026-08-14,2026-05-06,sector,Xcel Energy,Utility Dive,Xcel Energy: Google deal sets template for large load tariff strategy - Utility Dive,https://news.google.com/rss/articles/CBMiswFBVV95cUxNc0g0MU0yam56WWFfMkV2TU9Xbk1PWl9DYUtsYzdsc3BraTNsb0NIZjdmcFpCbUZLZm1jc0lEWVQ4TGhURGpPQmYweEM2MVI2bWlrMzRnc2hJOUNIS2I4ZHlrei1aeFFLb3lLOTlTU3FmcXJFQ016bHNMclhtb2NrSWx4Z0U0dTIwODBoWGh6Ymh0bnUwWTAwbWthVUd4d0V0ZDFyR1pLZmxBZ2pGaEtQd3hfQQ?oc=5,Xcel Energy: Google deal sets template for large load tariff strategy&nbsp;&nbsp;Utility Dive
2026-08-14,2026-03-13,sector,Xcel Energy,Colorado Public Radio,Report suggests energy utilities like Xcel are increasing profits even as customer bills surge - Colorado Public Radio,https://news.google.com/rss/articles/CBMiigFBVV95cUxOWVgxRzdwSkpya2ZvNHk3RlJzMFNKamR5Z0RrUjN3cU5oVm00NHJGdnNVamI2bUJhY2JjdGhReW54eWdXR3pOd0ZNWlA5SnVkZEpkWFA5ZDJmVmRFUVp6M0JBU3VURWgwYmNlZExUeTJsUzJBanQ1OVpXYkpvMXJRZnB1bTByM3dWRkE?oc=5,Report suggests energy utilities like Xcel are increasing profits even as customer bills surge&nbsp;&nbsp;Colorado Public Radio
2026-08-14,2026-04-06,sector,Xcel Energy,Utility Dive,Minnesota approves Xcel’s utility-owned battery program - Utility Dive,https://news.google.com/rss/articles/CBMiswFBVV95cUxQRUNjaDczMnpuU1pndVJRUFVycTJkMWtXSlRhc25IeVlsWVVWZ3lZNXRKaG1vTkw4LVVpNFczX3A4VUh1NW1vaXBEMkhRR3NCMXRZVzhUaHZyYnRPd05aQlhDdU9YSDRPZmh6LXVreEFwSWtVaEQ5U3ZLVkVyOHluZnIweERGNU4zLVpkb1VYVk5MOHBwOEFaTmQwQUlXYXU0b3p6Ull5VFNZSHRpRGtPajlpNA?oc=5,Minnesota approves Xcel’s utility-owned battery program&nbsp;&nbsp;Utility Dive
2026-08-14,2026-05-07,sector,Xcel Energy,Colorado Public Radio,"Plan to curb rising energy rates faces stiff resistance from Xcel Energy, organized labor - Colorado Public Radio",https://news.google.com/rss/articles/CBMigwFBVV95cUxNRjdrckZvU2ZrMDh2QmM0OXNXY0xMcWJTeG9CNVhpcDFGeDRfV00xTWM0MXZoNG9VbXhlaVNmWGo2c0FRaWZ4UHBlLU5UMjVfam4yV3EwSmtBS0FWSExUY192d2k4QjF3VkdBcWJxdFZ3XzltLURTdFhKOENjMTlya0Y5RQ?oc=5,"Plan to curb rising energy rates faces stiff resistance from Xcel Energy, organized labor&nbsp;&nbsp;Colorado Public Radio"
2026-08-14,2026-06-11,sector,Xcel Energy,Colorado Public Radio,Xcel’s rate hike runs into consumer opposition in Colorado - Colorado Public Radio,https://news.google.com/rss/articles/CBMibkFVX3lxTE5UaWdTck80Z256WHZyQ2d2bXVROW1FWFUxSUVoWllFOGFZc21fdnZnYjBvTFI3enhaNWo0T1A1dDQ1R3B2ZmhCcnNIYTRKbTVwY3lCOHp5bXZIMkNLWndMWEs0RWtDUmRZTUZlOEFR?oc=5,Xcel’s rate hike runs into consumer opposition in Colorado&nbsp;&nbsp;Colorado Public Radio
2026-08-14,2026-04-21,sector,Xcel Energy,Utility Dive,Minnesota got one thing right on distributed storage — but it missed the bigger opportunity - Utility Dive,https://news.google.com/rss/articles/CBMiiwFBVV95cUxNLXJyTHdtZ0REdW5hb19NdGFHSFhyVEhZWHBWSHBZNWRVX1Z0aGJCUGotOVluNHlhMFVkNmJ2eXV5MTlhcWlWUkMyZFVtTnRuWVFiaGVKZS1DMFFVTUhHb0JldnJIaUF3Rm91UjVsREgxeUM1SjQtd05UbGJOZXA4OFUxRzVmMkFjZWk0?oc=5,Minnesota got one thing right on distributed storage — but it missed the bigger opportunity&nbsp;&nbsp;Utility Dive
2026-08-14,2026-03-04,sector,Xcel Energy,Utility Dive,World’s ‘largest’ grid battery part of Google-Xcel Energy agreement - Utility Dive,https://news.google.com/rss/articles/CBMiqAFBVV95cUxOeXJYdE5DeDJNckd6amZIbWs1LTR2cFo4ODJNcVhWbXppdWVOb2pQTnVteE44V1RtWUFjS2gzTU5uSlI3RjhkMjBGOXlrVXl3NDFIUk9kMHlWdV9vYzZUTWVqMFBfR3dNY3B1ZjE5OFh1blItYlZZd3R0a0FsMldZa1RMdEF6dkhKalVkVHFzeTBHQmJDMnBic2xncTJGRzNpSWNEUWpya1A?oc=5,World’s ‘largest’ grid battery part of Google-Xcel Energy agreement&nbsp;&nbsp;Utility Dive
2026-08-14,2026-03-04,sector,Xcel Energy,E&E News by POLITICO,Midwest utilities are looking to FERC for monopoly expansion - E&E News by POLITICO,https://news.google.com/rss/articles/CBMimAFBVV95cUxPaDRQblJqcEFINXBjVENMaFRJTVk5R2MtNEczLTcxZHBDVTNBTnpzVmR0cnZQeTZZZVpJMU96S21QWk5OcDRTeHdER08xdWRDV2tOTVR6UWc4MVRqNy1EZ0c3Y3FnbW9xODhEMGVVVEkxcnB1S1FLaDl5aW5qQnpKMFR0RmptX3FQVy11UDVaTE9lV2tKM1BYbw?oc=5,Midwest utilities are looking to FERC for monopoly expansion&nbsp;&nbsp;E&amp;E News by POLITICO
2026-08-14,2026-06-30,sector,Xcel Energy,abc7amarillo.com,Gov. Abbott announces $113 million grant to strengthen Xcel Energy grid in Texas Panhandle - abc7amarillo.com,https://news.google.com/rss/articles/CBMiygJBVV95cUxPc1BmRVB4YUJHVHdwYjkxZ19tQXRUYjU4MGhtYVA5cHcxSVQ5MXFFaFFsR2pVMjhEZEwwU3R1dFJQS21ZVmllU21yc2lyWm1YcFF5d21pcnlfaVlWNlNGcThnc2pHTjdOUlVVN1paZmpXYnQ2VFZYMFBoOXhPd3lGM1J3cDdmWWJKZWRGZ0ZDUGJMb1pnQk1ZLUo1WjFobmt4b0xpS2IyZlMzOWRkd0RHeE1sZHFlSVVCZzNycUs0d2JIak1MbkN0c2xqdnY0bi0tR0puS0o3ZzhIYzFBb2cwUDZUUEE3M0RHNko4Q21DVDNqRms3Y2tRWFFrMlFKcFhPNmtZX3JtOW5fallReXVVYU5xdTNJOHc4TzZFV1ZaRkNGRFlrMjB6aTBGbUdrRldFZEFXc2lNbHV5SVFDQzJ4QXpTWVQtYV9Kc2c?oc=5,Gov. Abbott announces $113 million grant to strengthen Xcel Energy grid in Texas Panhandle&nbsp;&nbsp;abc7amarillo.com
2026-08-14,2026-06-26,sector,Xcel Energy,southernminn.com,PUC permits Xcel Energy to collect 5.8% more for electricity - southernminn.com,https://news.google.com/rss/articles/CBMi9wFBVV95cUxQUW01WEJGSE9KQWItZjhBNHNhUl9rUUtBRnFTVV9WQTlHb2pzZmdfMEthVlN2RG9RM0hlSEJxYzMxb0JtYjI5OHFfUXlrN3BIdnlWOTE5LUVRMzVOZnhEN1FuaWl5QTdLdTFDQ1Jkbm9ZSURPQXN4MXRyWWlDd3hkYWQxd2VPVzd0WXU5RmxLZUVpOFpzYWJwcVdmd1NjZlVlLXYxQ2hNX0JzTzdJU01ISWdLNzZLajZwN3AxVVk0NGxUWEJZTjVNLUhrdE9DRkdTWWF5LWkxMWF6YzhOUW0yQk5YMGpwa2JUNmxRR3BpMWl2bWZobHNj?oc=5,PUC permits Xcel Energy to collect 5.8% more for electricity&nbsp;&nbsp;southernminn.com
2026-08-14,2026-02-06,sector,Xcel Energy,Utility Dive,Xcel Energy pursuing large load tariffs in 4 states amid data center growth - Utility Dive,https://news.google.com/rss/articles/CBMitwFBVV95cUxNenhHOVk1eVdlem9wMjZtWmRDWnQ4MFNFbDhoUGVKN2x3ZGVjLWY5cExmYVE4WHZkc053T3Q5aUpQdFY1SEdnY3p5VXZsMjl4Z25uUXAycHZITGZUMnlYcWNKODJaWk5nSDR4QnlKM0RPXzBpT1ZxcDF2Nm5tTTYwSUNPcTliSzFwYVhoWEh4TzF6R21MUVVsY1FZdDJ3bUpiTXNwNnBqWVNfWnR4S281ZXotaUJVQWM?oc=5,Xcel Energy pursuing large load tariffs in 4 states amid data center growth&nbsp;&nbsp;Utility Dive
2026-08-14,2026-06-25,sector,Xcel Energy,NewsChannel 10,Utility regulators reject Xcel Energy’s request to update distribution costs - NewsChannel 10,https://news.google.com/rss/articles/CBMitAFBVV95cUxPVlUtMkYwa0N5MUFRV0tEVTFVZkdZTGhQNjFDRmd1ekNkWXk2ZllPNVpnMHdPMVpycTdiNS1Zd29FbWVlY2hsVXVqYWRDQ1N2VW1GVGN5VlBEWTNINnhaMWRjRF9BeEFybUtaVXh3cEhIaUJNQlhLazF6Qy1kbkE4R3lURFBnS0lrQzR3QW9rd2JQY3VoWk9JVHJEaEVUVUFCNFozWldCVDNZVGtqYWVyMWs5MmfSAcgBQVVfeXFMUE9hRUJYTWNVbjBya0hOdWFpSG5oZ1ptZHdoZGFlb3ozRjJIRi0yNHo3N204SjZDaG1oRU9ZLVdHT1VZM3pHR1NRYWctQW5QYjl0RUs4bGlXNC1ZZE9uT2lsczBVaF9aVklHbjJJeWF2ZHl5bWtQaEhqbzNyWGczSm9nQ2VfX1QtVnRBWjVXQmNXQXhRYUotM3NGUml0SWtJbE9UVUZDb0xsdVNXa1JiVmhkbGlDRDBNcnpmZ0RlVGZyYkJwYjNacjE?oc=5,Utility regulators reject Xcel Energy’s request to update distribution costs&nbsp;&nbsp;NewsChannel 10
2026-08-14,2026-04-10,sector,Xcel Energy,Energy-Storage.News,Minnesota regulator approves Xcel’s controversial utility-owned virtual power plant - Energy-Storage.News,https://news.google.com/rss/articles/CBMitgFBVV95cUxOSTd5R1VHTF9VRDZWYVYxOUZIa0dCVVd6NXFsaHV2SkpnWWw3Yi11M0gwMGh5bWpGSlZYdXpEdWx3TTB3Zy1tdzZUZDZ6bk90a19CS0l4NVVNWWd5SzJUNDRnY0JJOTZic002NWt0Ymp6dzdfVG1ON0pfRV83REF4MW9SM1V2ZDdRV2lBNXJhUFJxUlppc1dMVm95TDNENDhiZE55UFZMQ0NOcXFYZWNxZ2hOWHJGQQ?oc=5,Minnesota regulator approves Xcel’s controversial utility-owned virtual power plant&nbsp;&nbsp;Energy-Storage.News
2026-08-14,2025-12-17,sector,Xcel Energy,newsroom.xcelenergy.com,"Restoration work begins following Public Safety Power Shutoff, weather-related outages - newsroom.xcelenergy.com",https://news.google.com/rss/articles/CBMiZEFVX3lxTE1pbUU4Qnl1Qk1ZMW1ralJFdHg1cUJvSnZXak8tdUhXNXpIZ094ajZrUFNyZ0J4cU1JMWNuOVlrNlNlN3pUR0dKYkJkZ0lSTzVIY3kyUkVwYnVITXdFbi1ITHZpY1M?oc=5,"Restoration work begins following Public Safety Power Shutoff, weather-related outages&nbsp;&nbsp;newsroom.xcelenergy.com"
2026-08-14,2026-03-12,sector,Xcel Energy,Minnesota Reformer,"Your rising power bill is fueling some sweet, sweet profits for Minnesota utilities - Minnesota Reformer",https://news.google.com/rss/articles/CBMiwgFBVV95cUxNU2hoNXZGUGhpSm9FQzRUOElrM1lkQ0ZjNUhBdnZGdEZMZ0FfSUp5eUxhREdDZTdVWUYtblpuTXVFdDF3NVgzUV9RVmtBTE9zNk1xZXpyQ01SbFJIR2MxQkxsOUhYSUl5RVNrWHRPVllDWU9jTFZ4cUhoNkQtRVhkbTRnYkkwRTg4TnQ1VklFdUY3eEtjVVJWbHVIXzZnNlB1dVNRWnlSRmVOdDkyYnRxQzZtQkhRaWhIZnNQVU1pYnd6Zw?oc=5,"Your rising power bill is fueling some sweet, sweet profits for Minnesota utilities&nbsp;&nbsp;Minnesota Reformer"
2026-08-14,2026-06-26,sector,Xcel Energy,kaaltv.com,Xcel Energy rate hike could raise Minnesota utility bills this fall - ABC 6 News - kaaltv.com,https://news.google.com/rss/articles/CBMinAFBVV95cUxPSmNzT082eXM3aThpbHpmVzNLTU5iMjljOC0zc0VxX2ZpMmgwanZwRDk0b3VuUGo0Rm9xMHRTb0pBUXBOdVJVVTUwS1ZmX2toSEl3eFhmLWI2WEd6UDhaR1N4NXBXdjZWQ1lIQ0c2azN2VDRfM1hWYlp1OUdCUjNteXViejAwaEZac3dQMlhZbzVfZFJITWhpeEIwV2s?oc=5,Xcel Energy rate hike could raise Minnesota utility bills this fall - ABC 6 News&nbsp;&nbsp;kaaltv.com
2026-08-14,2026-05-26,sector,Xcel Energy,FOX 9 Minneapolis-St. Paul,"Xcel, CenterPoint proposing rate increases in MN - FOX 9 Minneapolis-St. Paul",https://news.google.com/rss/articles/CBMijgFBVV95cUxPOW1wNUNTbFVraV93YW5vUHpYSmxKOF9kaXZwejZTaFdJQmZ5S2V3a05zcmV5aExnSVlaR2VnUDByWGtCa0NFNU5sWm1YdFZfMXZHVGs2bGpzVDdsNGJCNUFQZm9GMWloXzJtUFliZWdfa2lXRHZQTmh6cjJzNm5SaXYxUFo0c3A1bVVxNFZB0gGTAUFVX3lxTE9vbElyV1BWM1FsV3dLTXhfal96WWctdWVXeUJicER2SHROUXJBcFZRNVdoNmxESDM0bXZrWDNHUGFaRXNVRGRvb0ZNX29BNDJHRlVEdWg3X1FCbnhUamtjYXE2ckc3eDJrNkNVMzBmNldYN01yLTJ0cm1NUHBZUXlwemQ5SDU5LVFWcFc3azBESWlPYw?oc=5,"Xcel, CenterPoint proposing rate increases in MN&nbsp;&nbsp;FOX 9 Minneapolis-St. Paul"
2026-08-14,2026-06-02,sector,Xcel Energy,Business Wire,"Xcel Energy Powering Communities, Economies as Energy Landscape Evolves - Business Wire",https://news.google.com/rss/articles/CBMixgFBVV95cUxPZ21ZRVhwOThVYzJ5NjUzRFh1cWhISkNhZGhyeU1zTjhZN3JIbm5fbHhFelp6czdfbGtKbUJxYzF0b1dJUTNCbFJtaVlIa1RCMmc0WHBsSl9xcnJtSXdRaGxSSl9BVUhZQ0xRWVZPTUowVWxIdGdEU2Z5WXJRMWwxLVlIc0pNRXdHMDRsZndmTWJKYXdYNE9CVGE2STl6NWhIVnVUOXpSVnZwOVFOQ09WZS1CVHduVS11NlVnVkVSUVhxaWhzV2c?oc=5,"Xcel Energy Powering Communities, Economies as Energy Landscape Evolves&nbsp;&nbsp;Business Wire"
2026-08-14,2026-02-26,sector,Xcel Energy,CBS News,Xcel Energy asks for two rate hikes in Colorado; some customers say they're fed up - CBS News,https://news.google.com/rss/articles/CBMihwFBVV95cUxPUkg4c0lTZ0VtLTNQNk5pM0lTRjVmVzhxdjdMTXFJN01qX05VZVJ6RFZfeWdNODVzR1FYc1pOY1ZLaVBGT1QwYmtqdEhCSzJiRmdXQTVHTFlDam9kSFdWRDFnSFNrb3J5Mk1yZl9GV1MydTdpNjVCWGJua2dXV3dGM3Y5SDJBajTSAYwBQVVfeXFMUFZFX1c5UzlhV200NW9sTWxab3VaZHlHRVNlc1ZMTkZEVHgyRG5Ta1FGZ3ZXakJqOEx5REVhSFZpU3dVSGFnZWpBanJQRHpJR1hTRC11TGotR1VXNjJ0Z1VqTDNBcUFwU3gteGlRaHU4N2VBQURxT1JNUmNiNHJyaVFSVUpmWWl4dVpwaTI?oc=5,Xcel Energy asks for two rate hikes in Colorado; some customers say they're fed up&nbsp;&nbsp;CBS News
2026-08-14,2026-05-06,sector,Xcel Energy,CBS News,Xcel Energy crews in Colorado work to restore power outages caused by spring snowstorm - CBS News,https://news.google.com/rss/articles/CBMingFBVV95cUxOdGkwN1gyTkRSc2RTNnVYZnZtcjJTY1JyTXdfTVlmRWdFSHl3dmFiMlZKdzhJUUhpb2pJLVdpdXZiak9iYzZtMHJoTURadkxoZVVpTF90Vy1rYzlQX19PenRRLTFwTDJXdWZyaVE1ZjhXS1p3RkpXU0xZX25Lc19DVThwRk1qTjc5RGFVT0xzOHZxMXo2cWZ2NnBVN2hJUdIBowFBVV95cUxNcm11eWMtQ3B3MlAyQ01hVTY0RGZLOGdJT2RGUmx3ME92N0dTLXJYb1Jmck1lWEdETnozMllVbUNLN2NtNldCTkx6MUR3NzFiU3l2Y29xSEIzVXhCcWxmM0pGNWdJZmdaaUR0bUhQZ0hVeGNydWZMdGdmVlJEZy1UT0NOZVRCNFAxbzRQTVlNeTUwTkRQaFdITXhKZ3ptdkxBN05n?oc=5,Xcel Energy crews in Colorado work to restore power outages caused by spring snowstorm&nbsp;&nbsp;CBS News
2026-08-14,2026-04-09,sector,Xcel Energy,Latitude Media,Xcel’s tricky work of building the first utility-owned VPP - Latitude Media,https://news.google.com/rss/articles/CBMimAFBVV95cUxPYThYQmd5TTg0cDdBTmJGTkZtWFJvajhkcldNbXhmeWtHVW50MWhaTGt4bnJDbjFzZVNzY1BESEVxbFJhMUlYX3dpQV91Y00wRWZOLWw1VGlCU1lfbTZFYWxKbEc2WHBJXzZyUEczaTc4VE4yVDIzMlpUU1RXSmFORnpsV3A1bUpzeFpFYUpsbmwyWHZWSF9BVQ?oc=5,Xcel’s tricky work of building the first utility-owned VPP&nbsp;&nbsp;Latitude Media
2026-08-14,2026-04-21,sector,Xcel Energy,CBS News,Xcel Energy requests extra $100 million to meet Colorado's summer energy demands - CBS News,https://news.google.com/rss/articles/CBMipAFBVV95cUxPa25NN09pNUZxcmRXWGNUc0pmR1dtY2trS0UtMmJTc2N3X1ItMDlaMVRpSnlleFZKakdlVmpqdExJaVVBaHBmSENvanJ1anJ3ckpaUTNKMWZ4Y0hHZjNvUnVCeV9iWkpQZnZfd1ZnazQtWGxOc3NNcDIyTWw0a002dTBFLVI5YXVTYnJKZWk2X3pJUm9xMFMxX19CeXh2M3NSbFdGNdIBqgFBVV95cUxPcjhodGh1Sm1MYmVJMEc4di1Rc2Rrc1NHYjV5aU04ejEtaWJKb2VwT3pOZjBnVmNxa2JiWTBDNUdxSkdLSW83MllnbmRjR09BWURwM3V3NDZwbGhucTctdG1HTnpjeG1hMXUzM3VwNzRib2FEaE5DV3d0STFla1NnZnlHTGVjU0k3RUZMWmJJTlRIMTBPejZNMlF5c2NfZ2xqQ2szMzlrZklJQQ?oc=5,Xcel Energy requests extra $100 million to meet Colorado's summer energy demands&nbsp;&nbsp;CBS News
2026-08-14,2026-01-14,sector,Xcel Energy,Utility Dive,Xcel defends storage ownership in distributed capacity pilot - Utility Dive,https://news.google.com/rss/articles/CBMitwFBVV95cUxNLTZFWDU1MUMwRGNNTXZaNjZxUGFYWlZkQ2VfYWp0aUdxSDZOcFliR3NYcVBSelpKdFN0T1c2Y0xsaDNjOXFCcW9paFpwNDBnTmU3aDI0RElwUms4T29sazBhaWFoQTRLLWhXSHNLVFFDS29TeUlyejhheDlGY1JIeUg0NEFReFB1WlpySktRSlR2R3hhZ2Jnc0g1ZG11MzQyYkR2SzdFcXZ4VnlTQ0d2dWx2Ukt2ZDQ?oc=5,Xcel defends storage ownership in distributed capacity pilot&nbsp;&nbsp;Utility Dive
2026-08-14,2026-03-16,sector,Xcel Energy,CBS News,Xcel Energy wants to raise natural gas rates in Minnesota. Customers can weigh in. - CBS News,https://news.google.com/rss/articles/CBMimgFBVV95cUxNWVVpQ2JKTkJxbkZzMm5abHNkM0ZtVUIxaVdqVkhvNTRjcUZDRV80LVliMEhQYWcybG1WQlRBbzRjZUU2eHVCUk9ERXVlSE5jcHNYdDlsbzF3RHM4V3BxaURFSW11QXBGOVNyZG5rQ0FHT09fX2ZhVTU1Tkw5TF9YcmphWVFjeUFEOW05dWhXcnY4eHFNelN1Q0VR0gGfAUFVX3lxTFBnQ09MOXRMdkdtQzBvTWlfRFJyZ1NPUVNUa0kwV3l1bWY5R3RhVzAtbDRXMWRmR1FzOTJUWUFQT2VEZDZ4ZTMtQzkyTkx1VDZLaGNlcUFyc3N1OFBNZlZ5MWRRTEVhWHMwQ19reEE2UmUyRW9ZZTVNRzl0b2JjZDZjcDZzUDdCVlR4ZEVtUzVabU15RUZYNkl0aThyXzAwYw?oc=5,Xcel Energy wants to raise natural gas rates in Minnesota. Customers can weigh in.&nbsp;&nbsp;CBS News
2026-08-14,2026-04-21,sector,Xcel Energy,CBS News,Xcel Energy requests extra $100 million to meet energy demands in Colorado this summer - CBS News,https://news.google.com/rss/articles/CBMiwwFBVV95cUxONF9jNl9ZV1c2THd6Znl5N0JnQXVKYkNZOTFNbldLS2RwazRrUm5SMFhMMUtQN1RtZ0lIajFhc1plU2F5ODFMZlFlMnlsWmI4YWRVUnFEWHIzZE10MWRMNXVVdUdCX0E3MllVQ2VtWnZleUZ3TG5odUEwVmNzcEZ5ME44ZXNFZktYLUJEeDdkT2pJZ1hld25TLUFtZ29uNEhTSVpxWlI0LThPQktuYzZPTWc5UG0wczQyM3FMeFNVSU10Mlk?oc=5,Xcel Energy requests extra $100 million to meet energy demands in Colorado this summer&nbsp;&nbsp;CBS News
2026-08-14,2026-05-11,sector,Xcel Energy,KELOLAND.com,SD Xcel Energy customers’ bills to increase - KELOLAND.com,https://news.google.com/rss/articles/CBMijAFBVV95cUxPdUlpay1HZ0VEZDdRU2tUUGxud3pxZXRrV3RqRXVXWjd3Ny1Kd2s2MEZZZFZDamtPRDlYb3dOMnc1dmxQdUlTVVNXbThtTzFDeG9od0F1ay00MjJQU19WWWZ6TnlwZ1hpQWJGMEE3T0V4SGdoNU9oczdCZmhjSWh2b1c3S2NMaHI2QTQzQtIBkgFBVV95cUxPUWs3ZE0tUkFHSkwzUE9jcVVsZEhxbjdhdUphckxqc21hSlNROGlFenUybnBUTllBV2h2UXJLX3pMR1hMSTZKR0ZOREhGWmFBSmtvak1HVEQ4MkFpM2k1TXNUS3ljUzdYWHMzQndDa1RfS3lnWHIzLVpybFR6SlRLY2JHN1djd2ZJLVNEd2VHd2pIdw?oc=5,SD Xcel Energy customers’ bills to increase&nbsp;&nbsp;KELOLAND.com
2026-08-14,2026-03-30,sector,Xcel Energy,SummitDaily.com,"Xcel Energy electric, gas rates expected to rise across Summit County by August - SummitDaily.com",https://news.google.com/rss/articles/CBMisgFBVV95cUxNMUZSN3NyenBQNDdyVW5WWFJFdHJXWjBFWFFxclRXSFZRa054U0hOaS1TV0laTmdaMzVxNWcxZzcybzlxSUk3S1RQdzJYYVlZR1h4TnJvME5PbUhEZUZMdF9GMTN5OUZBbG5KYkxUYzlzVkRiWnBvd0dQNXN2ekhCYnlhUnVnSDkxZHhkVEhvLTUyUWN3MVZiQjBMNk9FWVo0WEhSVWhQb0ZFLXpsdmJmdGxB?oc=5,"Xcel Energy electric, gas rates expected to rise across Summit County by August&nbsp;&nbsp;SummitDaily.com"
2026-08-14,2026-02-19,sector,Xcel Energy,Utility Dive,VPP vs. VPP: Customer-owned DER aggregators challenge Xcel-owned batteries in Minnesota docket - Utility Dive,https://news.google.com/rss/articles/CBMitwFBVV95cUxQSG1JVXpnYjBPQUtnZ3BjT202bkVPR0hDU24zdUVVS2tManNjbjlrTTgyUkFsOGNTenVSLTJHRnZIWExTRUw0V2J6OWxtOUt6bTIzVlRlcWRza0x1QmFlYUNLS0pUbFlncmlEUF90aENUQ3NWRXBjWEliN2FTcWNDR3E0X2RwcFFDZnlIZktSclNPLURfWFBleE5na2oza2t4LVZXYlNlbWFmM0d1eFhtMDY5TGkzams?oc=5,VPP vs. VPP: Customer-owned DER aggregators challenge Xcel-owned batteries in Minnesota docket&nbsp;&nbsp;Utility Dive
2026-08-14,2025-12-16,sector,Xcel Energy,rmpbs.org,Why Xcel Energy is increasingly turning to power shutoffs during strong wind events - rmpbs.org,https://news.google.com/rss/articles/CBMigwFBVV95cUxPbWxJeGJpYVNtS3ktU19MNGZubE9oYlYyNG1pVEt5Wi13NHQ1WkZoTjVaMTlKZGZ1SHVCS0djZ3Nta0YtaVo1WkNnTE9WNkd0czhzeVFBRFQ0ZHEyT3ZSWHUydGl1MmpzZkZqMWd3anNkZHEwZThVQXp0VTJVUG01V2dVMA?oc=5,Why Xcel Energy is increasingly turning to power shutoffs during strong wind events&nbsp;&nbsp;rmpbs.org
2026-08-14,2026-06-16,sector,Xcel Energy,Cherry Creek School District,Cherry Creek School District Partners with Highland Electric Fleets and Xcel Energy on Electric School Bus Project - Cherry Creek School District,https://news.google.com/rss/articles/CBMi4wJBVV95cUxPTFpXMHRfNDExZjQ5QUlvMGJjV2RDMEpRUDJKdkxsRC1xcHVCVjRqQXJZeVlHTWhCY3Y0cTBjd1ZZT2Q4cEpXeWtWUElram9USVpEenl6Umw0ai1hRlRiX3F4ZWJHNXM4ZUk5Wk4xYnZtZWpNTlQ0VVFZNWdOclF2eXg4WWR3d2tzVUtzWENHUWJxU19NbG9OTkZYYnF3VGtKY3d0QXZjTktjakRCYzdrNXJIbjNtd2xva0hNbUV5RVl3ZHYzbmw5a2lmX0hrV1dTT2VPdzNMaGZxOE5aUWItRU5MLWpQNW5sMkNHamdBb3lqbks2R2QzRXh2RFJ4Um50enBhM1ZycnVlNlAzekJlYS0tOWhBSHoxLUZMdmQ2Z0J5RVB0U1Fub1JvQ1NHbDFmQ1lwcnhESGFCOWVMaTRvS3d2UW1wcWtIR0wxVWxpRjFuOXEtN21FNWZfczFwQjhITFBr?oc=5,Cherry Creek School District Partners with Highland Electric Fleets and Xcel Energy on Electric School Bus Project&nbsp;&nbsp;Cherry Creek School District
2026-08-14,2026-02-12,sector,Xcel Energy,Utility Dive,Minnesota’s distributed capacity procurement decision could shape the grid far beyond its borders - Utility Dive,https://news.google.com/rss/articles/CBMilwFBVV95cUxNMjBJTnktRmN3WUh3VVpaSDFjbktuRjZ3NG5rYkU0MTJ2WDNoUUk5WE1PbGdwUzBUM0FiaHBDaUlOclNyb203WGpTbkxkZFFDZFVoa05pYldtNXlXejBTQ0o4dWpsaUtiTnVHbnBkQmtMcW9scVlmMG9rN0FQYmZfQkF5enFGQl95bWJoZUVoQnJnLW1HZ1VZ?oc=5,Minnesota’s distributed capacity procurement decision could shape the grid far beyond its borders&nbsp;&nbsp;Utility Dive
2026-08-14,2026-06-04,sector,Xcel Energy,PR Newswire,CHERRY CREEK SCHOOL DISTRICT TO PARTNER WITH HIGHLAND ELECTRIC FLEETS AND XCEL ENERGY ON ELECTRIC SCHOOL BUS PROJECT - PR Newswire,https://news.google.com/rss/articles/CBMiggJBVV95cUxQQmF0aXNON2FTbnVGX1g1eFJiZEVGYTNBYm1SYnRRMTUzazFUQWhiX2FxWVNUN2lfRFhYTko3SzVhWVV6c2VzWXJhLWcyTlQxMmwzQy1IZjhCUGFINlBoUnJiVkp0Y2YyUDVlcm0xN196Y2ZCWVZiYnY2WUZiSmhleHpyWnY2czZ6STJ6V0w2U2lYbVRfbEF0U1ZGWXNMWDgyYjlubm9CMUV0MGFyMkFjM3ZiNTNKNHl2ZlZBQUlhQTNRY1g3SDRUX3RCSHJjTDhJSy0ybTdIa0ctd2NzZ2l1dFpnS2FjdUFRMHE1RXgwWUdiOTlRM3RhSTdKakJJLTNLd0E?oc=5,CHERRY CREEK SCHOOL DISTRICT TO PARTNER WITH HIGHLAND ELECTRIC FLEETS AND XCEL ENERGY ON ELECTRIC SCHOOL BUS PROJECT&nbsp;&nbsp;PR Newswire
2026-08-14,2026-05-19,sector,Xcel Energy,Amarillo Globe-News,Xcel Energy crews working to restore power to impacted wildfire area - Amarillo Globe-News,https://news.google.com/rss/articles/CBMixgFBVV95cUxNMVlKZjVPZ08zVExUZnFrYlVUcWRVWHh4bXV3TkYtSk8xUEtzMnBzVEJhLWR0d3FOcFZpekg0NzlyaWhDZEVDekdEdlFFSWR6TnUyR3c5ZEl0Z3ZVWVI2a1VFcGhyRnhnZVlrd1ZWOGdFdTNZODAxMDVvSUJSdVZyMFZsS3FwNnFycHRTRDhpOGt4M3V6ZHRTb3YwbUs5Y2FJV3NQV1ZhcTRqSEdCeEM4cUtWbURtVkc0cjRWdkt4OHhuVGZXQ2c?oc=5,Xcel Energy crews working to restore power to impacted wildfire area&nbsp;&nbsp;Amarillo Globe-News
2026-08-14,2026-06-16,sector,Xcel Energy,Denver7,What Xcel’s proposed rate increase could mean for your monthly electric bill - Denver7,https://news.google.com/rss/articles/CBMitgFBVV95cUxPeWhjUFdVMnRuTk90NmNsNTlUSnJnUE9yRVQ4WkdaeVZ2UWJxWkJMNVJSMXZaZzR3clduYUdwU1VRVFlZTllESTBxU2w1M3lyYldSSkZMNDA2bC1MS0ZXdkNuelAtRTZEVmpaM045QjRwMUluaThuaTJZM2MzOGlvbXN1bXNTZndCWF9WZjZZUEd3RzcwWlVtYml5eDJoVU0xNVM2dTJTOUEzRm5SZXpYeDFaMkdCUQ?oc=5,What Xcel’s proposed rate increase could mean for your monthly electric bill&nbsp;&nbsp;Denver7
2026-08-14,2026-06-26,sector,Xcel Energy,TradingView,Xcel Energy Stock Offers Stability as Electricity Demand Builds - TradingView,https://news.google.com/rss/articles/CBMiwgFBVV95cUxOVDlVNDBKVERfdUxKbzNnYm12dm9tUGpFcDNZNWlXMkVRZUcxTTZTYlZpMXZmLWNMQWJVM1hZa0EteGF0UW5jY1ZCU29ZaFZ6TnU5U0xGVHBWSUVVempxdldIZUY1S1JTbEUyMkZLVkkzSXFORWtUSktYbnFOdXdmNDFQT1pncFZMY0RxTHJUaTNnRkplbTh5Vnl5eVNVS2o4WGxkZ0IyT1R4WHpjNUJPMW1ycHI0YUxlLUNJbFdTUjAydw?oc=5,Xcel Energy Stock Offers Stability as Electricity Demand Builds&nbsp;&nbsp;TradingView
2026-08-14,2026-01-12,sector,Xcel Energy,Utility Dive,5 takeaways from Xcel CEO Bob Frenzel’s talk at the Minneapolis Fed - Utility Dive,https://news.google.com/rss/articles/CBMijgFBVV95cUxNNUxlbWU1bkxjMGpPWWs5T2JfcHAtR2c1SjFOUkJXMFRPalpJYTZWTTBmWGVJMUZxaGhiWTFEcEo0eEw3eTRjVnExRzQ0TFlRekx2V2c3ODBEbGZfc0tpSlJqaFRaTGVGYkpkSEV6WFp3VV82dmxXbS1rX1g1a09oSk9yaUZZTHNqN0xGd2F3?oc=5,5 takeaways from Xcel CEO Bob Frenzel’s talk at the Minneapolis Fed&nbsp;&nbsp;Utility Dive
2026-08-14,2026-05-28,sector,Xcel Energy,nlr.gov,Smart Energy Management Research Could Unlock Grid Flexibility and Cost Savings - nlr.gov,https://news.google.com/rss/articles/CBMiwgFBVV95cUxQbkIwV0lhM2l1UHJJT0RCbERCelVEaEU0Q1BlU0dmWDJKNlpFZFpnX1RFU0xlbEpXOUdBT0JuNGU1c09HQldfSW1HNkhsTlN1SDNhWEU3SFlLTTY1RFppTkctX1loVXBWamhURTRUdDJHT3drTkJZQ3lTWlJCRVJiRExDRUxCVHdhLW42TzlEVnpESk9qVm1qalUxa1lBUEt4VjhjcGJMdi16dDJiT2dtcmc2LUpxendlNnB5dkV0MjN3Zw?oc=5,Smart Energy Management Research Could Unlock Grid Flexibility and Cost Savings&nbsp;&nbsp;nlr.gov
2026-08-14,2025-12-30,sector,Xcel Energy,The Colorado Sun,"Here comes another Xcel Energy rate hike. This time, the utility is asking to raise your gas bill. - The Colorado Sun",https://news.google.com/rss/articles/CBMihgFBVV95cUxPMEpxWFZyUzZxRXFQWGlyZmY2d0w4TFlTdkpRMzBGdDlRSUhnQlA4VXA2UlZRZ2RFUllEbklpM0k4clRvcEt2T1VqQUN1TEVZOWRGODgwRVVaXzU1VzQ3NGhMWXdhNy1VWTRzSm9Ha2dvNHJUZ1BRQ0hHRFc1LTdnUng0QkRodw?oc=5,"Here comes another Xcel Energy rate hike. This time, the utility is asking to raise your gas bill.&nbsp;&nbsp;The Colorado Sun"
2026-08-14,2026-04-21,sector,Xcel Energy,CBS News,"Xcel Energy revises possible power shutoff plan, concentrates on southern Colorado due to high fire danger - CBS News",https://news.google.com/rss/articles/CBMisgFBVV95cUxNVkZER0t5Q3hUVnZFZG1ieVdSM0FiUHFXUURpZW5TMi1OSXhYTFhSVEZMRjZRRjNmZGJLelU0MnFxWml3aHE1eXRlYk5waHlXSkVVVGVrYm1OQ0FBcVpzSjAyYjRILVd5R1ZNSVNuTm1VSWUwVkdROW5QSFh2NHBkTm9zNFJOSUNTX3ExRFdCMXdicVlLNm95bmdBQ3B3elNsa1JsTy12Q2s4ZFl3aFFOSmJB0gG3AUFVX3lxTE94dm9YRFZqR1VjZi1vSVlXb01yV3hwOXRURVl1S3dFX2RmZVdIY0dPX1A1RVJLSGVvQVJOT3EydGpRQVRvSnlkbV90M1NTZGV4YU9WSWthc09jdENRWU1FRmo4cmliNW51Y1lic2xrZEkzeVd0RnlUel92TEd4Y3BVeklOSG5XS0gxRFZiNGs0QmdjaFR1UDF3bFpncUNzSkZCajkzRlBIa19FS00tc3g3TmlJeVBRcw?oc=5,"Xcel Energy revises possible power shutoff plan, concentrates on southern Colorado due to high fire danger&nbsp;&nbsp;CBS News"
2026-08-14,2026-04-17,sector,Xcel Energy,PR Newswire,Zero Homes Selected by Xcel Energy to Lead Neighborhood Retrofit Program Bringing Whole-Home Electrification to Denver and Aurora - PR Newswire,https://news.google.com/rss/articles/CBMikwJBVV95cUxOdGVKS2IxTGIxTmFGQ2t0bDZnTXRFLUJ6VklHaGhhbGlfNS1KTHY1bmZsN2Y1MjZIRzN4LWJxeG8xcGxOVW16a19XV0U0bGpVS1VLZEdLNVk3Vk9XaU1DbS1YUXRNOUx6NlIzUlFiNnVyR0NLOGVGbzZ0dTRsdVJ1WXUycFpra1IzYWU3UDNDQ3FlRVdEOVJZNE1tRWROR0h0NU1JRDM1UURURFFoWV9hSGR4c1gyWG12RTdVTHlrcWdKU053em9rdUd1MVZSa2xzZUh3X0ozNVhhTlMtQ2JVbFlRdUs1S1k3SlRNT0thamR4amdpOXRqbjFaSGdTSE84R2JLYmtLZjRPeHZUWE9CWmF5UQ?oc=5,Zero Homes Selected by Xcel Energy to Lead Neighborhood Retrofit Program Bringing Whole-Home Electrification to Denver and Aurora&nbsp;&nbsp;PR Newswire
2026-08-14,2026-05-07,sector,Xcel Energy,5 EYEWITNESS NEWS,Xcel Energy to refund $40M after passing on costs of prolonged nuclear plant outage - 5 EYEWITNESS NEWS,https://news.google.com/rss/articles/CBMivgFBVV95cUxQTlJVa1ZTek8wRWF0N3VNazh3UEJCSjZVdGNSb3lnZ1dsRjJwcG1mb1NQUzVmcHVkT2p5VV96ZlQzLW9ES1A4ekxpNWZEeUFZTGNSTXJ4YkMzRVE3YWdfbmdrczBkWVlST1hWN1poZjVNNkRMUWFETC1BOVlGMWFtN05JNkRHeG9fWHdPN1FSdFNFTkpZT0lqT1l4SzAwY2NEcTdmaEptSUFrMWdFOG9sWnZXZi1uWWNYUnNtRzV3?oc=5,Xcel Energy to refund $40M after passing on costs of prolonged nuclear plant outage&nbsp;&nbsp;5 EYEWITNESS NEWS
2026-08-14,2025-12-16,sector,Xcel Energy,Courthouse News,Texas AG sues energy utility over Smokehouse Creek Fire - Courthouse News,https://news.google.com/rss/articles/CBMikAFBVV95cUxNRXV5cG1EUW1xWUJweXpvNFNCVGpBbmlZTVZPbm1jNUFtTW12MmY5QUpKa2NvZERPdlVZQ1RXU25WSXcxbDFzQVk1ZlJQMkhweVg5WGRhSGJNQ29MTUdZSlk1WHlPWlpDUURJRF9EOXJ2cjhLS3h3Q1RlNkRFUHRSVnVIMEc3eEdvZlR0TlhoM2Q?oc=5,Texas AG sues energy utility over Smokehouse Creek Fire&nbsp;&nbsp;Courthouse News
2026-08-14,2026-01-20,sector,Xcel Energy,Utility Dive,Xcel-led coalition proposes Minnesota-North Dakota transmission expansion - Utility Dive,https://news.google.com/rss/articles/CBMitAFBVV95cUxPNm5RRHJVZXhtZ29NOFJyZEhVYzA5N0xZVE8za28xeEl5Q3dXQ1hSYkVpSGd0Y3pDVHMzeWd0Zk5ObDl6cHl3RjhhekFoNzlvaVBfcl8wS1dIb1BqWl9WMlVzSGp2c1JEZy0zYnRPUng0bEplQ3J5ZUpjTndEeUlTY0JhVU9fYXJEU3BYUTB0a2pRcThmbkFDdXBSdnRRVGxCUGNFbjdZeXFfb0hQMFgybC1jbkg?oc=5,Xcel-led coalition proposes Minnesota-North Dakota transmission expansion&nbsp;&nbsp;Utility Dive
2026-08-14,2026-03-25,sector,Xcel Energy,MyHighPlains.com,Xcel Energy to pass on fuel savings to customers about 5% less on electric bills - MyHighPlains.com,https://news.google.com/rss/articles/CBMiwwFBVV95cUxNcDFaTTJzRldScUZwOXdDdllDLWE4a1ladldOYTI0Z044MENPcjNrZ1ZmeTZySnEyMW1RZlgzVG1WLUhJVDhZTzBPeHV0TXFhY0Etd0Y1TFJ5eEhuWUw1QXR5OXF5dTdmeEJwWG8xdjhqcFB0ZUNYZG9uRFBsNC1McndaVy1aMklGVG5lRkZLSldYREJsY2RpbnNzcVlRbnI0YjRiZHpreDQ5YVhGRkYtcnVFSUtTUEZzTkY3M3lNYk4wZE3SAcgBQVVfeXFMUERZTkNkTHRGZDkyTkJQTDdEYUNvOFkyQldWeV9JMWY3dmVjeFlzOGdtU1hmUzAtYlZzWHdxMHJrSjVCR0dEb3hmMHNFLWFRel96bHViTzEyREx4VE9DY2JCSlZKZ19RbEdIRHNleGV0cmtCZUktUXNFbVJlSW9md19weEFtUnhjM3pRWllidWpZa2Z0eThfdzAxeTZoaGxRWlpFYTg5RXRmRzdQd3hWQXZhVUZDSDJZVXpKUGlvcm54TEJMODdlVGw?oc=5,Xcel Energy to pass on fuel savings to customers about 5% less on electric bills&nbsp;&nbsp;MyHighPlains.com
2026-08-14,2026-05-01,sector,Xcel Energy,West Central Tribune,Xcel Energy gets go-ahead for peaking plant in Lyon County - West Central Tribune,https://news.google.com/rss/articles/CBMilwFBVV95cUxQRERnemw4elNqM1VEa0l0Qzl3Q2lOREI2S3BEZlhWeFhycDJPdHZfMFljS1lDU0JXTlY3aXM1NkNUNWotZWRiZF9MejZUMlhydkFkeFd4R0pHQkxvTGh3Z1cyQ2Y0Q1ZmcGU2WFFFd05XWWhHTWZQdlVvM1JRSl9uRUVmVHBFNVB0cGgwNWRvRE1jdkJ2ZWlv?oc=5,Xcel Energy gets go-ahead for peaking plant in Lyon County&nbsp;&nbsp;West Central Tribune
2026-08-14,2026-01-06,sector,Xcel Energy,CBS News,"Colorado regulators get earful about Xcel Energy power shutoffs: ""There has to be a better way"" - CBS News",https://news.google.com/rss/articles/CBMijgFBVV95cUxNQkZta055YXowMHJ1M2FVa3NsYXpVZGM2cTU2MW0wWF9Bb2YtbUg1aDF1NEVqUGJWOFFvcDJvUEQtVGdlYXF5S0JHZHlNc0xTdGRrTEh6cXNFQ0k3cmhaMnhhcG9rM0dZZTRUazNRcGF3aHRGREdCbEQtNTliOTVzZ05vRGhlTFBBT1U1T3Rn0gGTAUFVX3lxTFA2c09xM2oyRjUybHVuU0xDNnF2bTVrNHdJLS1FaU1LMEx6aFk3RC1jMEVrVXVrWFI5OVFZdWdJc2s3ZU9jMHEyX0ZVQ05OdHZ2S1Fla3Y0NTNWWTZLS2QzQUtPMXlvZFRGMHRiQWp0a19CMktPdnpIdUFmTktpQThyUmxzSkliM2o4SmJZV2Z0ZjBHQQ?oc=5,"Colorado regulators get earful about Xcel Energy power shutoffs: ""There has to be a better way""&nbsp;&nbsp;CBS News"
2026-08-14,2026-04-14,sector,Xcel Energy,West Central Tribune,Upper Sioux Community abandons request for Xcel Energy to serve the area - West Central Tribune,https://news.google.com/rss/articles/CBMiqgFBVV95cUxOb3NGU2FRNFVxdGdMenJjaDVWY09YR0RiQ3NXTHFsWkFNMi15SVpQbHFtUDVabnVVVWZxMk02OV9zWTRyVkp3VGRkMWRBLUNWbzk2VkV6Tk1MSW1fYjNneUlBejQzTFhzQVJUR2lTeTFiV1dwTlljWVBOZXR1eUxrSVRsQ3F5V3l2aHNNNmVnM1VQY3NoZVE2dnpPcGZ5WmJBelo1azBFdERTUQ?oc=5,Upper Sioux Community abandons request for Xcel Energy to serve the area&nbsp;&nbsp;West Central Tribune
2026-08-14,2026-04-17,sector,Xcel Energy,Colorado Public Radio,"Xcel releases previously confidential information about broken coal plant, Comanche 3 - Colorado Public Radio",https://news.google.com/rss/articles/CBMic0FVX3lxTE55LTgycHVCZGFVU3lmUFhvU21xMHQ0OGd1U04xMGxraFpZdnNhU25xSEt1c3Z1SzRyYUJ2WGw0UEEzazJ1Y2oxazZzbF9vTERaM0k3MzU1VS1xak14czlwcGd0UURXOU9tdlMyT2NrdUZyam8?oc=5,"Xcel releases previously confidential information about broken coal plant, Comanche 3&nbsp;&nbsp;Colorado Public Radio"
2026-08-14,2026-01-12,sector,Xcel Energy,E&E News by POLITICO,Xcel CEO: AI faces labor and supply chain bottlenecks - E&E News by POLITICO,https://news.google.com/rss/articles/CBMijgFBVV95cUxNOVh4Sm9BTVFBc1l5M3RxdU4zZ2RGZ3pUVXdDaXVEWjBMRmo5SlU0M0VFX2pLU0l6VzBHRXd6TWpuYm8wQVV3bnJsS1FRUXo5OURvWlVXRm5NLTdFUUxFZlNlczd3QTAzMnVPN3F6dkNVd1BRcnphczdidGtnNVhHX1FNd1VuU1llajd0ekd3?oc=5,Xcel CEO: AI faces labor and supply chain bottlenecks&nbsp;&nbsp;E&amp;E News by POLITICO
2026-08-14,2026-05-07,sector,Xcel Energy,kare11.com,Minnesota PUC orders Xcel Energy to refund $40.6 million to customers after plant outage - kare11.com,https://news.google.com/rss/articles/CBMi9wFBVV95cUxQOFpqMTcwT1hlUTRtQW40X3RfUEhFbnhVR3hjX3hSZWxPZXAwYm5rU3pKUjA4Rm0wSGNVUnIyVm1BM3FUVHpjVDV0NDJUSDZKMkdnbWtOOGpZOTFKYW5XQmJiczhWalAyb09XT1FYXzZCYlB1OVlOTkIxYXU2Yi1POTJELXNMX0xlV0hpb2dqV21ac19XdFlocU1XcXJ3Tk5HX2NKVU5ZOFRWZExKWURwWWhkV0lxdzJ1Z3dhVF9yRVNta0pXUzQwU1Z0R1EtdUVSOUxxeERUbDZRclJRR0xnNHd6RWJCejBVU3kxUXBrS0lhMzBXdXVv?oc=5,Minnesota PUC orders Xcel Energy to refund $40.6 million to customers after plant outage&nbsp;&nbsp;kare11.com
2026-08-14,2026-03-13,sector,Xcel Energy,E&E News by POLITICO,Minnesota slaps limits on pay for utility executives - E&E News by POLITICO,https://news.google.com/rss/articles/CBMijgFBVV95cUxOUk10cDRUOWVqUUZ4cWxMckE1d3RMMWh1N0hDLUF2MDRnRjBqZG9EWjVtT2lHQ3NlMjNVdmFOQnZQWVJhRHdndXdfcTZMZU9CeEdCWGZ6SXk1M0Fpd3lFVGp2dzVnRmV6V1hVeUdoRjFEdlY1U2hPal9WWUJSY3EyWFBJT0p6RkRxRWNNUS13?oc=5,Minnesota slaps limits on pay for utility executives&nbsp;&nbsp;E&amp;E News by POLITICO
2026-08-14,2025-11-25,sector,Xcel Energy,Energy-Storage.News,"Colorado regulators call Xcel’s grid data ‘totally useless,’ question if utility will comply - Energy-Storage.News",https://news.google.com/rss/articles/CBMivgFBVV95cUxPLS11cEpsRTJkQ19Lemltb21JY2FINW40Z3dvNXFLRU5tblhGZ0kyZnhnQnFsbVRSdGhzczJxN1JNZHdESFdJS2xjTmdWZUR5MDNNR2xTVTk1ZlFvam5WaThCSVpPU2V2LXo1ZFZmVGNMR0N6NnhYU3NqS3FDUGZpY3FZcmgwN1FXQVRMY3UwLUJDMlpTLWRycmxsV0JoQ1IydHJ4ZTM4ZTR5ajRmaWxEd0NsMWhaOTRZSTZvempR?oc=5,"Colorado regulators call Xcel’s grid data ‘totally useless,’ question if utility will comply&nbsp;&nbsp;Energy-Storage.News"
2026-08-14,2026-02-26,sector,Xcel Energy,Energy-Storage.News,Google: Minnesota data centre energy deal includes 30GWh 'multi-day' iron-air batteries from Form Energy - Energy-Storage.News,https://news.google.com/rss/articles/CBMizwFBVV95cUxQeXRtNWVvNnpPYXd2N2ZjendEUkRqYzNYeGs5Q1BFRVJZbV8yVUlGdFBtV1ZtdktQRmptYUtIdko0M09la3Q0aEtyM2oyNE1RTDVfb3FoSGcxSFBXa3N0bG4yV3BVS3M3S19NRzJPUFdPZGFGWEZQQXhqMXhleGZ0VktYTXhTOGVrUGNjdGdPd1hsZ0xEWFQzUEJNdmlneUc5ZTRETV9Qd3NXWDk1YmpiWlhkTTFDZmEyTXRTc2JKNHpmb004SW1ZNmQ1ZmUwbHc?oc=5,Google: Minnesota data centre energy deal includes 30GWh 'multi-day' iron-air batteries from Form Energy&nbsp;&nbsp;Energy-Storage.News
2026-08-14,2025-11-13,sector,Xcel Energy,PV Tech,"Colorado votes to make Xcel Energy provide higher-quality data, introduce flexible tariffs - PV Tech",https://news.google.com/rss/articles/CBMiqgFBVV95cUxPa1R5c3R5SzlSc1drOVhHSW84RDJJTUJpNldRbGtSUU1qR3JqYzJDOWR0eUVuRmg4aGRPZVBvV3g1RnBKU0JyenlRd0l6eENIbks2VU52U0RoODROYmEydms1N2RvQkxkUV80MHNqVGh5TnRDMjBnREg0c0FJNTNRdjIxSm1IX0paYzMyUzVwU0hMNGpBRm9TbUdUOXY0VEhZM2VSNVY4Y3FLdw?oc=5,"Colorado votes to make Xcel Energy provide higher-quality data, introduce flexible tariffs&nbsp;&nbsp;PV Tech"
2026-08-14,2025-12-21,sector,Xcel Energy,denverpost.com,Thousands still without power in Colorado as utilities work on repairs - denverpost.com,https://news.google.com/rss/articles/CBMihAFBVV95cUxQd244SU1EWW80cFlCZS02LVc4czJ1R2hPS21JQ2Y3VWptMzB1aXJvS05lQXdja2N5ZVE1SHRUQ09yQ0RWaVp5c1dvaU1CMWhxTnUxcDhpUTVNc1RtaTY1MnptazBVM1NTZ1J0UUV1WVl1VVZpYWx6R1UzNE0xZ2hMbFZPWTI?oc=5,Thousands still without power in Colorado as utilities work on repairs&nbsp;&nbsp;denverpost.com
2026-08-14,2026-02-01,sector,Xcel Energy,denverpost.com,Power restored to thousands in Denver area after Sunday outages - denverpost.com,https://news.google.com/rss/articles/CBMif0FVX3lxTE1vWGZRQVEwdG1hNzJ3VWdqR25qeUJIZzlzcVlfZmZQSmVNbWRFM1pQUFJlYnNDQlhQaW9OczRqUTR6SkVSS0ZNeGF6Y0xhLXU3WFpSMnh3WXhsdlRydjlhYVFBaThVbFR3cld2TzNIMVdDb1RiTlV2UUxpYVF4dkE?oc=5,Power restored to thousands in Denver area after Sunday outages&nbsp;&nbsp;denverpost.com
2026-08-14,2026-02-26,sector,Xcel Energy,Amarillo Globe-News,Xcel Energy says Amarillo power outages stem from substation issues - Amarillo Globe-News,https://news.google.com/rss/articles/CBMivgFBVV95cUxQVTJHVXdmaEM0Q2JHNEtheHlyS090QUlhMFZKX21RV3JqcGZJTTV2eU9VYXRwVEZrVFpNWWRuWDRMWVBIcGhmMkVsUThyZ2JnQWxlUTFiOWpwMEtaLXJzaTdwZ1FPdWJVYkNpTkdkUVBIZ0Q1WG1PT2xNMm9NUld5RENWcUVEbld3RUktS1NSMTNRalNBSmdEcUE0THNibXZFRlZoX2stWkhnemxUZS1walR0dDM0aVBoUWpDUFBR?oc=5,Xcel Energy says Amarillo power outages stem from substation issues&nbsp;&nbsp;Amarillo Globe-News
2026-08-14,2026-02-05,sector,Xcel Energy,Data Center Dynamics,"US utilities Xcel Energy, NextEra ink MoU to support delivery of new generation to serve large-load customers - Data Center Dynamics",https://news.google.com/rss/articles/CBMi5wFBVV95cUxOdmh0M3pZd0xQRzdGNjh2YXJ0RFpEUmlHZE5OcEg5bC1YcVhiNTNIZG8zTFNOa0dKbzRPeGFDYmJKQjdNbWdZWXFMUnBaUDhVenMxbUdTdW1YdEtSdU0xaDJReEZBaUN4SmY5ejZNTVQ0OHQ5dGRoS2RKdENTSVZUcHFOUkF5S2FDNEZJNERoa0pxemNpcVZLRjhSMjdITEgyM2F2elE4WURRRXN4TUx0dzlnMHJ1dDlQb3ZrVl9FQ2p4VFJWOFliUHg1M3NxVDcwN3R1d2gzTDNieW16TVVyUV84S3ZVOFk?oc=5,"US utilities Xcel Energy, NextEra ink MoU to support delivery of new generation to serve large-load customers&nbsp;&nbsp;Data Center Dynamics"
2026-08-14,2025-12-10,sector,Xcel Energy,CBS News,"Elbert County residents continue fight over Xcel power lines in Colorado: ""We will only reap damage"" - CBS News",https://news.google.com/rss/articles/CBMisAFBVV95cUxONTk5YzlVM3hIckZRaFBoc2NmOER3cGROYXhCTWVTckJzTmg4T2ZWSndyWXkxQ09kanZ4czNsRVNHOC16TUFPbTlaTEFyUXRTYlQ1Q252S2RJRTRDcmh5RUx5OEU5c2Q1eDRuSGdyQmROVVNaR0dHUmc0ZmNUTzRKY0dPd0xacTZmLVR0czc4a3lsTWVMS05qZl9MRWhHeUtrWlB6NlhHZkQxUkw2SmlncNIBtgFBVV95cUxPR2tsTVkzQlJpX1FMM29LUG1NUlBLb2RFQ1FfR25oRllTc2lyS0RXM09NV2htcTMxcXRtRDY2MlFpZ2RsbTB4RmJMRWV1bDI5cUR4UldqMlRjREVTNWM1WTlPM3NNaG5UN2RoUDZJbW9ndWFoYU92dm1COFJTaDQ5WFNXM2NqRjd1d2dkNEJEVXNfNXNkWHlDZWpneVBFWlV5OWVqSDBwbzBjV1FPY1pYdndua1cydw?oc=5,"Elbert County residents continue fight over Xcel power lines in Colorado: ""We will only reap damage""&nbsp;&nbsp;CBS News"
2026-08-14,2026-03-04,sector,Xcel Energy,E&E News by POLITICO,"Utilities ask FERC to halt transmission competition across Midwest, Plains - E&E News by POLITICO",https://news.google.com/rss/articles/CBMiqgFBVV95cUxNWlowSUdKNHRobk9uVkh6cW1jVDVDaUJzTDJtRHhtZnd2RFB4V0V4WFVXSkpBTE92NWxVejZmS3d0aS1Gd1hkMUdHblIwdi01OHBITDlwMUZwbFZxVFhqX09TZHlsZW9XdnlRaGRCcENXbG5qRWNiUGFnM0JnYUUweXVRbW9KRnhqVElpaW56aE9lTDJVRW4wWVJPR25zck45b3pkUy1wUk5yQQ?oc=5,"Utilities ask FERC to halt transmission competition across Midwest, Plains&nbsp;&nbsp;E&amp;E News by POLITICO"
2026-08-14,2026-02-26,sector,Xcel Energy,Utility Dive,Xcel must begin pole replacement in Texas as court weighs Smokehouse Creek fire lawsuit - Utility Dive,https://news.google.com/rss/articles/CBMitwFBVV95cUxPUlJibmc0ZFZMRWg0VW5EMVZCczZxRjMyV01kUjc2OWhsOG9NYU1weW5TRTZOcHBXcC13WGdWZmI2WTJURm50dFQtLXlhakRGakZwU3FDM1lQX0NmcDZqVXpXQjYzb25OQzY1S253MUhFWm1UTkxSSTBmWkxNMnVKcS1nZktWZEJtQmQ2N2JxTWF6MmFaUkRYcWtmQjQ5RlJZeXdoN1pJQ0tTOVlQdWkwUUpjbnI4YWM?oc=5,Xcel must begin pole replacement in Texas as court weighs Smokehouse Creek fire lawsuit&nbsp;&nbsp;Utility Dive
2026-08-14,2025-11-21,sector,Xcel Energy,Denver7,Xcel Energy wants to increase electric rates in Colorado by nearly 10% in 2026 - Denver7,https://news.google.com/rss/articles/CBMiuAFBVV95cUxPcFptR0hMNEhCTU1FdHVaSWhBb0RmRXU0Tlk4QkUyUUhISGlkNWt0bGJaXzBlWXlSV1lpMWp0alZSRkFhaGVFNHpqTHBkTmYzcnpuZ19qeVJNNmR5dXRQbi1iaUtEczVoelZ6RV9QTE1ESDkxa3hCRGk1REdhUWpVdG9yY2l6di1PRVVXMllWR3dOOVVnaEN1ODA5dUoxLU1wT25XTGQ3QjR4Xy1BNVVCMWtpd1BOY0Va?oc=5,Xcel Energy wants to increase electric rates in Colorado by nearly 10% in 2026&nbsp;&nbsp;Denver7
2026-08-14,2026-01-15,sector,Xcel Energy,CBS News,Xcel Energy confirms power shutoffs in Northern Colorado for extreme fire risk - CBS News,https://news.google.com/rss/articles/CBMisAFBVV95cUxQZjRORW5kMWpObXhyMW0xeDdNRkhLUXV1d19ZNkZjenJjbzZKNFdTYVNleUdyZlZmTjBxMmFOYXliSHJpTllibWJXWmE4MkhDM3M4NG85UkVObTVyOHBkYjBwckxSbG1KTkFmOC1aX0VfcUdsX1hPX1lab0ZjWWxpaEVwTWM5T1pUTG4yZnRrOUFxXzctbHRoZGtKR242UnpxdzNCYWszdzBOcGNpd0RoRNIBtgFBVV95cUxOc3NOZ2dUWXpNbjBhbm54TEV1d2xJTHJRSW1SSUNPYTNuendoa3lpOWVnU1dVLWEwenNvSzYyV3FaN3V1RkFGSkprVlBFWWJ0QlJzWmJPWXExNDZMWUxRS2ZOYmdRUURRVVgyOGRLdmRmVURUQ01sLVNqZFVvbzZSUGtaUzFWT3NGTnUteEE0SHN6eS0xRkMwaUhxNnZwM1hPdldlSDNhQUhfTjVYcFZVMXRvT3dFUQ?oc=5,Xcel Energy confirms power shutoffs in Northern Colorado for extreme fire risk&nbsp;&nbsp;CBS News
2026-08-14,2026-05-13,sector,Xcel Energy,Mitchell Republic,South Dakota Xcel customers will pay higher electric rates after utilities commission settlement - Mitchell Republic,https://news.google.com/rss/articles/CBMi4AFBVV95cUxPTUcxbngxaHFRSk52bXZaakR0ZDFiVUZkVjdSQkFpTnR0R2VUQlgwaHM0ejIxbk9yRlB4cTFrd2czWVBDQW5sRmZlVVFwZlk3ckhka1doeXMycTV0cnNfMUhRcnVkQ2RySERRLVlKdFE2YW9fTWxfbmFhVmpxbktzeW9vZlhqTlZIeElXUHNYWnpZUVNpUlFqR3YzUUlLWDk0Mm9KMFVQVU9qbHBPaE9aS3l5Rjh5X3hGTUxTMHd6dDJ1ZWNKczlYNk0wSEhscERVQ211RHFONnVTN0hQVG11Vg?oc=5,South Dakota Xcel customers will pay higher electric rates after utilities commission settlement&nbsp;&nbsp;Mitchell Republic
2026-08-14,2026-06-05,sector,Xcel Energy,9News,Aurora man faces $10K-$20K cost to avoid Xcel Energy smart meter - 9News,https://news.google.com/rss/articles/CBMi1AFBVV95cUxQZ3E1eHFNMVlvN0JQTXJiSDdCU2FYc0tqLUdLTlM4Tk5vME9OblozWEF5TlNQcUZDczJkRlN5T2VfS0JwTjgzUTRMX0pRMHAzZ0ZkY0ZRWURkYnN4UmQwcFgydVJxSk4zSkVINFVWaTNCdURZdzRRaHJ2eXo5N194RkJrNEdxam92NXJ1ejRKMGdvb29RdnR4U1ZLWlBUWmgwNjd2Z1Rvdzg4cVBzbWdsTHBwT21kVDJMdy0xREE3QUhkZU5WZ0RCdDMzT2ItOGRndGRpdg?oc=5,Aurora man faces $10K-$20K cost to avoid Xcel Energy smart meter&nbsp;&nbsp;9News
2026-08-14,2025-11-24,sector,Xcel Energy,CBS News,Xcel Energy seeks nearly 10% electricity rate hike in Colorado - CBS News,https://news.google.com/rss/articles/CBMiiAFBVV95cUxQUm1LdHZ0MnhnZjdETkVOa29jTnQyb2ZMd1hJdDlsVzNpRTZYWjBjRVFrZm9xX0dCSDdUQkJUSUNWd0NtUVFDekMzUTg3VWc2R0JhMHR6Y3RUMGxkMnIxRUNIZXVqZnBwdEdhaFQ2RG9ZaGFVNTB3cFdfRUFuNVlnVDNTWjUtaDVE0gGOAUFVX3lxTE5OZkhDRVA0VEx5dThuQXRubkV6RThmaWNzRjMxZWFlX0ZhMEdiaWxqWHZWMW54TGxWMVpwbXNucVJoVE9GN0RHMEZxV0xpb0l0ZERfZl8yU2M4UkhFTDI3VWE5cHh0dDgwalFuM19VZE5hc0pJSkc5TVdCbWJlUWNYOGc3T0FyRGUzYVUtWUE?oc=5,Xcel Energy seeks nearly 10% electricity rate hike in Colorado&nbsp;&nbsp;CBS News
2026-08-14,2026-01-09,sector,Xcel Energy,abc7amarillo.com,Xcel Energy addresses utility pole safety concerns - abc7amarillo.com,https://news.google.com/rss/articles/CBMi3AFBVV95cUxPQm1NRnRlQjZqdXNoanh3dlU3clZmLXhaZEJHaUFyT21yZTZTVnRFWlEyM05CSFVVOHFGd1huV3A0UW01cUg2TVNBMzNYaTBtbG84c1VQYkRnSlNaSjVBSl9YbzZpUmtUT1dOSG9zM0FPNHFLSzY0a09yY3k3ajVCa003SmpZckM4VEQ2VHBCZG50YnEzZmVBRVdiMS1RN0ZPWWlHYzZaOGNISGc1RkxrdXlQeDJKX3lOYV83ai1Sa1pMM01JaDQxMmE2NDRvZFVnUmY0NzI1MlRHVWNz?oc=5,Xcel Energy addresses utility pole safety concerns&nbsp;&nbsp;abc7amarillo.com
2026-08-14,2025-10-08,sector,Xcel Energy,Utility Dive,Xcel Minnesota proposes 'first-of-its-kind' distributed capacity procurement - Utility Dive - Utility Dive,https://news.google.com/rss/articles/CBMitAFBVV95cUxPaWtlci1LU3hLUDl6UF9zWUduQ3NlVWU1UlNUWkVkaERweTg1UDB1SGM0N0gwQlZvVjBxdUZTenlpQkc3NDNZZXhJaDFVX2oxSExpcWRZZWNCYVRuSW5lZU5fUF9iSUxIclFvNU5rNEZHOTJmRGpEWEEzbV9xNEZZa1dYM0lNZ0ZROXY0UEJvc2ZVUkFOelBfX3dzY0k5NF9vbkpNczNyU1Frb3Q1MDFNMmpRRUk?oc=5,Xcel Minnesota proposes 'first-of-its-kind' distributed capacity procurement - Utility Dive&nbsp;&nbsp;Utility Dive
2026-08-14,2025-12-05,sector,Xcel Energy,PV Tech,Overcoming Xcel Energy’s ‘hostile’ approach to renewable energy in Colorado - PV Tech,https://news.google.com/rss/articles/CBMingFBVV95cUxNQ2loUlFLU2FCanVIWThQME1qVFRlbnpTdHpsNHd0WE9PM014c3JVSDczakEzOHdXcG95SVo0MXIyX1Jjd0xJTXNvVmhaR2pldS1IWE9MMVc4bDFQVkhTVkZhV1RJcGdXd0F2YnFOWUtEU2lDQjJ5LVgxTkdDcnU1QkhGV0QzT1JHR2ZfTFVydEl3MDY3RXdYbFdERVNDQQ?oc=5,Overcoming Xcel Energy’s ‘hostile’ approach to renewable energy in Colorado&nbsp;&nbsp;PV Tech
2026-08-14,2026-01-22,sector,Xcel Energy,Amarillo Globe-News,"Xcel Energy staging crews, resources ahead of winter storm - Amarillo Globe-News",https://news.google.com/rss/articles/CBMixAFBVV95cUxOSk5RTGROYzRIdnNmYkRYWkZaOHdJQlh4SzBBNUoyaktYUHBTUmhuLVVMOVl3ZWVUT1Uwb1g4ejZqbTNfcVVLTW5KODhiVVdyRFI5MVlKSFZUUTJfZ2llZS1kX1ROZGx2NWstaWJtWlpuSjRqRXRnNzlyY1FoYUJOek5aYlM2LUk2MmExUF9lRW9RSmhmZ2RtamNFRGMtVXVpM1Q3SXNMcXNVbGVqUGRCSnAxaF92UDFTUWJ4UjAxcE1IemZS?oc=5,"Xcel Energy staging crews, resources ahead of winter storm&nbsp;&nbsp;Amarillo Globe-News"
2026-08-14,2026-03-14,sector,Xcel Energy,denverpost.com,"More than 32,000 lost power in Colorado amid high winds - denverpost.com",https://news.google.com/rss/articles/CBMiggFBVV95cUxNUGZ0OFhSeFpoRDZjRFhfZE5kNHBaYUNJdS0tZ0ZSa0h3amlpdl9UUlFfZElhQ0lmTy1oYTUyczVTZmdSQXRDMXNudTktOHZRQnhpTzFQaGM1RkdVRHh5UWZyOWdYNHNDQ2lVQ216YmRpWkhGOERiU2FFMFRWSDBJLWdn?oc=5,"More than 32,000 lost power in Colorado amid high winds&nbsp;&nbsp;denverpost.com"
2026-08-14,2025-12-16,sector,Xcel Energy,CBS News,"Xcel Energy warning it may need to shut off power in Colorado on Wednesday due to dry, windy conditions - CBS News",https://news.google.com/rss/articles/CBMiogFBVV95cUxNNVRNc3NqVVh1MGhKVHo2c2lDNDhZUS03Slh1QkQ4bHktTjMwMVVUM1VQLXcyU0pVQVVXYXNCckg3UUdFWDJtZ01ZaERHQ2pIemZONVJOZ05pd3M2Y2NoNEhHQVpRVHBxMXJuNjM5MWZ5bldwMXlsSnlneUE4LTIxb0UtbDQxNTdUenJIaHlwX1F4UExjblhBeWFNYV84M25hVnfSAacBQVVfeXFMT2JnbWpTckI0b1RGQUplSmJMcWlVbjJmczBobUcyQWlhaGlHTm1qSzJIb20tNzMyWWI4ejVjSVEtX2Z5SnhKQzFERmM1QlJnQXVjOHZ5R1k1NVRpd3VITlRhSTNVdmwtakV0SW5hMVU2M0lWNnVOM3RVY1JvRk1CbFAtZUNHN0FGc2t4Q0FSaGpHRjZnVml4Ynhmak90WTdxdTJqSE12VDQ?oc=5,"Xcel Energy warning it may need to shut off power in Colorado on Wednesday due to dry, windy conditions&nbsp;&nbsp;CBS News"
2026-08-14,2025-12-17,sector,Xcel Energy,Colorado Public Radio,Xcel Energy might temporarily cut power to high fire risk regions ahead of high wind event - Colorado Public Radio,https://news.google.com/rss/articles/CBMigwFBVV95cUxNcjhDRlFxYVdnaS1UWWYzdkczOWplcThBMGYyZnZzSUE5SHVMMFI2Z0x6ZVR0YWhQWHJaNEhwNXpGZl92YWEwaU9tNDFobmIzNndpVHFLc2tGckxMMmF1dWVoXzAtVzZNRUtNTVpDTlBCZEgtM1RtMTFONnNCbDVrVHRHUQ?oc=5,Xcel Energy might temporarily cut power to high fire risk regions ahead of high wind event&nbsp;&nbsp;Colorado Public Radio
2026-08-14,2025-12-23,sector,Xcel Energy,denverpost.com,What did you think of Xcel’s planned power outages? Colorado utility regulators want to know - denverpost.com,https://news.google.com/rss/articles/CBMidkFVX3lxTE8xZTJFQUZlNWt4QWN0LVk4bXBnWGNtM201a2g1T3YwMVNabjBzV3dhTms0OHd0R2E1a3NTSlF4RDdTWmdPXzBEaFBDdVRJQWN5S2lUaGdoWEY3T1lOc1B6dnF2VXZGaTVzRDE1b2ltQncyRl9ta0E?oc=5,What did you think of Xcel’s planned power outages? Colorado utility regulators want to know&nbsp;&nbsp;denverpost.com
2026-08-14,2026-02-23,sector,Xcel Energy,Amarillo Globe-News,Texas AG announces injunction against Xcel Energy for wildfire risk - Amarillo Globe-News,https://news.google.com/rss/articles/CBMixgFBVV95cUxPZjM2SW5xVzkzS3k1QWYxQnVHLWxDNElBeGxzWW1sZzVjZDlTWEhaQlV6eXBHc1ZUdXV1TUJJTFJSN1piVmRYWnU1TGYxRUdpNUpTWElWYXZoemVvWEZvLTR5QW1ldkdNeXhjMmo0X0hsMU1QTjJmYURVb09sSkJDMWFXeHREUDhhUHZNa1phREMtUk50cVlvVnNLV3NsWGcxVTR4VDZTQldSbUZla3g2b1IxcDFkUVlUTzhtLUZldFRsWmFLY0E?oc=5,Texas AG announces injunction against Xcel Energy for wildfire risk&nbsp;&nbsp;Amarillo Globe-News
2026-08-14,2026-03-29,sector,Xcel Energy,MPR News,Lawmakers want Minnesota to study possibility of building new nuclear plants - MPR News,https://news.google.com/rss/articles/CBMimwFBVV95cUxONHpFLWw3NFJBbllhVEt3bEM3S2x1VFBXaTN4a0Q0TlFWYmVzbkhrNTV6SVJ6bEt6TzN1VldTZ0VXNjIteS1KVUt3aG1YcllnaXFSNXltU2NKNzJNMFdiZnh4Z3dBU0VxOFEyS2ZvMUdsUFgwNzQ4bUQ1cmVfY1h3Snp2OGdLRUNWNzA2Skp6SVl1WkJ4WXFyYXgwdw?oc=5,Lawmakers want Minnesota to study possibility of building new nuclear plants&nbsp;&nbsp;MPR News
2026-08-14,2026-01-28,sector,Xcel Energy,9News,Coloradans voice frustrations over Xcel Energy power shutoffs at virtual town hall - 9News,https://news.google.com/rss/articles/CBMi7gFBVV95cUxNb1B4emtGbDV0WUs2clgtZDVjU0cycDVzRUJNbFRMcDhaM2hZVHM4UHVrVk83YmtyVVFZSHZiMHFQaTJxQ1dDdVdYeDdmRkJYc1dlaE1rVEl1cldUWWg1d3RIcWFpMjRoNlRNRWhlVmZFaEtBRDliQlN6cl93bkswUXg2UmNpNUI5OHZQZURGNW9DMjN2R1Q5NFJralIxVGJMNWt0YU9OaGdYZmFfOHRwZWNHQkFBN09pUGNjYXlUUm1KY1ZLMnBINVBneWtZSmJNZ25XT3FfNU5wRFJwVDNyeDlaUFlmeGsxU1NTNGRB?oc=5,Coloradans voice frustrations over Xcel Energy power shutoffs at virtual town hall&nbsp;&nbsp;9News
2026-08-14,2026-04-20,sector,Xcel Energy,9News,Xcel Energy plans power shutoff in southern Colorado amid wildfire risk - 9News,https://news.google.com/rss/articles/CBMiywFBVV95cUxQa0FfdkNiMlpUd2p2LTRBcTdSVXNIUHRJVWJJUnNDQ0Jxb3B2V1NGWDhGZWh3VWVQbHB6T3lCLW5FUnNaTTQtcEZvWGJBZDZSSTNIc3VjdTdDTG1TT2xoWEZfOUp5dkdoazk5SjctUzFDdTJjVHFpaTI1WTZTZGdPZHJpRlM0ZWFwV0MtREdVVlVVdWJiR0hrNi11REFUM0tFbEJyZW1iTXRidTdsTFpCZGZ4bXpHSDdrOFBJbXlRam9EMmJKeXlLcjR4dw?oc=5,Xcel Energy plans power shutoff in southern Colorado amid wildfire risk&nbsp;&nbsp;9News
2026-08-14,2026-02-03,sector,Xcel Energy,Business Wire,"Great River Energy, ITC Midwest and Xcel Energy propose 765 kV transmission line project with application for Certificate of Need - Business Wire",https://news.google.com/rss/articles/CBMikwJBVV95cUxNd2NFMDlfMzg1WmtxUzdiaXFaSmVBYmJ1bThXQk1JWF9waTZiVzM0MXFwT3lJOGhncEtJMUdFQ2Q5SUpfWXEtMzI1aHp3dkQzSEhLVmFjR3pDRy1aaG9jYk9IVmxSUC1VWHlwSUJ2MElSTC1XMnFramtwYWdWNkdKSUxNTHQtOHlEN3JCNVpjRlFWS2xHZVB5dU8xMmF5clktdW4yYkdTLWd3Q0doaGx3cGFzMU5LeHA5SmJCNmpaZnR3cko4Z0pKMUtERE13ZWZzZ3VwRUdLMFVHemJmUWdkbGhiWHNsS3NVR09RQnE0NW54WjZ3a25KelUySFhMU2ZRT3g3YTNNTVIxRzZPSHFqek9Jdw?oc=5,"Great River Energy, ITC Midwest and Xcel Energy propose 765 kV transmission line project with application for Certificate of Need&nbsp;&nbsp;Business Wire"
2026-08-14,2025-12-19,sector,Xcel Energy,Denver7,"Xcel Energy hopes power will be restored to ""large number"" of customers by Sunday - Denver7",https://news.google.com/rss/articles/CBMiuwFBVV95cUxNcVhJZ0I2aDlZMnRKa2RYVTlsTzlrNnIwTkFMOVljM2lIX3Vaam43X2tTdjZ6Z1V1MnZ4OWpjOTgxc2laUW9kNEliQ2pzem5SLXZhOXNFQzBWMEtrRVlmUzhicEl1U1hSWVhLMmJtV2lXdE9pODRtaWRNeUdtNXBuZGdUenctMFowUFA1bGRkcUZZSUM2dTlXUjh2OTItV0h5M0FidEhlNXljZ0dQd2Z0Q3NUX0lHZVJ5WWZv?oc=5,"Xcel Energy hopes power will be restored to ""large number"" of customers by Sunday&nbsp;&nbsp;Denver7"
2026-08-14,2025-12-21,sector,Xcel Energy,CBS News,"Colorado Gov. Jared Polis calls for transparency from Xcel as over 57,000 customers still without power - CBS News",https://news.google.com/rss/articles/CBMiqwFBVV95cUxNZmlMMWNsOWp2RWdJSVFLUzNzaGJiM0tYM00tMWwtckhlSjl6X05IRHhMNmxndnptQkE3eUdhVTJIUDI5UjdDQzh4Rnd6OW1aYTVXWVpuZTBGOVRBMFRsOXpfN1ZWX2hwVHRrWkRodUVjVUd6QnhkRC1aYTd2SmdaV01GMVJaWGFQREpmY0dyeGZpaHBiYktqcHpDS1E3OWR4T2lEcXF4cUI1WWPSAbABQVVfeXFMTUcxLWRUNHo2YVg0TmRLTkhJTWdrcDhlYVVkQ3cwc19xZ0w5aWlvRDQweVNqNDRiMDd6VENfaXlhQTVpUFl0S0xKd29FWG1PMEdjSElRYlI2dDhvOHVkN09EQ1FxVGJZSlR4Vl9Ub2RRanBpZ3V0bmFSYVBNTHRCeHRPVFJXUjlNVEl5RE5Cd3hMckx4dXVnQTVNRWVoeEFyQWp3RWFWd0Fnb1FaeU9XMmg?oc=5,"Colorado Gov. Jared Polis calls for transparency from Xcel as over 57,000 customers still without power&nbsp;&nbsp;CBS News"
2026-08-14,2025-11-25,sector,Xcel Energy,WPR,State regulators approve rate hikes for 3 Wisconsin utilities - WPR,https://news.google.com/rss/articles/CBMijwFBVV95cUxQOE1LaFMtVTJsYk9JYjBlVnN6M1dTR2hwQkFaNllCR2VRUUU4NVB3NWhNSkVocHVXNW01S0ZtSWZLWEp1T3BNQkJMNkloMDJoQjN6V0diaTFnYzdlMVZzZVdLZUdULXdPWElSYW16a1JyRGlWcHhwd25FRnVIZ3ZjVVlfcFAtM3ByY28zeFVMUQ?oc=5,State regulators approve rate hikes for 3 Wisconsin utilities&nbsp;&nbsp;WPR
2026-08-14,2025-12-18,sector,Xcel Energy,9News,Customers frustrated as Xcel Energy power shutoffs drag on for some - 9News,https://news.google.com/rss/articles/CBMi4gFBVV95cUxQQ0NoUVNBT19mYTdsdGJENDdvekw5bTZKMlJSYjZHMzVwQzZxNmR3SVVvbGNMa19XczBYS0JpNm5IdWg4bkFUeGx2d1pJeXpYRTNPZnNsWGwza1M5VFVmMFc3YnN4RGx5THVoelFxSlJ6aWJvVEo4LXM0Z2dIY2w4M25aM1gtNllDa0xNZ1V6WDU4THM2Y2VDdkdXeDB5Zi1hQVpUd0RlQ0hibGM1bUFvNHRFN2lsaGxBWVZJQlNobVRRcS1uMm8tdTJyRnp0WEVDeERSZDFLekx4MmlQR2U3Z2N3?oc=5,Customers frustrated as Xcel Energy power shutoffs drag on for some&nbsp;&nbsp;9News
2026-08-14,2025-10-08,sector,Xcel Energy,Energy-Storage.News,Xcel Energy proposes 200MW distributed battery storage network in Minnesota - Energy-Storage.News,https://news.google.com/rss/articles/CBMinAFBVV95cUxOT2ducU9obXFYME9Qb1pzNnpsZEdiN3IwWXE5eGl0YmxKNkF3c2JDQ09SUzFpSThQTzdzS2tVYTRtb29ydGZycWw3YWR2aXVKU2F3cG9JYTVQeDJ3ZlhPd1c2bUlHOXVyN2tOaFRtZkliZHdEVUdzWEV3TWs4ZlR0TEpEZ0U2LU56OFo4ZDhPcEpHVHZXMENqUXdhMmE?oc=5,Xcel Energy proposes 200MW distributed battery storage network in Minnesota&nbsp;&nbsp;Energy-Storage.News
2026-08-14,2026-08-11,sector,Evergy,Utility Dive,Evergy has 3 GW of large loads signed and a 5-GW generation pipeline - Utility Dive,https://news.google.com/rss/articles/CBMiigFBVV95cUxQSU9XTURYYlpYX0ZmVm94cnktaFJ5RElHMHpTNlhwTUVmMDZ3LVViOER4V1ZWNkJtQi1GYXVFV2UyNDcwNUZ6MEVTd1YyOG9taVlhLTNpMC1FS3lmelRkREVSZTQzTlJzNXNjSGc4OGhWNC1nQnpWOHRBaTQxWVlZbk5mUm1wSW9KdWc?oc=5,Evergy has 3 GW of large loads signed and a 5-GW generation pipeline&nbsp;&nbsp;Utility Dive
2026-08-14,2026-08-11,sector,Evergy,MLive.com,Regulators call on Michigan to stop ‘endless’ cycle of yearly utility rate hikes - MLive.com,https://news.google.com/rss/articles/CBMiugFBVV95cUxNQkJhdEw2S3VRdXJFcHBnZHZZUkJFYVNUaHgwSUt5VGY0THhFeUM2N3p1V1pNOE5IZTR6SEhfSWRwWUo3TkFaWGUxZGJCTzFyTXNrZGhfZEtUVEpQNUM3WElfWHg5X1VQVndMQ1kyOVg1VlNFZWpYT3F2N1lUeGhBcHBsbllMZThWb0tXNW83b21tVUxvNUFSZnhoZXF6WFY0b3RCZl8yc01iTTlzS3RUUnFsYTIwLWIzRVHSAc4BQVVfeXFMT2UxcjlzbzNTV0JXY0JDc0t3YzZGYVlaekhLcFV2c2s0MDFod2VqbEFuNFpTN2ZGLTVGQVlrbm81QUJmOWhuVlN6WWdFOHRDeTNyMXdfXzdjY0hZakdmUHc3V01HZ0k1RGZ0bTJFWjFnTHBHZy1MUEdleEhwelFIY0x5WEEtZUZWcDltcGhITU05eE9aMUIwMWJVazBNZ2h3RGQxc0NSQUFtNVlRMkg2OHNUQ29aLUsxeDdxV1pGTTVhM1dHaTFmdm9mcDFIc1E?oc=5,Regulators call on Michigan to stop ‘endless’ cycle of yearly utility rate hikes&nbsp;&nbsp;MLive.com
2026-08-14,2026-07-22,sector,Evergy,The Topeka Capital-Journal,Evergy says data centers mean lower electric rates in Kansas | Exclusive - The Topeka Capital-Journal,https://news.google.com/rss/articles/CBMi5AFBVV95cUxQNXIyLVNrODZoZDk3MnhuRVBvdktTYUJWNzdHYngwRFJScU9RN0VncEtGWEhNWU5iNjRLLWstSlBDcXQyV0J1bjBFY1VudjhPanpXSHI1elBFcTJ5VTU5a1pScjBkdURucVd3WW5iallJcGNRUlpmT1dXSmRhVEQ4V1lKZEd3U2JLRWVTMmthSGlSckFlUlFHZm1TWTc0d0luRE1aT1lmV3dfSi1JdjB0c0c5eDNRS2xxWkxGMFVWdWN4Vi12amUxTXhUMVU4SDlyam9BMXdLMmZtY1pKTUxmd2lQbXE?oc=5,Evergy says data centers mean lower electric rates in Kansas | Exclusive&nbsp;&nbsp;The Topeka Capital-Journal
2026-08-14,2026-07-27,sector,Evergy,Queen City News,Duke Energy utility upgrade concerns - Queen City News,https://news.google.com/rss/articles/CBMigAFBVV95cUxNemxRRUhwSXF2d20ta1I0MlBsR29EeUxsUWlTRUdrTG5ZZ1hhc0RCbXRsMmV1UFZQWXpyYlZlZlppOVV6ZERSM0RhLWtyaWdrN1pYQUVnZlZKT3p1WWlXT2t0MjhmQ0VYMVFBWUpKbHJhOW9JRkNldTV6alNjTkRfUg?oc=5,Duke Energy utility upgrade concerns&nbsp;&nbsp;Queen City News
2026-08-14,2026-07-29,sector,Evergy,Utility Dive,CMS Energy plans to sell renewable assets to focus on regulated utilities - Utility Dive,https://news.google.com/rss/articles/CBMitAFBVV95cUxQam1sTUF0MWczWXA2dnUyXzRqM0w1TGNabThtSC1WenQ4VXpsNjVEdWt2SzdMTHI1dWM3Ui10ZXN6U1ZwejB2czQyMnF0TktGNzJtVzROMlhwVE94U0dNTFdHckh1ZmJiWHNfUGxXY1Q4c013eXZ2MHF2QmV5cHNCS25fMXJJUWhWZW14bGxLaGh0TkFscXh3Z1J3UjI4bEZOMjEzS1pzeWZKbjJZQkNydTBCQ0M?oc=5,CMS Energy plans to sell renewable assets to focus on regulated utilities&nbsp;&nbsp;Utility Dive
2026-08-14,2026-07-25,sector,Evergy,keysnews.com,Jim Marquardt: Candidate for Keys Energy Utility Board - keysnews.com,https://news.google.com/rss/articles/CBMizgFBVV95cUxOS2lhVkF6V0tjU19zaG1tb29IQUR1Z3JsSTJPRWhDdWtYM2RETmtPMXFEc3RZR2NXaktSVGJ0aXU5YUhaaFpOQ0xhX0xFRjUxTy11Vm5LMWZoUUpZREoyWEo2MGtfQVplTGgwUl9JUGIycnc2TkxKemg2UklvTGlHQ2NlVTJsMmVSS1M2NHo5eDgxaGZfS0pjM280cEtZWFdpT2hOMVBQUEZLSlp0eWZla25YV0V0VnFTLXN2THBzclNYLXBib2RNSEYzYmtDdw?oc=5,Jim Marquardt: Candidate for Keys Energy Utility Board&nbsp;&nbsp;keysnews.com
2026-08-14,2026-07-09,sector,Evergy,Inside Climate News,"Even With Tariffs and Tax Changes, Solar Power Is Soaring - Inside Climate News",https://news.google.com/rss/articles/CBMilwFBVV95cUxPMy1ZVldWMWY1TVF0bmQ4MzRHR1ZiOXVQTlZYQmtTbktJY05DNWVFaXUzOGpGd29uM2c4SWZ0SGt2REdLdDJBUHB4YUNfcy13LVBGcXBGT1RJQmNlbDBHWW9UbUJKMTFvQ2dITmZiV2FWWkV0dTZQTEtGaTREcTZOU2kxMW9CZklEWXVIYXVndzRKSllHdk0w?oc=5,"Even With Tariffs and Tax Changes, Solar Power Is Soaring&nbsp;&nbsp;Inside Climate News"
2026-08-14,2026-05-18,sector,Evergy,news.dominionenergy.com,"NextEra Energy and Dominion Energy to Combine, Creating the World's Largest Regulated Electric Utility Business and North America's Premier Energy Infrastructure Platform Benefiting Customers - news.dominionenergy.com",https://news.google.com/rss/articles/CBMiggNBVV95cUxQM2VnWWlWZ2ZIQTRKTUE4bVBLa0xxVG9qeE5Fb0hMVG05ZFJuT1VrWkpXcjVYeWlCaWVPaDNXMGxyV0tWZmNCUUJIX19xWmxzREt1UzJQNjVFNHdINzlJSzUzcHhsTncyZVhLZ2lWdExqY0JZS2FubzJreVNlQkhMVXdMZ2pVYURXTU9PZGo0cEZWcVlOam5venFHZktFNENOeHNWVlJtQlQxSlFQcjJwcjdFdkZFc0xoTHVIYTluMWgzU0l5ZGRralJxT3NRX3pkNnF3dDctMnVULWR0ZnVDSUpNX3oyRFZQZ09GT015Tk5HeEttVGNnWXJsMEJmV3RiOUFKWVpLUlJCcE45Z3hVUGxnY3N5Mm9BbnlZX2tYdkV0eXlIQTVVaVB5MS14ZGF5a3QwcEFYRWRodHNocm93YmRjLWNJYmZNQk9IXzRiZlhnXzM3MEVlOURKLWZiUzFvSnFhcjlra0J3RXg1S0IwX1pYSjVudGpjM1BudDhydXc1UQ?oc=5,"NextEra Energy and Dominion Energy to Combine, Creating the World's Largest Regulated Electric Utility Business and North America's Premier Energy Infrastructure Platform Benefiting Customers&nbsp;&nbsp;news.dominionenergy.com"
2026-08-14,2026-07-01,sector,Evergy,Hunton Andrews Kurth LLP,"Hunton Advises on Evergy Kansas Central, Inc.’s $350M First Mortgage Bonds Offering - Hunton Andrews Kurth LLP",https://news.google.com/rss/articles/CBMirAFBVV95cUxQV2dpaWRNLUhJV1BQNVBqdndEaVdlUDhEMHh1MzdmaUJtUTZFN0FGanNWYXlHUkFZcWJtbi1EQ1g1dzNTMVJvb1VydDdvOHIwaGhCeUZkZjZVaFhqVi1jYUNZVC1lYXluVk9LWW96S29DSjJldDZFQkJzNXFJWHB3dUdNanE2eWZuN0lIaDluQXlQMmxQQnlKYU1Wb2Z4V3owYkljWjN4V3hzNVQy?oc=5,"Hunton Advises on Evergy Kansas Central, Inc.’s $350M First Mortgage Bonds Offering&nbsp;&nbsp;Hunton Andrews Kurth LLP"
2026-08-14,2026-06-05,sector,Evergy,SAP News Center,AI as a Game Changer for the Energy and Utilities Industry - SAP News Center,https://news.google.com/rss/articles/CBMie0FVX3lxTE1vdkxXVVlUY00yUVBHOXpkdXpJLVBUcXNxZ0xBMEg5aWFIc3czbW1SS2NfXzhwb2hSQ3kyYjA0Tnl1MU91MXV4bzlTYkZCdGVaLUQzTHMxZEhlSnMzRFVlSUdVaFpleHZzTThoMi1sd28yUEJPc3FuMFlwbw?oc=5,AI as a Game Changer for the Energy and Utilities Industry&nbsp;&nbsp;SAP News Center
2026-08-14,2026-06-23,sector,Evergy,WUNC News,Duke Energy takes rare step of lowering a rate request in front of the N.C. Utilities Commission - WUNC News,https://news.google.com/rss/articles/CBMioAFBVV95cUxOV29jY2E0WTl2a2lCeXFEOU5KR1VBQ3kwaGxhanduVERKNDRVLVJZeVg0aW0xNnZvRkVoa0VubjBVeUlFUVZ4d2Q4ZExwdjdUZjJsVWNid3FWR3U2ZWQxeHhGcXluUW11Zlg0UUxTY2dQblljZWNDb1d6bXYwTkRkamVxRWZDcTRobFFMcnJXT1NnOEp5ZF93aE5wT2xvQ2Jr?oc=5,Duke Energy takes rare step of lowering a rate request in front of the N.C. Utilities Commission&nbsp;&nbsp;WUNC News
2026-08-14,2026-06-05,sector,Evergy,Duke Energy | News Center,"The DOE announces grants for Duke Energy projects, bringing total funding to nearly $96 million - Duke Energy | News Center",https://news.google.com/rss/articles/CBMiywFBVV95cUxPZWxvMjNyS3M5Q0ZGMXZmX2g5S2N3MG1iS01HcXN3eEV2S0g5WG1aclZBU2pqbzVobWlUYjFvU0c3NVJlTXFDa25IaXpDc19XQ3JXMnpvazFfVHlFN3kwNXZVdUM4YzcwSHdOQzFCazdRYUYzZ04xWkNWNzlMMHB0ZDFncWU0Nzg4S0pfcjFXUkhlMUQyaXlodjB1TG02anpXcFBzYWllRlZpLTZGM1lzcFNrczZmN1N4OVZzaG5aclBVTDhoR3I3WDBjWQ?oc=5,"The DOE announces grants for Duke Energy projects, bringing total funding to nearly $96 million&nbsp;&nbsp;Duke Energy | News Center"
2026-08-14,2026-06-07,sector,Evergy,The Michigan Daily,Ann Arbor Sustainable Energy Utility launches pilot program - The Michigan Daily,https://news.google.com/rss/articles/CBMiqAFBVV95cUxOcXdvd1RmLXdVXzZ3VENJTzJtWGhiOG9aQUxzN3JfREN3TEZKaTlUVElUNnFIa1NabmZpMjA2SWVPQ01EaDR4QnBBZnlhb05uQ2VudDdJMEh6V1J4dTFBMU1NTEs2b1NNZWdYaElGeUh0R2I3R2ZYQ2VDSF9HajZCa3dwNGVuVUhxN1lGdFRVd01jSk1idEFRTnFFSl9nQTQtSlpOWTluUGY?oc=5,Ann Arbor Sustainable Energy Utility launches pilot program&nbsp;&nbsp;The Michigan Daily
2026-08-14,2026-06-22,sector,Evergy,Energy-Storage.News,Multi-day energy storage startup Ore Energy signs 1GWh iron-air battery deal with Dutch utility - Energy-Storage.News,https://news.google.com/rss/articles/CBMixwFBVV95cUxPbThSTmhmS3IxV3ZCSThzWFJac1AtNFlMUGo1TjItcHZ3eEU0YjRYc2t5R2VEWll1aXFlcUFuS1VkQmpmTl9KXzlzYkRNZlRDOXpTWXRtNE5lYnIwT2xxbHBLUy1iZC1sMmt3Q1Vfak14RFFjU2tPcTZHUU1DeGJTTEVna3kwUHhlQzlrQ2tKVklfS1dhVUdYeVlKQlMtUXNlM0puWEZ0SVk2YjFnYlBpOTFwbmFtMV9sMmJlam9faTNnTWxrUFVB?oc=5,Multi-day energy storage startup Ore Energy signs 1GWh iron-air battery deal with Dutch utility&nbsp;&nbsp;Energy-Storage.News
2026-08-14,2026-06-23,sector,Evergy,FOX 13 Tampa Bay,Duke Energy takeover proposal - FOX 13 Tampa Bay,https://news.google.com/rss/articles/CBMigAFBVV95cUxPNTdBMHZCNmlmazFLdGxrUVlCbzZBUF9rQVhTRW9faEozZXh0LVM1NnVSSUNZNUdRTmpzRk1NMDdOQlVEdHA5SUtCcnpwZ2p0WVQ5R1p0Q2xGTVE5LXY5VDdxcGF5c0R3YUI0SmJPYVlBV29EckVBRnhubHZxM0MzVNIBhgFBVV95cUxNdWtxOG9Xb0tBWXdfUXZwMTBfTm5sdTN3S29rdmF6QmFTVGpaZE1FRUwtU1lJVGJnREFyNjc5SktkZWJVaWdzdmNaa1d2QUJOMFh1QTFDZmIycnVDNW9LVElXMUgwYmVDeXY0UlNZZTV3ck5YUHA3ZlQ5U3hxNXR4b19EdGtFdw?oc=5,Duke Energy takeover proposal&nbsp;&nbsp;FOX 13 Tampa Bay
2026-08-14,2026-06-05,sector,Evergy,newsfromthestates.com,Kansas legislators push back against federal energy regulators ending competitive bids - newsfromthestates.com,https://news.google.com/rss/articles/CBMixwFBVV95cUxPR3lYSndKSVplUzZUR1JlSWRXci1qMGJ5R0Nmc3NBbTlHdzVpWHJINFFlRHVRZVlxLUhNRzNZQm1xTmlwX0N0QzR2Mm5TTGliQklMTU1EMUlXeGFVYXpRWVZNS1JFTDJuM0lXdVg5RTYyS0J1SkwwV09GWGFsMWRmVXlsaVNLbXFoMTVtSjk3VFRsMXd5VlVicDJSQjVlTGpwRjBoUmJvSmdERGw1MWhWcDJGbHFoUG1oUDhONVB6S25nT1RSV3U0?oc=5,Kansas legislators push back against federal energy regulators ending competitive bids&nbsp;&nbsp;newsfromthestates.com
2026-08-14,2026-05-08,sector,Evergy,Utility Dive,Evergy expects retail sales to rise up to 8% annually on data center growth - Utility Dive,https://news.google.com/rss/articles/CBMiiAFBVV95cUxPczVRSnZvc240WFRjU3pNVjZPSFhqeHZoVGxzRVVlSzNldjJDckR5UHBlRVNiY1lyQ292TkV5cnVjb1h6MFNpbi15R0pZckNKWnlhZnJoYTQ4WkpOd3d5ZzVpemdTWHAwTWJ4eG1nM2dwNnpSbEhDd09rY1pKY0dWaFVyNGVTRDhY?oc=5,Evergy expects retail sales to rise up to 8% annually on data center growth&nbsp;&nbsp;Utility Dive
2026-08-14,2026-08-03,sector,Evergy,Utility Dive,Dominion offshore wind project cost rises nearly $300M - Utility Dive,https://news.google.com/rss/articles/CBMimgFBVV95cUxPRF9vQkg0UFNtWTZPTmZXUUxKVVc0NWtzamJTejV3SnZ6ekJvWVNZNDZmd2dra3A0VDF6V0hQYXBvNVN2S0xabU0ycmhyMDZYa3hqckJmLTV4bWx0aXFySG9GWHdaVndQdWlPNUZoQXFXZzk4aFdtQllHY1pLZDNVTXFmOGZZeUtlYTloNXkyVkFuUnV6YmhkSk93?oc=5,Dominion offshore wind project cost rises nearly $300M&nbsp;&nbsp;Utility Dive
2026-08-14,2026-06-05,sector,Evergy,Utility Dive,"DOE’s Alex Fitzsimmons on energy markets, AI, renewables and more - Utility Dive",https://news.google.com/rss/articles/CBMijwFBVV95cUxPVkVoX1FUQ2JJOTFyUG40SXZpQms0dEtaNkRTWFNRa28tb0VhQWxLbUQwSExvN2hycjNKNGRnVlA2djgxTVZwOU1vQ0hyMkhDcGtpWk03UnF4UEtmdWt1b0ZvdVc4aGNQM0hBVnBBUFFqcTFHalVNSlY2YXFhNXl6WUFnMXo1RkFfVmxWblZadw?oc=5,"DOE’s Alex Fitzsimmons on energy markets, AI, renewables and more&nbsp;&nbsp;Utility Dive"
2026-08-14,2026-06-23,sector,Evergy,Utility Dive,Power plants under DOE emergency orders are producing way less energy than before - Utility Dive,https://news.google.com/rss/articles/CBMilAFBVV95cUxQS1ZlY3Q2X0JoU2dEWFZTY3ZteUtmazRHN3pjNUdkZ0V4SjhGTk43dkM5a3FmclFIakhaTnQ5dDliLVRUeU1Qanp6VDRPZ01HU3E0bTFRaXJoUzVVbTVIbUk3cVBCa1JjdkNTcHBmeExsYmRXQ1BjSDZ2d0RkanFJcnp1TEpVSDZkUExEcGJjS3dXeVpk?oc=5,Power plants under DOE emergency orders are producing way less energy than before&nbsp;&nbsp;Utility Dive
2026-08-14,2026-05-21,sector,Evergy,KSNT 27 News,"Electricity rates, utility discussed over proposed data center in Pottawatomie County - KSNT 27 News",https://news.google.com/rss/articles/CBMivwFBVV95cUxPak8ySnBRdHloOG5hWlBPcUVhN05nS2FLVDNZdndrTW5McjZmY1llZjJ4VXg2bjhOdktFZFhPdW1CM0xFRmxhaXJ6U2NwM09VZXowaWVPVnAxRHJVWnhkTmtqZWlwN0ZiSnB6QzBIcFRvN3RKbXE0c0JWcl9pQ01nOWNhZThVekZnT2dTYmpTOHJNSnRNclZ3YWo0LVRrZ0J4VzcwR1dWVGoySi00V3Bya2NwY2pTckhrMllfXy1vQdIBxAFBVV95cUxORWwyS0hoSm50UV9vZms0NlRqRV9Fdm1uYld2V0N3eThmbWxTMWd3RXJPeUtzRjMxN0hOc0ZNRndnalZUOWpkSzB6V0NtNEs2OHFWNlJvVjNKdTQtdXNoTFdveFNFYktLaF9tclBZQ1BpUjhrbkFTXzJrMVJkQXVjQWxFZEpPbWktLVVNUzhqb256Z1FvX2hIZDRXOUFjWC01RFExQUhYR0QyTF9aQ1hMV1VsWHJiLXd0ejJoT3pCVmtmQ3lq?oc=5,"Electricity rates, utility discussed over proposed data center in Pottawatomie County&nbsp;&nbsp;KSNT 27 News"
2026-08-14,2026-05-29,sector,Evergy,Duke Energy | News Center,Duke Energy Florida implements third rate reduction to lower residential customer bills by approximately 25% in 2026 - Duke Energy | News Center,https://news.google.com/rss/articles/CBMi6AFBVV95cUxPeUVhZ2xoUHJQbGxTVS05U1lFUlAtbEVtWUE5bXJIcVAzSmhKeUt3Ui1EN1hmZTZwQWlidlZiSlRWcVpETXYwbU54aW81eUFXcHVxcGVHWXJQdWlVbEpwRFJ0VldWYzYxSjY3eEQ1X3BtUk9tNEhuRnZjQ1BlVnM1VVpPbEZ4M3E3VXJEZUVkRWlXMFh0anlyaDI5SEs3ZUNtQ29yNTNvNFlPQlVOT2tNZXdKek95cmNqeFRDdnBSUGJwZjNRV29wMzFhNmV6SVZZMUF5UTlIaDJRZWJqMWlQdXJTUUVSODYx?oc=5,Duke Energy Florida implements third rate reduction to lower residential customer bills by approximately 25% in 2026&nbsp;&nbsp;Duke Energy | News Center
2026-08-14,2026-06-16,sector,Evergy,KOAM News Now,Utility companies provide updates following power outages - KOAM News Now,https://news.google.com/rss/articles/CBMi5wFBVV95cUxNbjRWMjdnWXE4czUtclJiWWhNWmxaZTQ0dzhxYkcyZEFFZ25SRWdBRW5WUkhBQmlxNkw1QnJUWjVHUU9kMmRLR0xRaThwQWVCVy03ajBrLTByWVY1T01ySTJONW9zYkt0dUhaeVVEWmhId2JUc1lFRkdLZG9ZbXpDUzlHdk41WWhfNi1jYlBhbHRIdkRES283bTN0eWU2SDV5WkNabjVnT3AtWTJjNWgxaDBLZEZxazJDOG1iMUh0U203YXJNclgzYU1KVXJac3kwLUgtVkVReHRyZTZ6QTNJSUFCRHVETXc?oc=5,Utility companies provide updates following power outages&nbsp;&nbsp;KOAM News Now
2026-08-14,2026-05-21,sector,Evergy,Utility Dive,Nuclear fuel is the weak link in US energy security: Centrus CMO - Utility Dive,https://news.google.com/rss/articles/CBMimAFBVV95cUxOZnBxUEJXX0FlMXdob1l0TkNCX1Yya1hoSl9vNUFRbzhBVzdsMUJ5MU1icHk3dTlqQ3VDdGVXSllUX3oxN1h1Y1dibUJ4Wmd1OW5YVXB6a0ItMkxaU0M5VTc0SU5YM3RqWWprNE85TjBDSEtkNDN5cVFNOW1kTFFhdTVLTVhwSHFoVnVkRWQtcjBJaXN6eTJtTw?oc=5,Nuclear fuel is the weak link in US energy security: Centrus CMO&nbsp;&nbsp;Utility Dive
2026-08-14,2026-05-18,sector,Evergy,The Well News,"NextEra Energy, Dominion Announce Utility Megamerger - The Well News",https://news.google.com/rss/articles/CBMilAFBVV95cUxQLXVtd3ZYVmNTazhraGtmcm5HcGRNWDlwNWFzWS1mV29QS29NSmZPTjdyWk1pZlpWcDMyUV82WFZXWDJaS1dQb1VFc1c5VmtYX2VzS09Pa1FFcjJxeG9vUkdTcW9SY0FtSUNJZkhCSnViWlM1YlNrekp1dXAwcVM4dVYzMVZ1RGd5U09wWEprTmw4R0JJ?oc=5,"NextEra Energy, Dominion Announce Utility Megamerger&nbsp;&nbsp;The Well News"
2026-08-14,2026-07-06,sector,Evergy,Business Wire,Blackstone Energy Transition Partners Announces Agreement to Acquire Dresser Utility Solutions from First Reserve - Business Wire,https://news.google.com/rss/articles/CBMi_wFBVV95cUxPNm1fSkpHVkpyanE4TkhNOVVSZEluMTItbXRCRWR5WXg3Z09SYktSUmVENmxZQkd3dEs0dTV3a2t3UHQ3bi1rTi1MY3lvWUJTcFVOREhJTVV4VE4zdGxfVzMyc1I2YXpOamR3dGh0ZE1XUG9peTdhXzU0TGVDTFBtczFzZzF4bVRWejFIelBpQnNUa0pDdEtqdm1Ic0E5MGZUZ25HYUFwYzNERUplU19FUXI3eHE3akd1NHUxN3VPckN2YVpmRmxwcFFlRmxKTnJ3dnZ1ODZ0cFBYcEdDamctMXF4M2d4OVA3ZzlSZmp4YmV6Mmswb0VrZ1FFVFFDdnc?oc=5,Blackstone Energy Transition Partners Announces Agreement to Acquire Dresser Utility Solutions from First Reserve&nbsp;&nbsp;Business Wire
2026-08-14,2026-04-22,sector,Evergy,Utility Dive,Alaska’s energy challenges require a national response - Utility Dive,https://news.google.com/rss/articles/CBMikgFBVV95cUxQVXBzTnBlX0dlY2lPMW9iQlBLTHVxdDBQcFRaMk16aXhfVjdOZTVkSGtGQWhNXy10Zk9fMmJ2SXZDSFdoS0VoQmlfV0ExWHJvb3pCWXFsSDdsU05ueDF1bWtTWTNXT2w1d3hCTFhPbXNIRjM2SldjYlBoQ0VwMklPeEpXMkpZTno5dzVpZGhXTUZ0QQ?oc=5,Alaska’s energy challenges require a national response&nbsp;&nbsp;Utility Dive
2026-08-14,2026-05-20,sector,Evergy,WEMU,Ann Arbor's Sustainable Energy Utility laying down groundwork for pilot program - WEMU,https://news.google.com/rss/articles/CBMivAFBVV95cUxPTHAwVzVvbFdTdzgteEFJam5QNW1CV3JDcTRTTUNfTTMwb3FCUVBFSS1JUTJHTjV3eUlteG9IN05WUlFQY3U1UlpxcTN5cHRNeGFuOGI4R1V3RkZmNEIzSHlJMlM4YldaaWRHcWFIY040RHpEMVE0NWo4eHNZTF9xTUd0WEY5bDlpTTljdVNxQTJ4U2REZFpIT05uNDBLb0p0MkVZZ0wtdU1rRDN2NjdxYzZ0bG5jSEU5dVZmQQ?oc=5,Ann Arbor's Sustainable Energy Utility laying down groundwork for pilot program&nbsp;&nbsp;WEMU
2026-08-14,2026-07-15,sector,Evergy,The Guardian,"Over 1,600 energy department webpages on utility bill savings removed as US temperatures soar - The Guardian",https://news.google.com/rss/articles/CBMiqgFBVV95cUxNZERIYlk1Y0M0SEtTc1lhOFp2VUl3UG1pX2NrVWZDX3I0Rl85QmlNbmtycjhjd2U0QjhrYkJWMWpNd2xWMDBQSHBLbGF2NnpBZ0I0REFRMmlCTDNFSzdlOVNTbTY1ZHpUUjlyeHF1MTBJOVVOenloTS1CdkljcFJ3ZVRwYnVoSHRSTGh1TVRPQ0szQy0xTXNEX0x6MS1YV0xmdXNPdkdNc1dLdw?oc=5,"Over 1,600 energy department webpages on utility bill savings removed as US temperatures soar&nbsp;&nbsp;The Guardian"
2026-08-14,2026-04-21,sector,Evergy,General Motors,GM becomes first U.S. automaker to reach 100% renewable energy goal - General Motors,https://news.google.com/rss/articles/CBMipgFBVV95cUxNX1d3d3B3S3ZlQjhFTW5LcTdQcU41clVtU3AtVDZ2VUpoZTJRMGl1VzM0T2d3OE4zWWpYVnlZckhiTEVKX2dYUkxhYVZWSVhULVpJaWVMeVdwWk43S3diX0dhSW1LbWJ3YUtwZWljdGx0UFlHZDBUVkV1MVZ0dDkzM3EyU0UzLWhGTG96NHJkVU9iU1dqbU5jbE1XNkRuSlRRbjZuX01B?oc=5,GM becomes first U.S. automaker to reach 100% renewable energy goal&nbsp;&nbsp;General Motors
2026-08-14,2026-05-15,sector,Evergy,Lawrence Journal-World,Evergy drops plans to end coal burning at Lawrence Energy Center by 2028; not clear when coal burning may stop - Lawrence Journal-World,https://news.google.com/rss/articles/CBMi-AFBVV95cUxORWNHdDUydDZrZVBVV2tMUXZqRkRfUXZxNmJGT3FPdTgzTkp6MGZLbVVQTlc5ZkFEUUQ5MXFna0ZjSnBPclIzTk16Y1k0YlZ5cjV5cWNtNWNvSnNrMFd3ZFM5blBLdFd0eWRuMWVmaGU0SERGeUJqOXpidUpiZFJCS19ET3N1QWhfTVpsSWx3b3pELW5SZVREUkRzUmNJY1F6b0pLc1djSjBVVGU1QWRKQkJhNVd0eEdQeGJNZUhhLTlyTW9fZTZZSnJnV1VWd0VMN2tHblByLVg1THhwZEk0VmNIdUY5aURuX1pQM0NIUXYwLVpQelBjcg?oc=5,Evergy drops plans to end coal burning at Lawrence Energy Center by 2028; not clear when coal burning may stop&nbsp;&nbsp;Lawrence Journal-World
2026-08-14,2026-04-13,sector,Evergy,Oracle,Utilities Achieve Large-Scale Customer Engagement and Results with Oracle - Oracle,https://news.google.com/rss/articles/CBMixAFBVV95cUxOckpWSkdhR0RDS205SmZ1ZHBKcjNvaklyVzJNTDRRSWFOLTBZWDdlV2RIcEtuRDZtbEFobTM5VjFYUEN6ZEJmOEROM0RheHllS2JSbmpkSE5Oa0FfMEdXS09mblpwei0yWlVoQ0FYSnBjeXRCNFp1YVBRTDZnOW53cmtMcG9Yd1JLc2xqZlQ5RWZmSG00dFBxRUxfanI1Y21hSUROanE4RXItVW5oR1lmRXk4UWk5TXFza3g2Z0s4aDB6TGFC?oc=5,Utilities Achieve Large-Scale Customer Engagement and Results with Oracle&nbsp;&nbsp;Oracle
2026-08-14,2026-05-12,sector,Evergy,Utility Dive,Fluence Energy signs master supply agreements with two ‘major’ hyperscalers - Utility Dive,https://news.google.com/rss/articles/CBMitAFBVV95cUxOTnJQa2NYVXlVOEdRbHRtMzJVUUhtTnFMWDZmMGhpTEtEbTI2QjdNLXNvUGNWR0RIc0FPeHBlLU5hbUR5OW5Zb29zb1ZPR2Q4Q2lPUU4xQzNOLVhId2g3MENESVQ1M0lTMzkyNkVsaUpFOTBMY2xOeWlFZWotb3R1M2tYM1N4V1pNaFl1c0dSZ2RfVUR6QXVoQXdMMXFGeVdreXZISUhRV0N5bGFWMGpVWW12Xzc?oc=5,Fluence Energy signs master supply agreements with two ‘major’ hyperscalers&nbsp;&nbsp;Utility Dive
2026-08-14,2026-04-06,sector,Evergy,apnews.com,Low-voltage utility elections face surge of attention as electricity bills rise - apnews.com,https://news.google.com/rss/articles/CBMivwFBVV95cUxObXlOUUhJNkFvcXBRQ0xjUVU5TTJvU0hIV09NR3pHVU4tT1ZLTGFmOVNGeDItYWtKV0ptWTNHRjZLX09DS1VMODNiWm4ycmlpVVdidzc0NTRYTElOdzFQcDR5a2ZoaUZHSlh1clBxal9wRjhVRTNJS1BMMnctMXFTSGV1dDNORFBidjlMSXdJWV9MN1FJT3ZKNEphUXExbUQwak94eDUtTVBSbFI1MnUwcTEyb1JlS1VYeGxOQmptbw?oc=5,Low-voltage utility elections face surge of attention as electricity bills rise&nbsp;&nbsp;apnews.com
2026-08-14,2026-04-29,sector,Evergy,Utility Dive,"Octopus Energy, Lunar Energy roll out battery-enabled electricity plans in Texas - Utility Dive",https://news.google.com/rss/articles/CBMitAFBVV95cUxQN2hjcGhGN2lLMFZRTVlkbHFxY0QwajNUT1RmRWFGZ1pzamFGUTV6Mmtnd1NyMTRTQlEwMGV3ODBTa0NhLUVMcFFiT0ZadmVpNXFQRnZ6X2wwR093M0NvODE1MG44NWNiNTRCeHRWSkpBdEVRM21WamJYbFE2RXEyWk8wekw3NDB1UllvT1d3cVVRbDVabDd5UFo4bTM4cFNaaEpyLTJIY3hMblhSTTNFZnhrclY?oc=5,"Octopus Energy, Lunar Energy roll out battery-enabled electricity plans in Texas&nbsp;&nbsp;Utility Dive"
2026-08-14,2026-05-07,sector,Evergy,Raleigh News & Observer,"What Duke Energy’s upcoming merger means to NC amid spending jump, rate backlash - Raleigh News & Observer",https://news.google.com/rss/articles/CBMickFVX3lxTE1LVVlLX2RnQU1pWk94dERWY01vQlZTZXdDSmh2MFFNb3VoNUdiZndhUjdHNU5IazlqUXR6TmlIN0VSaXIxOUFQY3ZDTThmNjFnMjRkdm1feDM2ZXhqWEF2T21QQmQyUkcyMEk2OUFOTUd6Z9IBckFVX3lxTE04Qjg1YXNvbTJlOUxaWklsZXBKTDRHWXJ3VVNFdHNkeG9EZ2JqQmpmOVdlTU5DMlJqQXMzTkhXVHJBTVB2RGxBTmhmazhqN2N4YlJ5cnNrWkhsdDJMcC1KcFZGLTE2a01EQmlFNjk2WDR1dw?oc=5,"What Duke Energy’s upcoming merger means to NC amid spending jump, rate backlash&nbsp;&nbsp;Raleigh News & Observer"
2026-08-14,2026-02-20,sector,Evergy,Utility Dive,"Evergy’s capital spending plan jumps 24%, to $21.6B, driven by generation - Utility Dive",https://news.google.com/rss/articles/CBMikgFBVV95cUxONDZjcDVjc2oyRkpMMXJWM3JzYjZmVUM2ckk4LVc3Sk1oT2IwOWcwQkRIMUZPTHV3VGxfUm1OSFgyZWxrUEFubFB2bjJ0ZHhEY3p5dGFDUnJSc2NMZzNrd0lLRjJhVlg2ZV83Ykc3V2g5YXdBZE5iLUpzMDUyZEZ0UG9NTUk2VVlmb0pVeVZwRlp5dw?oc=5,"Evergy’s capital spending plan jumps 24%, to $21.6B, driven by generation&nbsp;&nbsp;Utility Dive"
2026-08-14,2026-06-18,sector,Evergy,TradingView,CMS VS EVRG: Which Electric Utility Stock Offers Better Return? - TradingView,https://news.google.com/rss/articles/CBMiuAFBVV95cUxOcVBlLTlWX3MtQm0wdElWclVpa3Z3a0F5MzZ2dkRjWU8yR2hvWXBxVWNYS1FxUklWVXRqT192T1ZrOW9hd2kybnFyWVQ4MVZZblBLZVRYTEVXWGZQbEdtVFNocHdtTTRyQ0duS05QbEh4enV0MTkzT3htSnlDenFPRHlXRlRYRGgtRVFDVXdiWVJFX1g2TENnQWpiZE5IZFZrSURhdnhyZDFmLTdpeXNWalptSXpxNDl3?oc=5,CMS VS EVRG: Which Electric Utility Stock Offers Better Return?&nbsp;&nbsp;TradingView
2026-08-14,2026-05-21,sector,Evergy,MLive.com,"Nearly 1,400 potential customers on waitlist for Ann Arbor’s Sustainable Energy Utility - MLive.com",https://news.google.com/rss/articles/CBMi0AFBVV95cUxOczBGSzEzQTBmbnBOckFobDltcDdwOFBaTWVQbnNDNVlLNjZHckFVU0Fwck5YQjFGemNVVGV2YWRfcWRJYXViaFlOSldSUzd4RDVNRW84cGpBRGdCd1VHNG00Q21mRW1wUkhWOFlvYlhPcXBkOENfOTg4Rk5Nd0xMWFdyZUViVjBEQVF5eHRSeFVwZE1iM0xUeGM3blpPZENJVWlUQkdXZzhxak9TNnljOWE0Mk1qWmJteUVLUUZoelRXdTFXYWNodEtYb3RfVkM30gHkAUFVX3lxTE1GVDY1SUJXbkFFWGdjeVltSWRERDBMZmRCeUwtT3M5T2JlRW54SmQwZ3RBbG9zTGxrX3E5cEV5dkVpVTgxcXNjNlVDZjlIWkVWRUpyX1l1YWhoWDJpUDBtczVnYmFjT3o4SWJqcUpQd2xHZDFEZlJfYWdRRGZsbk1pVjBXVy14RmRycFJjV25IRi11S0JWcE9VNzdHV0NYOTUwXzkyOFNwdWFJbFM0YXZxNWVwV1Vnb3ktQVVwNjdwcHo3QjFtU3ZKVmRxVlh3ODlwMXU1OW05ZzBOTFc3WURaR19PVw?oc=5,"Nearly 1,400 potential customers on waitlist for Ann Arbor’s Sustainable Energy Utility&nbsp;&nbsp;MLive.com"
2026-08-14,2026-04-16,sector,Evergy,WRAL,‘Running out of corners to cut’: NC families struggle as temps and utility bills soar - WRAL,https://news.google.com/rss/articles/CBMirgFBVV95cUxQMGJMODVLcms1NVVjS0JxNV9qVVdwd0lJY2RYZ0VWdTJVZGI1ZGFCWmhwOHNPTU5qNTBrbVVMaTVaSFVOQUd0dmNudkNVeTVKRWdXZXl6Y29UamxwaGtUaWJlRVdKZEx1cVRSdkE4RkxLT3pmd09rN3cxWV80cklUVXFvcmNJMU81MFFURExZZWhFaWVfQWQyWFMyaE9mSW5sT1pJWmVDYVBOSXZiQ2c?oc=5,‘Running out of corners to cut’: NC families struggle as temps and utility bills soar&nbsp;&nbsp;WRAL
2026-08-14,2026-05-13,sector,Evergy,HPPR,Kansas utility regulators stop transmission line path through endangered grasslands - HPPR,https://news.google.com/rss/articles/CBMiwwFBVV95cUxOUGw5U3VQZ3ItR2NFdDMyLTVyYlNFblF4czZCQWRrMk93OC1UY0cwTDZ4RkRFWVlSM09OUmQtNm5tbzdRUnFVU25KZnE3Yk1SeXctYTU4NkNBLTZiakpxTGtHQ3dUZjJ5VTRqTGZZZUF3VklxSWloOXVoWENMNEJIR0huXzBsVGVTTGliMGZidUYwMm9xUEdRMzFySS1kZXF6aDJFby1hOWxtY0Z4bTY5Ti1tRVl1ZTVxZ3dVWEVrMFBKOW8?oc=5,Kansas utility regulators stop transmission line path through endangered grasslands&nbsp;&nbsp;HPPR
2026-08-14,2026-06-05,sector,Evergy,Queen City News,Former Duke Energy employees arrested in nearly $600K power theft - Queen City News,https://news.google.com/rss/articles/CBMixwFBVV95cUxNQlhFcTFwNllaVzVqNHlFMlJjYUFpX2FqVm5nTml6UDFoYmtJd2NMdDY3cnpWVnZ3X0E3bmZVNTFXeHlVd2J5VWJMNjk5UzM0aTJieW03SlR0eEZ4OGxYbGxWX053cHVQSGpOM3drS3ptNEpDVHBwcEotRW5NdktYUUlDMm1YeEdCdHpiQ1F5UXVRZnV4QkxLTFVSa1NOaF9DSWo3M0xab3VUX0N0T241bXlEV3VoMzJ6dFQxV1U1VmdBaHVaT05N?oc=5,Former Duke Energy employees arrested in nearly $600K power theft&nbsp;&nbsp;Queen City News
2026-08-14,2026-05-11,sector,Evergy,CBS 17,"Duke Energy rate adjustment hearing rescheduled due to ‘significant’ security concerns, documents say - CBS 17",https://news.google.com/rss/articles/CBMi7AFBVV95cUxQVzFNSFJTSUlIRnFJTE5xcnlWR0dnekRxbWxFRnFVdmUtMnpudnZtWDUwQ1BOU0VFUmI3SkpsNkYtblFYT1l5VWpHQTJUQ0VsV1A5TnV3Rm5Tem5TeW9CeWhWY0twYXg2SWhJY1gwZ0N5bWdKRHZpSUZJekc3bWFxQXdOTHhUaF93ajBUZlVpTUFjQzVWcnhlZU1vclF2ZVVfVFh6Sl9kSjV0dWhYNnh6aU53ZkFiazkxSW14ZG8wYTBmajQxNVNWejRWYkVjeFhXaTllLUkteTU1dXFCb0d3Y21ZYWNBNUQ2Qm4yNdIB8gFBVV95cUxPRGZzckpnak16ck5fYnYwakgxV3Z5NnBxWGk2X2J6WVRZcUZ6bTJ1Y2JCRVMxcEZEeXpzOEotTkxVU2pfTU40S1BYb05pcXExbVFmdm9CQTJ6U1JtYms1ZW1oSk1tWWlkRTVyeVEtaDFQclpsYU91emdjNVBSbVJaRFNqemF4UkcwRGNFUWp6ejYzSDFsVi1Hc0pLcl9sbl8zOHhWdGRpQkpsRzBwRVI1UjNBS0VXeEU3ZWlzZERYdkpNd1ozTVBDRWlSWllPenAwOV9pT3MtYl9RNjBZUC1HMElGcnlkbnB4Z01qU0VodDBYQQ?oc=5,"Duke Energy rate adjustment hearing rescheduled due to ‘significant’ security concerns, documents say&nbsp;&nbsp;CBS 17"
2026-08-14,2026-03-31,sector,Evergy,Columbia Missourian,Legislators advocate for Senate bill to break up energy monopolies at news conference - Columbia Missourian,https://news.google.com/rss/articles/CBMilAJBVV95cUxQTGRoVHk2TDZlX0NWVHZQRXZ4YXR1QWZaWnRYc2NFMG1LUGFvbkd1dk9VU09Yc3Z0S1FuNTdXTFdtOHNiaGg4MmstcEhoV29zc3RrNHNydmd2RWpwcC1ySnRLSjIxVHZZbHZ0bC1pbWJPUXd4V3JuMkFWUHczLWdhQnBDZVRXZ2pITFZjSFFEcjFHTzV2c3phVnB1V3h4V1JqbFVhVkZIa25ZSTMyTTUtUUhjeHNiMzMyREE2YmJYQ3dxYnpqdEVCQTM2REN5MTB1VFpEMFk1a1JSdDdaaVhpekVJR2hkbnpfX3M1MG9sNndlcGluV1FSeDhPZS1aNTdUSnBWazh3SG8xeFhfR3F3SHJ4aFQ?oc=5,Legislators advocate for Senate bill to break up energy monopolies at news conference&nbsp;&nbsp;Columbia Missourian
2026-08-14,2026-06-18,sector,Evergy,U.S. News - Money,6 Best Energy Stocks for the AI Power Grid Buildout | Investing | U.S. News - U.S. News - Money,https://news.google.com/rss/articles/CBMikwFBVV95cUxNTXMyRUR3RGpDVGVZUkl3aFZSUWFPXzVEMGZjR1h6YkwyT2ZMUXBxM2hNQTFJcTl1U25ybDhpaWNkVVVqcENMVGp3d1pINjdxTXBmZC1iOXZkZnRGTmo1Rkdid0N4QW5nT2ZwX0MwTDhqVlZ2X254UTNjUXp5LWJzREZuQ1pOSWM5MS1YcDRKblZtSkU?oc=5,6 Best Energy Stocks for the AI Power Grid Buildout | Investing | U.S. News&nbsp;&nbsp;U.S. News - Money
2026-08-14,2026-05-18,sector,Evergy,Crude Oil Prices Today | OilPrice.com,NextEra-Dominion Energy Merger To Create World's Largest Electric Utility - Crude Oil Prices Today | OilPrice.com,https://news.google.com/rss/articles/CBMixwFBVV95cUxPM2RoMDBGaHBnSGNzYzZIak9aY29MbXl1ekZEWkN5M08zVlN6eTFKX0t4WUpPOU4wb0NGanVZSXBJYk1sdVgzaTYwLUdYeGlySUFhRDhMOFNRcE5NWlZoQm1oSHY4VUNibWZiRWZ0eldMeHI3QnE2blRqLXlhS2dUbVVXRlJjSTZsMUd5T2NkWHBIVDFGRkloNjR1X3YyNjk1MGlOdnZleDVnY0c3OFhWMG5oNkhIOTliVlBlMkZQSlVNMDk4S09J0gHMAUFVX3lxTFBJZm5XMEdPdWJWX0VHQlBtSDZkb2NzemZVM1VxVnNZYjFIdllLRHZ5eTlTeE9wLVZ0ZlJOdTdpS2RpcUxhaTZSZ3YwOERxazAxZC1pVFFvaTU1NmRjSWpfWS1YVVZZREZaNEtRSVpfaGhjM0l3cHE5Y25VV1Y5dVlMRHpreXBuS1dqeklfTE1heHhGc0ZSSGkzOXQ2QllPZjFSMkNvbVVRZVZUS3Q3RWVaYlhHOUxLTjlDRVpuRlpUeEJpd3F3d2hSd0Y2QQ?oc=5,NextEra-Dominion Energy Merger To Create World's Largest Electric Utility&nbsp;&nbsp;Crude Oil Prices Today | OilPrice.com
2026-08-14,2026-05-13,sector,Evergy,U.S. News - Money,7 Best Energy ETFs to Buy Now - U.S. News - Money,https://news.google.com/rss/articles/CBMifkFVX3lxTE1YaUE2X1loYXhnN2p3Mmh3c0hOaHpuOF9SZ1RaMGEwbkRSc0xZWUU1bU5XYjBra1poVjJsakZUZnA1YktJMEJGRHJxcnUzTFZkQWVXTVlvYnV0R291V1FwaVc5VFpteXc5X0JCNEJuMTRqUWR3aDRlNnhuQlZ5Zw?oc=5,7 Best Energy ETFs to Buy Now&nbsp;&nbsp;U.S. News - Money
2026-08-14,2026-05-28,sector,Evergy,BBC,Canada signs landmark LNG energy deal with Germany - BBC,https://news.google.com/rss/articles/CBMiWkFVX3lxTE9TNzV1MVJadFkyNWRKN1hTbjFqNlpUWHRicWowcElXSkViWEZKdl9EN2ZTNVJrS2FsLVI5blhZekdUUnBSTzJKS0xwVVRmU0p5eWV3bDNQMWFZZw?oc=5,Canada signs landmark LNG energy deal with Germany&nbsp;&nbsp;BBC
2026-08-14,2026-03-10,sector,Evergy,Utility Dive,Long-duration energy storage deployments rose 49% in 2025: WoodMac - Utility Dive,https://news.google.com/rss/articles/CBMiqAFBVV95cUxQMi12c2FtMlgyVUZ6T3h6QXVPN3hpRXhJbnZkM0dnNnBsX3BlMlJ2RlAya2N3Z2JtZjdsTGNDUVM0dkxGeEJMNUhkZ0JUNEhVMlRBcHpwTVpmYW1ablR3aFFGb1Z5bjF2Vm84N0Jyak11N01IYTgzbXJsRDIzd2FxdWRYU0N5cVM0cnNzSzFRMEtHOGlDa0xoRnVDamVYWTBkajdxeVdyR1Q?oc=5,Long-duration energy storage deployments rose 49% in 2025: WoodMac&nbsp;&nbsp;Utility Dive
2026-08-14,2026-03-19,sector,Evergy,Utility Dive,"DOE emergency orders for fossil plants complicate utility planning, experts say - Utility Dive",https://news.google.com/rss/articles/CBMitgFBVV95cUxQRU1NX0J3aGZaR0o4TjUtVnJEVGhBUEhaQTRrTjN6MHJZMExaM01uak9La1JMcU4wWVhBOEZFenJEUHBoVEdJaTJHamt0YWxMOFZUNjBuT0NNek54U25zWU9vTFc2dV9HYm55OGxuWl95RGVkeW9UY0FrZWFhaGc2UkE4T0l4c3c1YVBQNnhSODl0VF80cGU4M2MzSG43ZmtNcXFKM3o2MUZEZFBodlNrVVRLZ21CUQ?oc=5,"DOE emergency orders for fossil plants complicate utility planning, experts say&nbsp;&nbsp;Utility Dive"
2026-08-14,2026-03-23,sector,Evergy,Industrial Info Resources,Berkshire Hathaway Energy Utilities See Modest Gain in Capex Spen... - Industrial Info Resources,https://news.google.com/rss/articles/CBMi1wFBVV95cUxNSmFHay1nWFVPRVJRd2cwdm90TW9SdndOVnY2ZVFJYmc3a3dJZ1h6YjRNeHBOS2NaSFJoUXhFeE1fUmhSZWlRaDF0Z1NORkkyR1RlMklPRkZIQzlVZVRYS2kyZkxoMGc4NHliUHFja3FtbmlSTXl6TFZPNFpWOXY5eUc2ZGV6TlZQTTliSGRCODBJaVVEWlh0aXVnaGhkZ3FIMWpOc182VFJaRmYzVE85X2lyUnM1QlRndTliWm9WT19BZjZyc0NZbl9yTlZENHBFRENIY1llUQ?oc=5,Berkshire Hathaway Energy Utilities See Modest Gain in Capex Spen...&nbsp;&nbsp;Industrial Info Resources
2026-08-14,2026-04-16,sector,Evergy,Utility Dive,FERC orders American Efficient to pay $1.1B for ‘brazen fraud’ - Utility Dive,https://news.google.com/rss/articles/CBMioAFBVV95cUxOVF9iZXI3VUZ0TWUzRUhRRmNGbDdQWFpFTW9fNHcxLW0xVXl2WTJqS1M2WTRoQTZWT0t0X0RkaXFtY2FheThiNjZGRkk0aTNQcTUySVJJckl2UFZ3Q3lWN2puZlBEUWpTVE9yaGJVZW1WakJHaVE1dXdMTGN2QUE1c25IZWVNY0ItVjkwN3JqVlk4LXRieFNadGR4WW1fNEtW?oc=5,FERC orders American Efficient to pay $1.1B for ‘brazen fraud’&nbsp;&nbsp;Utility Dive
2026-08-14,2026-03-30,sector,Evergy,WRAL,Duke Energy seeks rate hike as customers push back on rising bills - WRAL,https://news.google.com/rss/articles/CBMilwFBVV95cUxOMk9Nb3hRV0lsOFNwSUpxZFB5OGwyS05JVXlCcDQxVnJUQy1IbExRNWdfRWZ3dGNiNWxXSmxkT2tFUldldHlOSDhySlJlcjBnXzc4NXZKYjF4WWdCZDg4Y010Z0pWWlpSTDlERlFEUzZYcmdJM0tvWndvcG9iZjlPRzQwSWt6Y0JSUmkwY2VjQmE5RkdZZy1F?oc=5,Duke Energy seeks rate hike as customers push back on rising bills&nbsp;&nbsp;WRAL
2026-08-14,2026-03-05,sector,Evergy,Inside Climate News,How Will the War in Iran Affect Your Utility Bills? - Inside Climate News,https://news.google.com/rss/articles/CBMie0FVX3lxTE82QnduYzV3azgwa0Y3OWRlenJzcHNwWWxnbmRIUXRxeWFlc0REelBRSTFGYWM4UmZtNEl2dnl3Vkc1YllJSEdsVzEtbG5ZWjNPTmpKQ0duZEx3MXJDYm1YTXp0UmU2RWR2MmYzclI2b2xVTlA0bm5HOE84UQ?oc=5,How Will the War in Iran Affect Your Utility Bills?&nbsp;&nbsp;Inside Climate News
2026-08-14,2026-03-04,sector,Evergy,KBIA,Shopping around for power: Bill aims to break up electric utilities - KBIA,https://news.google.com/rss/articles/CBMirAFBVV95cUxNSmZxdXdFa3NzbG1fcXM2OVpCLVd5Sjl2YnY2cE8tNU1PbF9NZUx6aFFfQm81aGRUM3hQdDFxN3B3cWhSX3h1LUhxajZYWXpDN3VYZUtoN18yeHg1Nk1BZlNPcUFodGF2TDEwT1lINDVlZGdVaW12T1pLOUhGMmFET09WU0FVcGVxdGpDOTU2NWRrdEgtQkZWTFhLNE9ISzBEdU9hZEhXLUhjWFNP?oc=5,Shopping around for power: Bill aims to break up electric utilities&nbsp;&nbsp;KBIA
2026-08-14,2026-03-27,sector,Evergy,Prairie Public Broadcasting,MN tribe and rural power cooperative in dispute over renewable energy autonomy - Prairie Public Broadcasting,https://news.google.com/rss/articles/CBMiywFBVV95cUxQbjg0WmZmX2VrOVZnT3hieGExemVxYmFGMUd3N2tiVFFWYmJCa09LNzhiS3FxcmIybTFqd01tOXltaE9wZnBCY201TjU3QzVoRFJiYWFmRklGMWF0NWdHRDFIQ3hocGlUWUZXRTJJdEdVUlVySXdfNzhIQl9KbXhNTkp0MUo5ek56eFpzT3cyUHB6Y25xS0JvMzB3NnlDZHo4TXJsaGZyR0p4YTJQMzZOS1g3RzBxbmlzSE5TdmVPQjF4cDM4c0cyYXRGRQ?oc=5,MN tribe and rural power cooperative in dispute over renewable energy autonomy&nbsp;&nbsp;Prairie Public Broadcasting
2026-08-14,2026-04-17,sector,Evergy,Energy-Storage.News,Akaysha inks deal with Copenhagen Energy for ‘mega-scale’ battery storage projects in Germany - Energy-Storage.News,https://news.google.com/rss/articles/CBMiwgFBVV95cUxOSUZzcU9hU0RVR0tNSVktb2szXzh2ZzBFMVRaektJSnp2NVh5bGNpZW1MTUYyWnNZbjRjYklDamlLdjhDZEFtSFhoSU56YktiLUNzNU9SSWtHVXVKSEVzM3h2bldoak05MXFnZVd3WEo3SnAtbWtDUzZSeEZJRHQ4UDc0bFRtQ2R0VUFZTGRiMmJhaVo3UmJKc0VGdnRmWXpuQ0MwWXBkNzh0Y3lEcl80WDc3ZXRuM3NZdXFDd1o1Y3JTQQ?oc=5,Akaysha inks deal with Copenhagen Energy for ‘mega-scale’ battery storage projects in Germany&nbsp;&nbsp;Energy-Storage.News
2026-08-14,2026-03-14,sector,Evergy,MPR News,New solar co-op program launches in northcentral MN as bulwark against energy utilities - MPR News,https://news.google.com/rss/articles/CBMixgFBVV95cUxPV0lybURCZ3BBSXpSOERtNDIzUHEyb3pyTW9JX3ZteERwZldnbjRKeHg4SW5GRmJSVHJlWFViRW5sTk9CX1prR0pHMlA4Vm1iTnpEU3lxLWJLS0I1ak1STUJqOFZrZVhCeFlzOGx6emtHRXBPUWYwZldMdjJCWTl6eHh4dnZPTWdJNktEU2N0TnJUQ0NsS28yTkpmVU1UWlFkcFBkODdzMERCT0laQll3YWV3bXVtdEpjd2dHMjdYak9id2pvUGc?oc=5,New solar co-op program launches in northcentral MN as bulwark against energy utilities&nbsp;&nbsp;MPR News
2026-08-14,2026-04-02,sector,Evergy,newsfromthestates.com,NorthWestern Energy files data center tariff proposal - newsfromthestates.com,https://news.google.com/rss/articles/CBMimwFBVV95cUxNSWtZUzRfRHkwYkFkZmd2X1QtNThDNnVDQjh4UWhBWDlzbmFjZkhTbGpMWU9iRGJfZDJwV3dwT3d1elB1MG1tTXFxem1wTzdmYVE5ODBHeXBzY3RnR3FOVEp4Vi1veEFKQ050Y09hMHZXal9wRV9LMm9JNFhDUEpPcTJkR1pmLTN5TGR6bTc3bkt1d1p5UU1xMU9UZw?oc=5,NorthWestern Energy files data center tariff proposal&nbsp;&nbsp;newsfromthestates.com
2026-08-14,2026-06-01,sector,Evergy,MLive.com,Higher summer peak electric rates go into effect for millions in Michigan - MLive.com,https://news.google.com/rss/articles/CBMiswFBVV95cUxOenI5VGxKYjF4NmJMQ1owUUdvamh4V0VXMmh0TUdiNkVGVE0waVJ1QVlaUTJNUWdkbmZVNUZ2TDY2dUlXdTBYMDhTUk9FNGNFNUh3alRzSkdOUlliRUxvNmJ5TkxJTW5COVc3eHpBNVAtSGZzVkRCQzE3SnJxTEVxMEhxWGEzQ1lUYWJCdmRqM1FnWnpzNW9vODVmSWpOV29NcTlnQmllUFdYTUtmWVRBYVpEWdIBxwFBVV95cUxPcUp3ZkJxLUVNYTJpQkhqLWk0QlZJbFFvcUVmWTh2NjhhbktYT3YtT1Jfel9qd3BtN3h4VTBGaG5sOWg5dlg0RmlLU00xMlZwbkJaR0NpSDU5c0V5LTdtWjBrTHd5NEZEejZKc0U5ZDN0Ry1veWdVU09EQkhkUE1EZV8zZzhnWDFBcTRoUHJvdDhqdmdLV1NDSjFfRmVzMmd3MWdnUmJZNFV5Q1hYemM4SmhIa2w0QV9SeFYwTnRkSFphVmhpbEhF?oc=5,Higher summer peak electric rates go into effect for millions in Michigan&nbsp;&nbsp;MLive.com
2026-08-14,2026-05-19,sector,Evergy,Reuters,Germany kicks off sales process of bailed-out energy firm Uniper - Reuters,https://news.google.com/rss/articles/CBMiuAFBVV95cUxPYzFsRk9iVTJsQzNJcXhBSFUxSkNqd0xUTVVuY1pnZC1HYWhqaFVObUE2T1dSc1B2QTBJNERnWkZ0dWZVVW9rMkMwOV9ZU214ZUxKTkhQbm16U2tqUUJSNEtlZmdqRnV0YjgzRERpOVJOWFFFbXZSbnRlc28yS0NQeHpTMDR0VXNRSDZ5Qmk3ZHl1ZnF2VmJsbFNIbHZzaFpHWnV5aU11REYxSUJ1ZC1EV081R1VGWXRS?oc=5,Germany kicks off sales process of bailed-out energy firm Uniper&nbsp;&nbsp;Reuters
2026-08-14,2026-03-18,sector,Evergy,MLive.com,Ann Arbor making big purchases to launch new sustainable energy utility - MLive.com,https://news.google.com/rss/articles/CBMivgFBVV95cUxQMHNLb2JQUzdDUVhPRGZvRmpEN2w0dTlILVJSY09RMlJjeW4xM2JsMGFiS0RpQUZqRUhzWUZReXI1czV1Z0cyX2loNi1aNGhuSVZKWjBLRUJpNjJDSEV0MXhaUmFGVHcwbkIxSGRjdFBxRFpobmJkdG0yOHA1OE9ncVY4RVhkTjdoQXVSYURFNjRSamRmMEFnQ25IZ3hLZHhjNVNBYndxTGp4OFhhWmZEWXh3NG5yeFJuMjlqV1R30gHSAUFVX3lxTE5NRnFRamwxaGp6am5wMGxRVG1UX1Y3czJFdTVZcUs1MFNZS1g0d2JhMEtqWmRzM2lFQU1RWDdsRHItQ2tKeUNEaEZzYzZZUmRCVjNDeXVYbEJjZXRxangtVXRWV1M4R0J2N1BrekYyV1FaS1dMYi1MSmRTZzU1am5HSWhqX0lLQm92dmFFcU1YWVhiLWhCTHF5LVZfcmw4M3M2UjExMjRrTmhfaFJVTTV6YjlrVS0wc3Q5X0p4MTNyLUM4SWY5WVVGX0IzVnl5TEpZUQ?oc=5,Ann Arbor making big purchases to launch new sustainable energy utility&nbsp;&nbsp;MLive.com
2026-08-14,2026-04-21,sector,Evergy,BleepingComputer,"New Lotus data wiper used against Venezuelan energy, utility firms - BleepingComputer",https://news.google.com/rss/articles/CBMiswFBVV95cUxNQTBGREltUFpvRkxvdUFQVFpyY3AtRFMzcWlaTzdWODdYZjEyS2xHNDByUjUyOUVNUnphdU1LY0pHUWkxU1FsZzZDeURldnR4YjBNTXREelFFWjB5Q3NQTVUyWnAwa3ZWajN2M0tPZ1lGaXV5ZkVQZ3NoeUk4bXJheU9VQzZueVdCNmgxa2E4eUhUdmJIY3UybkhxZmZRd1AwT19PNnBQRlMxOTVWOXNISnpWSdIBuAFBVV95cUxPX3VQRU56dlhTLUdFWkh2djlKalBnZlYxdXh4c2ZYTV81eTVuTzNYVHY5ZTVqVWRTbkFMZ0NBRlRzb2w5MEd4aE4wdVRUS2VwNzM5b3BGcUhtUDZkMVB2czZEVGRqeVFPZk1WV1p1RXR1Z2NzMmVuSnRCUWlCekVHN19NUTZQVzRwd0FPYmNKMDI5Z1QzdktyaEJabzN3djJBdy1wdTB1dTlJQS11T3FjSTk5NnhpNUZF?oc=5,"New Lotus data wiper used against Venezuelan energy, utility firms&nbsp;&nbsp;BleepingComputer"
2026-08-14,2026-03-19,sector,Evergy,WRAL,Duke Energy customers speak out over spike in utility bills - WRAL,https://news.google.com/rss/articles/CBMijAFBVV95cUxQWmhZcVkteHA3ZjJBZmpqbDJSY3dsLWp5WDY3ZU5uYlZlZWNfOUdSTGxkT3pfNFZ1UDQybHM4RDNkb1VWT2NEem9vQnl6T0NfV1QzTzg1dFZmOTJvVldwS2dSN1RLZ2dUM3ZKSm8yY3E4clZUWFZPNW5CR1RsSkFtZ1VQVUJicHI4MDRMZg?oc=5,Duke Energy customers speak out over spike in utility bills&nbsp;&nbsp;WRAL
2026-08-14,2026-04-22,sector,Evergy,The Hacker News,Lotus Wiper Malware Targets Venezuelan Energy Systems in Destructive Attack - The Hacker News,https://news.google.com/rss/articles/CBMigwFBVV95cUxPb3RuZDIxUnJmYUk1MVk4MHBKY3I4RXF3ckdUNlZ5c3FZQk11YlBhdFh2TUxRWUl1alFqWjV4cDNSWGg0RHp4WUN0SW1kYlBiUlE4OHZmOHN3RVc0U21rTmMzNnd1Q25UNk9OX3RWM1Bfd0wxUWdHQXU0Uy1melFmSGwzaw?oc=5,Lotus Wiper Malware Targets Venezuelan Energy Systems in Destructive Attack&nbsp;&nbsp;The Hacker News
2026-08-14,2026-02-24,sector,Evergy,Utility Dive,"Dominion Energy details its $65B, 5-year spending plan - Utility Dive",https://news.google.com/rss/articles/CBMimAFBVV95cUxNT3RnNktCT1NKY1VtSFVZekpzZWg2Uk96X2Z1Rng5amlpaV9BTTE3TjBSQ1dqMGVLSHp3NDRwTURRd1p6RU10cGF3V1pOM3QtbjVMNGc1bEtuZlFEVGlVZGtuQUFKNTVTdFM5TTlvcHFRLW9udjg2ZGVTbktJMElra1dKOTNrX29kdHpTZGdoYVV4bmVPbG9Iag?oc=5,"Dominion Energy details its $65B, 5-year spending plan&nbsp;&nbsp;Utility Dive"
2026-08-14,2026-03-04,sector,Evergy,Shreveport Times,Louisiana's 'Lightning Speed Amendment' could cost utility customers - Shreveport Times,https://news.google.com/rss/articles/CBMi9wFBVV95cUxNak55M2Q2WUxNNDV4ZHU2UEE1SldXQ01saEI2UVYxRUNBejBpczgwQWxSVnlQYkdBcG1WMGZoSGtuZVpXcTd3aktjeU9nV0pmaWlRbW44QnNLdnZRdkt2Vm5fbFZQWTFYSTFUMl9EZW9Bd3ZZd0Y3eWluM1N3VElWSTVSTkdsTzdyNVZ1VW8tdXhhaEt2bUxGZFpWTEFvVkJFejBwQnR1dVBlREszdzJWcTJScWI4RDZtOTcxWHRmZjF2NTFncE12VUlrenJKaXJwZVRhbkJQdTlzU1dSLW9GYjFTd3VYZWt2cXJSLUF4ZlFqbnVHSUUw?oc=5,Louisiana's 'Lightning Speed Amendment' could cost utility customers&nbsp;&nbsp;Shreveport Times
2026-08-14,2026-03-09,sector,Evergy,WTKR,Why is my Dominion energy bill so high? What's behind the 2026 increase - WTKR,https://news.google.com/rss/articles/CBMimwFBVV95cUxPQUl1YzBLb0tFd3htSWhKemNpMS1mYUF5bWE3UGRSN2tRZ0xxLXlzNXRFOG9OM3VLdnE1Sm5QSlZZNlR4Y2dOeDl1Y2tabTNoN3VXUlN4WHBIeFZNMVhzeEhsa2hQZ2JTT0ptTDUxMHhZZmRfZFlkU21ORGhLU0FNSUJtNS1EZWtIQmZrTVRlbnIycE1uYzFwdWxmdw?oc=5,Why is my Dominion energy bill so high? What's behind the 2026 increase&nbsp;&nbsp;WTKR
2026-08-14,2026-03-02,sector,Evergy,Indiana Capital Chronicle,AES Indiana’s parent company to go private in BlackRock-led $33B deal - Indiana Capital Chronicle,https://news.google.com/rss/articles/CBMiygFBVV95cUxQY2NONnFEMlBsRmoyVS1WZmlNTGp3c3NMTFM3MDBTMF9vT3ZQUXZsUEhxcm56WGdJV255bFRiaW94aDd4S0hLUkw0eVhkRW5RVjhkUTNrNUt4N3RwQlU2b3BpQS1wOWtvWUsyRE1rX0NrblBEZnpQSWVMM09XU2VUdkN1Z0U4ZTE3bHJaZTZWS3JzUmlYT2ZIam4yYU04eEJtWW1fT0pYTWRGUWhpNlhQWnZWS0g5Nkp6NUZxblV6d3pFdTRRZFBqSUR3?oc=5,AES Indiana’s parent company to go private in BlackRock-led $33B deal&nbsp;&nbsp;Indiana Capital Chronicle
2026-08-14,2025-11-10,sector,Evergy,Utility Dive,"Kansas, Michigan regulators approve large load rules for Evergy, Consumers Energy - Utility Dive",https://news.google.com/rss/articles/CBMinAFBVV95cUxQemVITUNfVjBQR3hrYUNWeTRVTFYzVXY5ZU9veWRFLTN2VEdyTDdfdTlxTVBrR09nbEhscERqcDBRWTc5cDlMSkZSeGo5V1dCd0FMLVpxbFQ0UGxvT3poSjZaSXYwcEFVU1N5dGZZaFVfUkI1MjgwSmlBRFNZVUh2ZDZ2S3d1OTA4bkRNTnQtOUxEMHllZmV5UXlpWDU?oc=5,"Kansas, Michigan regulators approve large load rules for Evergy, Consumers Energy&nbsp;&nbsp;Utility Dive"
2026-08-14,2025-12-17,sector,Evergy,Utility Dive,New role for nuclear power emerges in New York energy plan - Utility Dive,https://news.google.com/rss/articles/CBMif0FVX3lxTFBINk5JUVVDS3VZU1FWdUhRclBGUHZEWUNxZGpJc3dkU3c1MDBpRnpQZHRlaTBXT1lXNnd5WWFhcmpwM0k0anZjcWJmaTlEcTdfQ2plQWpXYjYtVmUyaXNuS2hBRzRpNXhSMFo3ZlBTN2ZNU2t6WXhWRUZIeDNNN0k?oc=5,New role for nuclear power emerges in New York energy plan&nbsp;&nbsp;Utility Dive
2026-08-14,2026-01-07,sector,Evergy,Wichita Eagle,Evergy wants to build new transmission line across 4 Kansas counties. Here’s where - Wichita Eagle,https://news.google.com/rss/articles/CBMiZkFVX3lxTE1SNUNqaGRGUy1XYm5uS3AyM1ZTS0EwUElDQU40ZGUtc3psYTdaRHhZZXZIRkNDOU15TzlQUDZaSnZtOE5oQzNHQ0RfeFVNQ0g0elFhbmdRQl92eW5fbEQtZDJibl9wUdIBZkFVX3lxTFAxNk55aXFnQlpXaXc3V3J5QTZNYmh0dlRpQlp0VlJ3RVNaWS1NaVktb0tFalIxT2w0LVZ5aVpOVlo4V25oNUtHMVRGcHFiM3prNDl4a3BCcXJFUndaNmNtNkIwb3Nfdw?oc=5,Evergy wants to build new transmission line across 4 Kansas counties. Here’s where&nbsp;&nbsp;Wichita Eagle
2026-08-14,2025-10-23,sector,Evergy,Utility Dive,Gas reliance will worsen the energy affordability crisis - Utility Dive,https://news.google.com/rss/articles/CBMiiAFBVV95cUxPR2E2LVo3dGtWTTRFR3oxa3QyYTkxNGRkZE9jVXg3T29zcDNwUktCRW5CdUdLdE11ZWgwQzVJeGxsZUkxcVJvSGhsQUQ4MnNDRFRNYnNOMjFGdlVocEk3dmtiUTNfWC1tQ0VnSFBkTFQ4QnhBdHlMMUZDSVZqLWdKMXMyMWtXaXB5?oc=5,Gas reliance will worsen the energy affordability crisis&nbsp;&nbsp;Utility Dive
2026-08-14,2026-01-10,sector,Evergy,BBC,'I had no electricity for six months': American families struggle with soaring energy prices - BBC,https://news.google.com/rss/articles/CBMiWkFVX3lxTE84aXpXNWxNYjBxWVdZMkozcXVSUm92aDdYTTFSNmFfMm56OVhfZzRjU2RyZzNJS09mZTNCTEtHR3JhaWZoRmNUMkdTMWIxWDlnVFBJd2dkd1NJQQ?oc=5,'I had no electricity for six months': American families struggle with soaring energy prices&nbsp;&nbsp;BBC
2026-08-14,2026-02-12,sector,Evergy,Utility Dive,"At $103B, Duke claims largest spending plan of any regulated US utility - Utility Dive",https://news.google.com/rss/articles/CBMitAFBVV95cUxONW1EVjhEclRfM2RmNkZEZFN3clpTMFJyaEY3a2dQbEVzNExUY2xxUFFSa1M1SXRIcWxVOVZLWVI1MUFJTVU3R28xSVR6WDBlZDBpUmkyMUlpNEh6cDc1eGU0VGF0aVBkNlRTcDlRR2Ewa21qY1JUS1BPMTluVVpIS3pwYkdwUGdSRGdLcEpheXFwUVZ2Tjg3RGUtUTlVcmJDbTZ4Z1p5OG9xOXpKek5XcHNjM0g?oc=5,"At $103B, Duke claims largest spending plan of any regulated US utility&nbsp;&nbsp;Utility Dive"
2026-08-14,2025-11-18,sector,Evergy,Utility Dive,"Consumers Energy to invest more than $13B in renewables, distribution by 2029 - Utility Dive",https://news.google.com/rss/articles/CBMijwFBVV95cUxPUWxGeXF1SzFxVHdQSUpjTC00ZVo3QUpySFdqeE81SGdIS1hIOV9fSU1DcVRsN3V6RkxJa0hMZkpYVEt4N1RkWUpPeWtabFppVTkyVlpqNllTb2d5cWhteURCUWJ1VHl0dUVfVnZ5WVBhcmcwTEVNc2N1TTQ5c0VYS3htTXYyd2liYU1Ybkg2SQ?oc=5,"Consumers Energy to invest more than $13B in renewables, distribution by 2029&nbsp;&nbsp;Utility Dive"
2026-08-14,2026-02-04,sector,Evergy,Utility Dive,Federal energy assistance programs survive budget gauntlet - Utility Dive,https://news.google.com/rss/articles/CBMioAFBVV95cUxNazBfNUE0eDZrMnd4bXpya181TVNjN0xoQ2h1N3lIcUNfUVpZTldfLWVDLU0yVURvaFRoNFNOQ3FkTDU3MXY2T0lFREZyS1dmYi1jRW1fbWlTNFJXZTVBZDZjVy1XNHNEdHppaXdjOGFBUFpoZVlEd21pZmhldG5QZ2YtOFdtOHc3SWVZYUs1a3B0ZHpCZVYyaTNtRnFRd09z?oc=5,Federal energy assistance programs survive budget gauntlet&nbsp;&nbsp;Utility Dive
2026-08-14,2025-12-03,sector,Evergy,Utility Dive,China seeks long-term vulnerabilities in US energy systems: House panelists - Utility Dive,https://news.google.com/rss/articles/CBMiigFBVV95cUxNY25rQS1wYjNWQkgxMGM5TnNaRjVTNk5PeEVzT2w3NV8tcDZCWXk1QmM2eU5PS0I3R0EyUF9RN2M4U2QzSXNMckxLWXhWdk1WWlZhM3hBNmVPNHJmVzV5UzVfYVo5eVpRbzlBTzNtOTRacXBEZHlsWmhLSXRDMFNXcEVPNzJuN0xIZkE?oc=5,China seeks long-term vulnerabilities in US energy systems: House panelists&nbsp;&nbsp;Utility Dive
2026-08-14,2026-02-04,sector,Evergy,CBS News,Millions of Americans face higher utility bills as dozens of rate hikes take effect - CBS News,https://news.google.com/rss/articles/CBMiigFBVV95cUxNd0pVWkxCUTk3NTlfWURyNnJTVzM0U1FZblBRbnR2cENua3VCOTR0ZjZTTk9qdDNSLWg1SVpuTHVObl9MRnZ3QkxHWjVVYUNONGZqZEREWmpETjZyNHVXZjdobWFVblBDeW01cWFCTFhrVmZtN19hUEpLUzh4R3JRQld0UHE1WDYySnfSAY8BQVVfeXFMTV9SaUE1N3k0bE9MMnJxSlU4bGwzV3l0TDVnSmd4eGFmdUxGbUhmbjkwU0M5NHIwcUVPTHBsTzJZUXA2bjJNblNQVzRlclJBbVpreksxX1h1dktqSE10d1JVZUNEc01Ya3RlMkNzWENZWENTWGtsY19QeHgwbEx0eDNSRm5Qa0dHalJHU25YaFU?oc=5,Millions of Americans face higher utility bills as dozens of rate hikes take effect&nbsp;&nbsp;CBS News
2026-08-14,2026-01-27,sector,Evergy,CBS News,"Plan to cut energy costs, modernize Maryland's electric grid proposed by Gov. Moore - CBS News",https://news.google.com/rss/articles/CBMimgFBVV95cUxOYmM3X25QNHJaNmRKOWxjMVNsQjNtcEN1ZkhJRnBNM1B4TU5GMDdoOVFlQmNsMFdLMV8yRm5yeFh3RFZvWE9BZ3lyMEt5RVNqemZpUll4VUJJSzdlZlp6WFZ2TFpFOUhrZXNoaVBxdExOeXllRVBKeFlkY0o3RTV3U0xjeUppOTQtRnBKLXpYdXF1VU1OY3ZHUmF30gGfAUFVX3lxTE5iSnBrYXFIdWxVY0c5eENWcE5wWTBwNmtTOEhFZUxzOURHZGhicnJ6YmMya0o2VV90em1QQ1RqZnhyU215N254VllXcmpKUkxINkVNMkFfeVlyX2Ewd1VGWl9UUlUwbXY0WVE1RlRST3FoUnhUQ3FoQm9Ic1k0NU1zQTdaU1FPRHI3R2o3X2ZHLXZ6dm1XSFRUcE56cy1Xbw?oc=5,"Plan to cut energy costs, modernize Maryland's electric grid proposed by Gov. Moore&nbsp;&nbsp;CBS News"
2026-08-14,2026-01-17,sector,Evergy,The Guardian,How Trump’s promise to slash energy bills in half has failed across the US - The Guardian,https://news.google.com/rss/articles/CBMiiAFBVV95cUxONDU0UVh5RXZDaV9PS3Y5TFJHWktzZzl3Q0xZLTV0b0VxMDlrZmNXUV81QWFRbWMzZTAxOWNQYnhnOWsyaFBZb1VtNmpNUGUteUItemtzVnQxQ0FtX3NtMF9aZjRQZHFpdXB3dGItR2JjeXJiWGw4S0NWTTd5UkJNbGxSaG9aTUxh?oc=5,How Trump’s promise to slash energy bills in half has failed across the US&nbsp;&nbsp;The Guardian
2026-08-14,2026-02-12,sector,Evergy,apnews.com,"As electricity costs rise, everyone wants data centers to pick up their tab. But how? - apnews.com",https://news.google.com/rss/articles/CBMiugFBVV95cUxOdUNEZS1GR1puR2lRRm0xeWJXaHpZcnc2R2FpWnFZWW1wSXp0dVEwM3dhbS1yeUhUVEVzallQZTlUa0ltNWZfaHo1cWJMU3BPU1pHZEVQUk9NdHZER3pOQ21obVVpblg4b2lmaGZybVRmVUVzMHRGU19HRF9hRVBSWlBidzRVYXFoZmhnYkdxTmh4SV9EdkhWM2I5QVdnY1VMeTQ1SmZRZ2I0U1IySVhXRi1BZ0MyLUNBTnc?oc=5,"As electricity costs rise, everyone wants data centers to pick up their tab. But how?&nbsp;&nbsp;apnews.com"
2026-08-14,2025-10-01,sector,Evergy,Utility Dive,Fallout from shutdown could impact energy sector construction - Utility Dive,https://news.google.com/rss/articles/CBMilAFBVV95cUxNc2JpU0FfSDJ2TEMzaUlUbjZYTEY4a3pGYjJmOFR5THZqeXdzWlF3Rkl1cVhrTkV0b0w0aUNwUzRHMjFJbnQ2cXdPTzJzTlNxTUMzY21ic0xXajNXNE1GWUszUE1LWTVzZnlNRi15Q2R4Q0xWblVRWmtLTmc0WEw1SU5nYUJlMGZ2bmExSTczc3NYMkxh?oc=5,Fallout from shutdown could impact energy sector construction&nbsp;&nbsp;Utility Dive
2026-08-14,2025-12-15,sector,Evergy,"ABC News - Breaking News, Latest News and Videos","Energy bills in US have increased 13% since Trump took office, new report finds - ABC News - Breaking News, Latest News and Videos",https://news.google.com/rss/articles/CBMikAFBVV95cUxOamh4Qm9EZ3Q4MUZ1UktsV3daOUUwTmh0S3FTWmhsZWNOQTJwa09hMGZaRTliVlE5a1J1bE9mRUhPN1d4dU1Vd1hXNWVSOXNVVVF0dWRXT3pLSThreEgtRkFKRW5hVUl4eElMX1FYU1lpdXR4OWQ3bi1XSWJJWlAtU3UtR25NM19SaXBGMnJUcG3SAZYBQVVfeXFMTm1QZjNfb25TZURoX0RtYlJVTVRRNnVQREFpbmtXSFE0S1dGRWNRMGhndUl2WU5rSmZCSzdFVHFLWWtfQ3EzZzZOcjBYbjNXcVdTVEdQVFlHelRPYzdTeDBSMzlhaTBRUzNLei02MFpKeDAtN0RNbkJVSlZiQ25XLUp1b2ZqUndwUHpBUXhTQ0NDVEQtWE9B?oc=5,"Energy bills in US have increased 13% since Trump took office, new report finds&nbsp;&nbsp;ABC News - Breaking News, Latest News and Videos"
2026-08-14,2025-10-13,sector,Evergy,Southern Alliance for Clean Energy,Georgians’ Utility Bills Will Be Determined By This Nov. 4 Election - Southern Alliance for Clean Energy,https://news.google.com/rss/articles/CBMimwFBVV95cUxOUElhUURmUXhMaXd0ZmJYSVFURXdhRENNSWJMT1Rja1ZySmgzQnFlZERGbzhWbko4bFNrRWpuZ3NMbTVIdlFuX1dHWUczMFVuRnJ2b0pCZGZjVFpKLWJfc1RxcXdOY2l0SVowemtaMlhMS3FmdVUwNFZSTmtPTXB0OEFGWklTN1FsVlAwNVpMSnZ0RmJ2TlRhVVlzRQ?oc=5,Georgians’ Utility Bills Will Be Determined By This Nov. 4 Election&nbsp;&nbsp;Southern Alliance for Clean Energy
2026-08-14,2025-10-28,sector,Evergy,Utility Dive,OpenAI warns White House of China’s energy dominance - Utility Dive,https://news.google.com/rss/articles/CBMiigFBVV95cUxOakpqMzFqeklwWFFTRFpZbkltUzhydDJ5ckhiMU4zVE4tZGJ5aWRUVnpDWDdPV1diSFhvcl9PZzZNZzdkMTJhM3V6RkIxb0d3RVdialJ2ZmM4T1NTYUJmakNzMmhVSmdkZ1NuZjFmU2VraGJ6dmtROFZETVdJZWprY2E3ZVJnSnJMUFE?oc=5,OpenAI warns White House of China’s energy dominance&nbsp;&nbsp;Utility Dive
2026-08-14,2025-12-10,sector,Evergy,Utility Dive,"NYPA adopts 5.5-GW renewables plan amid concerns over affordability, policy changes - Utility Dive",https://news.google.com/rss/articles/CBMidkFVX3lxTE9WS0tOTGVXd3JKZ1FmZHU1RWZWYkxWdlc1Ul9IT3ltUTVkNURqXzZod0FWTmFUdG8xdFREQnhyc1BzdFZzTTB6RFhfM0xWUzM2N3JEbVVYc0FSN0VEemN0Y1NzRWEyZjc0NnU4NkR5U1NCZTV4aUE?oc=5,"NYPA adopts 5.5-GW renewables plan amid concerns over affordability, policy changes&nbsp;&nbsp;Utility Dive"
2026-08-14,2025-10-30,sector,Evergy,Utility Dive,Bloom Energy says it’s on track for 2 GW annual production capacity - Utility Dive,https://news.google.com/rss/articles/CBMiqwFBVV95cUxQMjBOMnQ1M1lQcXpTTEZBQzZVaGMwVi0xV01iVC10UV9ZYnZndmotQlQzREZ6SkREZlJ6dC1fZnh4cVhBRXlVQTF6RjFERTItZTJjVGNwYTlvQXdVd0pOWHN1OFNDZkVieGhSaC1yai1LYWJqY1F5OWRIWFVjQ2tNa0YxTHZlQWlRZ3g1bms2V2pPTVVWcU5HLURvNENJTm40MEllcG5KSUR3eXc?oc=5,Bloom Energy says it’s on track for 2 GW annual production capacity&nbsp;&nbsp;Utility Dive
2026-08-14,2025-10-21,sector,Evergy,Utility Dive,US energy storage market looks resilient amid global growth: BNEF - Utility Dive,https://news.google.com/rss/articles/CBMiqAFBVV95cUxQU211Y3RPa1lTMUVZMHBHUmVTYzFoS21lRDBHMjNjWVhkN00yb3ZWdkV2RzhfSkxkMEZzVGlOWWF3N09fdW1lSWhNVU1McXBocTVSYms0Z2V5eG9nbEZVaUJZMHpEYzlHeVFsMnNoS1pNckVOS1M2MkJwY3JhTkR5Q2I0YnpMQ2VremNQazhZM3Q1SkhKT245MGtRc2c3RTk1MnJKZVVlR2M?oc=5,US energy storage market looks resilient amid global growth: BNEF&nbsp;&nbsp;Utility Dive
2026-08-14,2025-10-31,sector,Evergy,Utility Dive,Xcel Energy rolls out $60 billion capital spending plan - Utility Dive,https://news.google.com/rss/articles/CBMimwFBVV95cUxOcDk0WHNsbWV6ZWg0YnFZU21Scmp1SUg1d1hPZEFIOHJ0b0VsOFZxV0VqY2tWZnpxNzhIc182bExNeFFzZG84YXFjcGNPallZa0RXQXFlcjl2VGc1MFVaY2QwTEgxSFBBZFdlWk1yNjM1RXRTc0VFWEc0N2MxTkhJd3FaaE90SDI2RU05Nk5FSllYOVJiTG5FTjlPdw?oc=5,Xcel Energy rolls out $60 billion capital spending plan&nbsp;&nbsp;Utility Dive
2026-08-14,2025-10-24,sector,Evergy,news10.com,Data center boom straining power grid as New York asks who should pay - news10.com,https://news.google.com/rss/articles/CBMiaEFVX3lxTE1CbEpUdXlfdFBlOUZBSnNnWmMyX3dLYjN0X2tyemNXVVktQ0hYdUpLNE5jOWlEQlhXV0xNV1F1bWdPTTY0aUZUbHI4OWZFeGdFWXVwQ3ZPUGxNOEdsMVE5SnNkNGFwVG8w0gFuQVVfeXFMTnJoX1FfSTJCTmgtTS13S3I2b0tYV2wzYVk4bUpDSVc1WHRjdnJiZHVLRkJjeDBIb1dwUkdCMEVjYTZJNTA3eHAxZ0JDeVdpNjVTSllmdHRUNFR0b3J1c2pQLW9XRlBDX0JuQVQzQnc?oc=5,Data center boom straining power grid as New York asks who should pay&nbsp;&nbsp;news10.com
2026-08-14,2025-09-26,sector,Evergy,apnews.com,Private equity sees profits in power utilities as electric bills rise and Big Tech seeks more energy - apnews.com,https://news.google.com/rss/articles/CBMiugFBVV95cUxPYVBhMTE3eGNuRVRyNGZiTUdTQnRxOXROQkZJUmRsYlJERGJGQ2Q1SXExQTJnMXBZWHpTTkU5aHdwS0JkaDR0MFdhd2ppb0gtYVNnM0VSZVFvekF6b3otVVF3LWM2ejhEWHF1VU5xODRTaDVZbGZmNVJtcVNaUEt4Wlg2bjMycDZOa3dOYlU2WTc0UTRGd051dm5FWkVSNWlQNUpiWllyakE1RWNiTzYzOTJ0aHVLUVM5WkE?oc=5,Private equity sees profits in power utilities as electric bills rise and Big Tech seeks more energy&nbsp;&nbsp;apnews.com
2026-08-14,2025-12-19,sector,Evergy,news.dominionenergy.com,Dominion Energy deploys first-of-its-kind mobile battery energy storage system as clean alternative to diesel generator - news.dominionenergy.com,https://news.google.com/rss/articles/CBMipgJBVV95cUxPRTQ5WWlaYmJXSXR5Z3RpcXNsdVdvRW9UY0xJNjJCRTRmSmJleElqamI5S1VwbnFuVWRnTHZvU0ZEWGIwcEpCc25ycDUyc3lneXlvaVlpQ3k1Z05IdkNDZ2hSMXNidm1nYXQxVHVVcGw2T3lRZXJNUXF0X0o2ZTNleDFQSjVDUkZOYU4zUmhCTmRISmZ4bUNnbWVmVWZLSDVEbS03dldfUVBPaS05OFh1VGkyaG9NME0xSEd4c2ZraloweG5jZHhTbzZLdmxlZFlmdGJmSzR6WUtucmhtMzBDS1FvTnl2SXNVeGpMOXdweUVlMWZLZkZvMFl2ZFdpS3ViVjFjMFNmRk1oZktjYmJmVzN1bTVabVBobzBfZ2RJMUZjSVEyQkE?oc=5,Dominion Energy deploys first-of-its-kind mobile battery energy storage system as clean alternative to diesel generator&nbsp;&nbsp;news.dominionenergy.com
2026-08-14,2026-01-12,sector,Evergy,wjla.com,"﻿Higher utility bills hit DC, Northern Virginia as rate hikes take effect - wjla.com",https://news.google.com/rss/articles/CBMitwJBVV95cUxQY0dxOFB6YmhheFdTZDhJVkpsUm4tMW9saW9GTnEySzdoYXdnZVc0WVdob2RDaFpUTXMyQXhfeGpoOUR2bm9iTndkYXk5REdJWE1tczB1b0hVem1NUDRuOElCZDB6QW1GME1saTRPSW4wYWpfejA1R1NzOVNNaXpTZ2YySHVZYng2azZiVlVmQnkwcXpqdjI2N0dSOFYtQmcxWklTN3FJTUEtMzhBaG00eVhWR1JYVFhWeTVIa2xvaklrb2VrbHBCNkNySkpmMXZtTkFxaVJRaDF0UDQybUw2TUc2VUFaX09rQk1FdmdnXzVoWjhwMk9fR3BpSU5JQ2JBbHNqQVZIMm5hSVJTQjVnblpiMEdvOXdDN1YyaHlwWE5NTXRDTHZkeDRTRGtFWk9yY3dNS2E4VQ?oc=5,"﻿Higher utility bills hit DC, Northern Virginia as rate hikes take effect&nbsp;&nbsp;wjla.com"
2026-08-14,2026-08-13,sector,Idaho Power,East Oregonian,Public can comment on Oregon Trail Electric's proposed purchase of Idaho Power's Oregon territory - East Oregonian,https://news.google.com/rss/articles/CBMi0wFBVV95cUxPakdGMmRxZm1UVEoyS1JMSnZzLVNoR3ZUbXBHVlZ1amhQcjBlMTVzbzd1eFhFQVBNbEtMdzZhVzNnWXY4MGp5bmpLaDlvQkk5UktaeTc2Tm5KampIdnIxbjFVWDlYLVEyV1ZVbURtdUpPZ3VsR0E2eGJGU0FKT1JxWEVNWDFJZXFlUWNRSUFscXp5VGVlbFptOHI2YVU3OFY1bXVFVDE4WnptSXlaTjVUOGRPVm5iWmdoMzlPOW93OFR6OGNUa2M3eUMxcGJ1NVM1NWxB?oc=5,Public can comment on Oregon Trail Electric's proposed purchase of Idaho Power's Oregon territory&nbsp;&nbsp;East Oregonian
2026-08-14,2026-08-12,sector,Idaho Power,Idaho Press,"Idaho Power warns customers about scam calls, visits - Idaho Press",https://news.google.com/rss/articles/CBMiywFBVV95cUxQekw0STlWN1I3eVpXNDVFZmRRbnJVdUJib3ZESUpvMWhnLW8xMU5qV1M3V3JxMWVwaDJ0cTlLQXVIOFd5Yi1Cai1RREZma3BlbVFsUHlxNG1PTV9lVHFTNTd0Wno2WFA5OW1HQ3VVWnIzV185R2x1WUNOYjZDc2FHRHVHTlVJc3VCcHRoNGM5S1NvTm1tSEhkSVhRcS11VUZWdHV6QzhFSy13NWZFRTZnU2libTlNdC1oaVI0YzZ0U09KWGU2VTJwYzZ1Zw?oc=5,"Idaho Power warns customers about scam calls, visits&nbsp;&nbsp;Idaho Press"
2026-08-14,2026-08-12,sector,Idaho Power,Elkhorn Media Group,Oregon PUC invites public to comment on Idaho Power proposed service area sale to OTEC - Elkhorn Media Group,https://news.google.com/rss/articles/CBMiuAFBVV95cUxPMGl4YlRCald0bmI0a0owbHlSTkVqeXhELVQ0aUpTeVVheDdBVENmcV9jSW5zNXNJSjdTWk1NODJvOHdMSHFOMWhJWUFmSlBLaE40cVQyUkZ6dE9PM2pGNXBYcWtWZ3g1djRBOUtZWTdpWVZKTGY4NjE4M2JLWEw1bnd4d2M4WXBZY21pSVJSWVBEa2lJNzdPNmtfWkNCU1pFal9lVURnWHg5VHBBbnNhOGVwRFd6aEtF?oc=5,Oregon PUC invites public to comment on Idaho Power proposed service area sale to OTEC&nbsp;&nbsp;Elkhorn Media Group
2026-08-14,2026-05-07,sector,Idaho Power,Idaho Statesman,Idaho Power wants to build two natural gas power plants. Here’s where and why - Idaho Statesman,https://news.google.com/rss/articles/CBMidEFVX3lxTFBJN2lRSUllWFNUVlU3UGhQQ1R2R0RYamJ3bXZkZDRlc3J6OUtwNVhLSXdJVzN0eV94UnpzTm1kMWRza0E2bHJBQWV4aXY1NWFCc3ppUkZCNkRHQWdCMGJhV0dCN0M5THdDdG9FNEN6c21lVnFE0gF0QVVfeXFMUGMwcE1HYUdFczNjZ2VBYzBiQVRzOW9JUHRsQlA4UlNsVGFVSzFfbXp4WWNEZE5HX2pWZ0pQS3VnN08zT3dSNnFaRFRPSWN1UUZtNG1lTUd6aGJKMmZMWjNSY3U5S0x1QWhQc0R1VzZrVVVMbWY?oc=5,Idaho Power wants to build two natural gas power plants. Here’s where and why&nbsp;&nbsp;Idaho Statesman
2026-08-14,2026-06-02,sector,Idaho Power,KTVB,'Growth is outpacing resources': Why Idaho Power wants to build two new natural gas plants - KTVB,https://news.google.com/rss/articles/CBMi-gFBVV95cUxNRGpndjlTX05tQmRRa0FWaFFVWUJDd3ROcjRMWGl4ell1Vl9wekxlUGo1MVVncmFTS0VKbXctUWxTLVh4MDV2WjlaVi05cVNCU1ZiWUxuMF9veDZMMFMybEFlNkpWVV80cXJhUVhxMFMyeFFIR2FEcWhOQ0owRzFaX28tRjhXaG54bXBQNkJJV0tIVkxCTG1FanJNdTVOTFhOVjRMel9ENHhPUkpLcVhaVkdkQmNQOHh0amsxWWFZdTRNd01Od3o2T3BreVdCRk5NQ0lhbG92WVoyNHlrdFBQWXV2bXBoYkkwcW92MEgycldXUU9pSEtJX1ZR?oc=5,'Growth is outpacing resources': Why Idaho Power wants to build two new natural gas plants&nbsp;&nbsp;KTVB
2026-08-14,2026-04-16,sector,Idaho Power,Capital Press,Idaho Power proposes rate increases tied to costs - Capital Press,https://news.google.com/rss/articles/CBMijwFBVV95cUxOemhNa1BQXy1hd0wyUndBQzFNT3I0ZGpCRFMyN0Rmbkp5SlRNSTNmQnRJQUdFTFAzLUN5VnV5Y2hlbWMyMTNaOEt6eDdHbHdpdVFaSUNWWG84cHFodVVpcW1Ib1BiMTRYMzlsSGplSU5BVjRSV01ZUmFVdTlhVkdOMkxrNUoydnVJYnd3YU04VQ?oc=5,Idaho Power proposes rate increases tied to costs&nbsp;&nbsp;Capital Press
2026-08-14,2025-12-01,sector,Idaho Power,BoiseDev,Idaho Power scales back plans for conversion to renewable energy - BoiseDev,https://news.google.com/rss/articles/CBMiZEFVX3lxTFBxM3FjMExVN2hKSHN5MUMxRGR3eEVYN3h0ajVNS3UzQnR4ODV4QlVCSjVPVFVrZkJHYWg3c0c4dVRoOGFPNUZwRHh0TmJSMlZ3WksyRURyUHNheGVPLUV1S3BZVlY?oc=5,Idaho Power scales back plans for conversion to renewable energy&nbsp;&nbsp;BoiseDev
2026-08-14,2025-10-20,sector,Idaho Power,Latitude Media,"After closing coal plants, Idaho Power is the rare utility cutting rates - Latitude Media",https://news.google.com/rss/articles/CBMiqwFBVV95cUxPRXNZc3FJOEZGYUFzVGtrWjN5Vks2aWViWWhWLVRxclJMUGxObjZSelY5cGxNcUZnZ0JjeUs3ekZMbUxnemI4OFI4a0d1QnZrUnNpdUJMTF8zUGJaQXFmdTNpZnFvT3JCRVdYdjZwOW12WWpXdzR1WE1uMnhQMTJ4eWNPSDRXYTlLM1IwSVRvd3l6dDdkdUJmbl8xTzEweHZfanJjd0tMc2NtekU?oc=5,"After closing coal plants, Idaho Power is the rare utility cutting rates&nbsp;&nbsp;Latitude Media"
2026-08-14,2026-02-19,sector,Idaho Power,La Grande Observer,Oregon Trail Electric to buy Idaho Power’s Oregon service area - La Grande Observer,https://news.google.com/rss/articles/CBMipAFBVV95cUxOQmZwaE5lQzJaTXNKOWZNYkktTXR0dnFXZ0F5ZHlicXV2TEpydFlGQkRzWFZRMkREQi1KYzY5bVR5bnViUVFOS3JKdEotcm5EOHdlMHVQaWxyS2dSUGtqRlJaS1Jmd1Z3dEJnY0YyczFTd2E0R2VYX0ktbElRWTAwcUhzVm82QXFYQmNXWklLS3FtSDhsTXAzUUFZTHdpTVFzelNRZQ?oc=5,Oregon Trail Electric to buy Idaho Power’s Oregon service area&nbsp;&nbsp;La Grande Observer
2026-08-14,2026-06-08,sector,Idaho Power,kivitv.com,"After Mountain Home fire, Idaho Power highlights wildfire prevention measures - kivitv.com",https://news.google.com/rss/articles/CBMitAFBVV95cUxNWC1SeV8zRUNnWGhZSjQ1N0JtUFNtZlFaZ21IaDR5bkMyTk9TazVvM1gyM1JoaTM1cWNrYUUyb05Ba3gtYmViTlpYa3ZsalV6cGxqeUR5QjJyZ0dVV09STGZyNFAtNEg1WW1SUUJtcG04RXFmNzI3NGJORFBydGVQWmdJdkVhX2ZIWmdrZVJnMkUzeHBrUlJ2WlZ1eU5CQ3pRemFCeS01ZFhidGFNZWRja2gxYUM?oc=5,"After Mountain Home fire, Idaho Power highlights wildfire prevention measures&nbsp;&nbsp;kivitv.com"
2026-08-14,2025-10-14,sector,Idaho Power,Idaho Capital Sun,Idaho Power decreases reimbursement rate it pays rooftop solar customers - Idaho Capital Sun,https://news.google.com/rss/articles/CBMisgFBVV95cUxPMVZnNUJNQzZXOEVSTXhENFdjbC1rMW9ZaElTcHp0enN1STJHY1B0R2YxMmNDQWJPUllYS0VkU1p1Z21VdDVrbU4teUZoTlE4RFE4dGtkMEpUNjJsanVzTWwtbDdSVUdScmpDM2lOOG80RFV1S2tXRmZOeHNWS1JnU2NBdWxMOHpQM3gtOU5LaDRBeUVaWFlDcEhTODJPMEZLY1JBa0xEdzJLVXUydURjS3lB?oc=5,Idaho Power decreases reimbursement rate it pays rooftop solar customers&nbsp;&nbsp;Idaho Capital Sun
2026-08-14,2026-02-23,sector,Idaho Power,Idaho Statesman,Idaho Power to sell its Eastern Oregon service area in $154M deal. What to know - Idaho Statesman,https://news.google.com/rss/articles/CBMidEFVX3lxTE5rSnRoRm1DTElTXzVLYVNSX0F3bmlLMGJTZ0NsTDVzQWdOTWRuYVE1Rmg4ZWI1V29KYUtRb3NoSk9TdGVuZTBvU2FfcFkxZWlpNHl5TGN4S0RJYTVlc1hQd1BQQk5YbDVaYnVWR1Zrc2ZpMUZR0gF0QVVfeXFMTlVpSm91ME42cE00d0g3OHdqLWRpakpQZ0l1dUNENkJPRXFGV1NiN1FFUG43X2JRblljNkEwNGJKeHNvZll1WmJ5VktUZGZSeUNKSzAtWW9ieUVLNGRzcFpJR2JIWVFMb0dXZ1dUM2Ezckswdzc?oc=5,Idaho Power to sell its Eastern Oregon service area in $154M deal. What to know&nbsp;&nbsp;Idaho Statesman
2026-08-14,2026-04-15,sector,Idaho Power,KTVB,Idaho Power files for rate hike; residential bill could rise by 3 percent - KTVB,https://news.google.com/rss/articles/CBMi1gFBVV95cUxPTFFEbDdIVTJ2bjdIOTRMYlVtNU5xX29ObGh3SG8tcXNOVFF4M1BVUUlfbEtGdEVIUFV2YkEtUzV5cGJpMl9yZ1pKNV80aTEzeGtmVlk4SVVVRWFnVGwyVWpDdmZaOW42cEdCRzAxZ1BCY3BPcEtzNnppZDRUaGszcWtXdk5LaVhxUmQ2N29uRVFQTC1wYlBEcU93ZUFvQmNuTjFXTHloTG0zeHVnMFJHeXdrT2tQUGltMjFReTlVbmZBaDY5dHFZUXp6T2hUUEt0Q3Y4Uk53?oc=5,Idaho Power files for rate hike; residential bill could rise by 3 percent&nbsp;&nbsp;KTVB
2026-08-14,2025-12-12,sector,Idaho Power,Capital Press,PUC takes comments on Idaho Power plan to expand Bennett Mountain plant - Capital Press,https://news.google.com/rss/articles/CBMirAFBVV95cUxPaHZnczE3V3o0a3lxYkV5Mk5zMm91a2JRMGFZOXBjcng3X1JqRDNzcmtoUXl6YWZiYXBvdGhESXB3Sk56VXV0QURsSlpHTnpMMUVKN0hCSVJNOGRXNEFsSmhsdWtHNkNqRWZweE16U2VWOTFKNHllai1sZE4zWG5kWS1VNEpkVC04WnhDUFRwaEU0TVBxWVVtaGNnUzVFS0VYOElWa2FycENpUmxy?oc=5,PUC takes comments on Idaho Power plan to expand Bennett Mountain plant&nbsp;&nbsp;Capital Press
2026-08-14,2026-06-01,sector,Idaho Power,Idaho Statesman,Idaho Power says its equipment likely caused Mountain Home fire last week - Idaho Statesman,https://news.google.com/rss/articles/CBMifkFVX3lxTE9yeUgzRVpQb2FMVUJiWFFmemJscldycDFyOS05cllGN28yVVJLTHJWd0puSFBqcU02OWJwaDBKZHJGaFdBWnZjdE4ybmwxVUh5VjJCQWdfOHhOVkxvQ1h6MmhRd2pNTnVVQ1lqNWFzSUpKZUVjdlRzeVRaNEMtd9IBfkFVX3lxTE15YlhfSG5DVFNHa0NTMGVQbk5Ib1I3WUV0RHdFcW80ODU5NzY0aEUzVjZPSGN2UUZxYzVKbFY0Z1JSOERDdy10VTI1ZXBySUg5Xy1QeXVYOHV0dDRMYjJHdFlBLXJveFZkQTZEenlFdWlPaVJ1akZPNnhtbDBRZw?oc=5,Idaho Power says its equipment likely caused Mountain Home fire last week&nbsp;&nbsp;Idaho Statesman
2026-08-14,2026-06-11,sector,Idaho Power,KTVB,'Use it as efficiently as possible': How Idaho's low snowpack affects the power grid - KTVB,https://news.google.com/rss/articles/CBMi8wFBVV95cUxPb1pFeFNUN1dfWUh4SHhZbV9FWXFrelloaEhJeGpMWjlsUk9BXzVSdmhZRG9YbVMta19KcGJ2RWl3UnlPZ1R0M1FZeXlodEstNm1OQ25aWFlRakRxcTAydGZwRllDb1hDM0lhNEQ5Zi1tM29BZzlhNWxaV0YwakRVSlI3ZTNWWFZ0Q3dhZDc4Sll3SWtVQ0RnaWRxQU1JSENCM09jUUc4NURfdTlsdkZjMkVPVVo1M3ZsZnZMME9zTVFEbzBXYlZFQUNzYkFkanN4djVldzA0V3JXUWxXMDRTYWsyS05UM0hmVUREX1RzdWUxYk0?oc=5,'Use it as efficiently as possible': How Idaho's low snowpack affects the power grid&nbsp;&nbsp;KTVB
2026-08-14,2026-04-16,sector,Idaho Power,Idaho Statesman,"Idaho Power customers may face another rate increase. Why, when — and how much - Idaho Statesman",https://news.google.com/rss/articles/CBMidEFVX3lxTE94VDJqbGJleldhUkdHdVpYR0txTVpfVGR1RkVCT2hZeDdUamNFYmxkWm1yVU9mSE9ESXYtcEhpZDRCTzZtT3V4cVhIVE1faEJDYnJ4VDB6RkZwWUEwUk12b19xWFZkeDFPZkpYcEV0cTJlQ25x0gF0QVVfeXFMUFR0bTJ3T05fbEZZTW5fT2JDZ3E0ZDdQTG81aklyY0hwZlIyZXdhSjAybTVuZDJCNXpfNnNRbE1KaEFTVWJrS0pjd2RoTnBPUXk1WElEOFhMQVlmWDRrRG1jMUFCeDlwdWJ4RGduc1lpdlJ4ZXU?oc=5,"Idaho Power customers may face another rate increase. Why, when — and how much&nbsp;&nbsp;Idaho Statesman"
2026-08-14,2025-10-29,sector,Idaho Power,KTVB,Idaho Power rate increases settlement sparks debate over data center costs - KTVB,https://news.google.com/rss/articles/CBMi2wFBVV95cUxNZ2tRdkdxRHVzaGttY3dXOHdETkc3NnIzTmpkSmNOQ3p1UFlPaWJsbW8zTEdXSVBsb3RpcENaRjJtblhqclFHZWJtWEFNUC1CNTZqOEVYa2gxUm45dnZUcU41Qmg1V0g0OXdOY1kwRzNFdzNuUU1OSVRuVjRzYjRYc1o3Q0FLNFY4RHd6NHZJVGh0M0dnbGZqekFDUF81N1pKNEYwRFk1S3YtZWVxV2x0WGwteWU3VDJoVjYxdW5vWUsyN3JUZWplaXl0cFhnN2JZcDlyS1p5dHc4bGM?oc=5,Idaho Power rate increases settlement sparks debate over data center costs&nbsp;&nbsp;KTVB
2026-08-14,2025-12-31,sector,Idaho Power,Idaho Statesman,"Idaho Power, Intermountain Gas rates are rising in the new year. What to know - Idaho Statesman",https://news.google.com/rss/articles/CBMidEFVX3lxTE9ka3Q5a3JYVklqZ3otQ3ptOFdOQ3pHWkxBTlAwejhVcWRQTzVQRVJ4LXhWVE5TN1N0OGw1eUQ3d3ZhbWdxd3Z1MVVQcFV4U2VvR09uOHhsNUR1MVUxdjNaQmdXLXRIR3RYYVk4TkN0V085cG5n0gF0QVVfeXFMUGV5eS1CWXFDRjRZMklfcFRLSVU1RTV2WGwwQjNiRU9QX3A3SGNiU29aS0oxc1dZMlAyQS1RQUEwc2xYRXpIZzJFTFBmbjFTQ2FjRVlTbUctY1JMWUd5U2MyS0dpM0ZfUGtGQXU0ZkRFNUttQWI?oc=5,"Idaho Power, Intermountain Gas rates are rising in the new year. What to know&nbsp;&nbsp;Idaho Statesman"
2026-08-14,2026-01-01,sector,Idaho Power,KTVB,"Idaho Power, Intermountain Gas customers to see new rates in new year - KTVB",https://news.google.com/rss/articles/CBMizwFBVV95cUxNeFZiczd0UTBvMmNZajMzcmQzc0tjN2h6MTdleHpQNnd6b1JwbWU4QnJJZmdRdmthbGR1dDlxSVpWcDdOVGoxd241d3lUWjh6X2xHLVM5MFhvbEhlT2xPS1dBZEsxdTVtTlNPVlMzSXRjZGlFT1hySHh6WElpclVJZ3ZGVFJuS05aSlI4WTUwWmxsQ3RDeVdoLW52RkIxdDZZNTJXME9mSFF4VGRkZzYzc2toUWZ2Rk5KWjJ3bE1GeFNPVHBORkE3SlFjQlMxNVE?oc=5,"Idaho Power, Intermountain Gas customers to see new rates in new year&nbsp;&nbsp;KTVB"
2026-08-14,2026-02-25,sector,Idaho Power,Argus Observer,Idaho Power announces proposed sale of eastern Oregon service area | News - Argus Observer,https://news.google.com/rss/articles/CBMi7wFBVV95cUxNc0xLNG8zekplejctYk9OZ2lvc0NSTWxVLXBLOHdaX3pzUXVZN3hzeTF6d3YyNGpoRG8tX2k0T2xmNElZSlRpVE5YT3ZTdDVnQjZNa2V2MzlfZzNwWGRUc091aFlIYUc1UGNSSTh1NmJId2RYSTFMdUpTNFpMU0ZtdllVXzdpMy0za25XYWdYbDJKem9OQUxqTE9UZ3ZqVm0wTGJNdnp0T1IwWHlrRHpIc0ZXYV9lMzFhWmtvZUZyTXBTT2dnRW1QRjZwWVlBSVY3YzZXYy0wUDFnaHhyRjVkTlRUc3J3NndEMzFpeVBqOA?oc=5,Idaho Power announces proposed sale of eastern Oregon service area | News&nbsp;&nbsp;Argus Observer
2026-08-14,2025-12-31,sector,Idaho Power,Capital Press,"Idaho Power solar electricity purchase, storage pacts OK’d - Capital Press",https://news.google.com/rss/articles/CBMimAFBVV95cUxQQ040Nkc0cGU1Z0doSnZuSXRqckdKREZEWlVWaHlhVGNtYTA2SWhBelNCTkI2cl9VWXpFWnB2QnMtX1hxNnpyWk9EVlBDUFN4azUxdkhXZ0QwMFI3UkwxS2NXNElTVDNQNDA3bHVrbktNU2pobFZ2M19seWJBc1ViNDQ1Z1I2X2tfUFN3U0tNMUNqWVdyX0R0bw?oc=5,"Idaho Power solar electricity purchase, storage pacts OK’d&nbsp;&nbsp;Capital Press"
2026-08-14,2026-02-19,sector,Idaho Power,KTVB,"Idaho Power to reduce service area to one state, transfer Oregon operations for $154M - KTVB",https://news.google.com/rss/articles/CBMi5gFBVV95cUxNWXVHQkZqR1B3NzdnTE93MjNnVU5GOXUybjh4VS1zcjRGWkV1U1lGQlRod0VkQmR0ZFg3ck02Y0VjUXBWWGxJQkpmZFotMUowT3lmTTlja09GNlFmX2JuUzFwSnk2Yk1DbXNkUW1wMERxVG1VcVlscWwtTjYzOGI2SVlwNHZVMDhUSlNXNDZRLWtnaUtmXzJSZ0FPb0xHd0t3QTgyeElwdDAzV2Zrb2c2NFFvM1VDYktlUENaaVpNWTItLVNkenZSREgtcXhsakVULWN5OUtkYUJGT1dfNXB6RHRtU1Ixdw?oc=5,"Idaho Power to reduce service area to one state, transfer Oregon operations for $154M&nbsp;&nbsp;KTVB"
2026-08-14,2025-11-10,sector,Idaho Power,Capital Press,"IPUC slates hearing, takes comments on Idaho Power rate settlement - Capital Press",https://news.google.com/rss/articles/CBMipAFBVV95cUxQNEJ3R0xwSlZ0N3RwSERHRzhJYmlhSnNoWW1wNHhFTXhqRDFNclJiZ1RibUxzQjVHclF1elV1eDE4VVM0UjFZOUN1VjZmVU9xNnBBVTVyUklXZUU4c1E4M1lpekRNV3RjZGVTR1FFSWRJOWhxWDRtWUlJX2FNbWtpU3VlaU1QSWdLUDFEQ3U1Y1RXVnFpbXpvdVNNNVN0Sm05d2MzcA?oc=5,"IPUC slates hearing, takes comments on Idaho Power rate settlement&nbsp;&nbsp;Capital Press"
2026-08-14,2026-02-20,sector,Idaho Power,East Oregonian,Judge rules in Idaho Power’s favor in B2H case - East Oregonian,https://news.google.com/rss/articles/CBMiiwFBVV95cUxQMlR1SzQzLXVHcXlJbzd4bUllWTlMR3Z3aWlKUGlPSDhMYThxRk5ObG00RnVfQkE4SGduWE9pMWtGQXgwRl9BSU5CaGNVejl5d0ItdGVDS3lDa0VsOE0yQWh2NUo5RVQ0M1o5RlRES3NySVhwMUtSOEc3YTgzczJmODg5ZzN3clgwakUw?oc=5,Judge rules in Idaho Power’s favor in B2H case&nbsp;&nbsp;East Oregonian
2026-08-14,2025-11-20,sector,Idaho Power,KTVB,Idaho Public Utilities Commission hears from ratepayers on Idaho Power rate increases - KTVB,https://news.google.com/rss/articles/CBMi4wFBVV95cUxPaU0wTjQtSVd3dUdid0RVUTdfQUR6bGNJY2R2Q21YMVdtRnNfa1lrTnJ2U0lKdVgyWEtYQUxEQzduWkFSZldiLTk1NHlxR1dDYjRrTWlONTlZWmhLMEYtd19QeXllbm8xclBxN1FvRUxDVnZFUUpUOG14U1VNNFctVDJfaFB1Mll5Sm9Rc1BRZmp0b0praHpwRUlZQ3RodzhCV0xKQXZyUEhDQkpGcnRZaFI2ZnBDRUlXUllNSWZfOFdjaDNGSlM5SjQxamE4Yk1QMDk2bWlJekdUTzVoUlZfVlBBTQ?oc=5,Idaho Public Utilities Commission hears from ratepayers on Idaho Power rate increases&nbsp;&nbsp;KTVB
2026-08-14,2025-12-18,sector,Idaho Power,Capital Press,Idaho PUC advances Southwest Intertie Project-North transmission line - Capital Press,https://news.google.com/rss/articles/CBMiqgFBVV95cUxNZzQybi1BeU92ZTRLVkhFdFJhcE9GR2N0TlRtUWhwQmUtZ1pmbGQ5OGIxVElZdGFOdlZBbTlnY0hCcnlvQ1pzdW9QMlpMeU80WS1mUnFjVVhITWVaemVzVkFRRW9ObFowN0UwSzQtdFBwVExXSmJ1LW5Xdkc4cGxBUDVjdlBTa0xXMmR0YzFhZ19ILXB0UkJFVzdQVzNVTmNOTVdybnZlZ2V0QQ?oc=5,Idaho PUC advances Southwest Intertie Project-North transmission line&nbsp;&nbsp;Capital Press
2026-08-14,2025-10-31,sector,Idaho Power,Idaho Capital Sun,Solar power advocates appeal Idaho Power’s decreased reimbursement rates for solar panels - Idaho Capital Sun,https://news.google.com/rss/articles/CBMixwFBVV95cUxQMFZOVjhkYWRiWEFicE1WY1Voc3JKaHU4bXoxUk96YkVpRTcwMXg0RUNTR3BCcktzTTFteWxGTERDTC1SYy0zMDZRRlgwSkVqVHhSV3lldS1VSFFjN3dSVjVTcEpnRmNuZ25DZ21KYWFPbHlyczhacU1ONUtGUURma21OTHhkR2l6N1pYNWdfMXdZdWt3T0VSS1FOOWRsZGNpbEdOZzZrN29ocjdhMG94XzFVR08zdUZRZWxqX1FlRGtCdlBCVklZ?oc=5,Solar power advocates appeal Idaho Power’s decreased reimbursement rates for solar panels&nbsp;&nbsp;Idaho Capital Sun
2026-08-14,2026-02-24,sector,Idaho Power,Blue Mountain Eagle,OTEC official: Buying Idaho Power’s Oregon service area would benefit OTEC members - Blue Mountain Eagle,https://news.google.com/rss/articles/CBMivwFBVV95cUxPLVp3YXBxSE9kT3BZbTVsY3d3Ni1uY3ZMTk9vT0IyRzBwNXZwZzF6eEh4QlVSWGduazlwT1lrVUNhUXZfUEwxTnpuOWx1QXdKeXExYWNUOFUwOUxsd2N3d3h0eTdXclNWekc3VlBHQVZ3VGwtT25HZUxOdGJSVWxLai1xcm83RjlFRmFfS1lzZThlbm5OS1h4eEhHRFZNd3ZFejJTQXhvWEJjTHhidGdKSDJDUGZzbjgwYld4MXJxQQ?oc=5,OTEC official: Buying Idaho Power’s Oregon service area would benefit OTEC members&nbsp;&nbsp;Blue Mountain Eagle
2026-08-14,2026-03-19,sector,Idaho Power,Your Oregon News,OTEC looks to buy PacifiCorp’s Wallowa County territory - Your Oregon News,https://news.google.com/rss/articles/CBMimAFBVV95cUxPMW1HUGtjRzhDTXVtUlVzYzJLX21GNDNtTkNSWm44dGUxc2JBSHNoWEExZnpGTnpWWm9uYWpFUERrem4yMVV0SVpodUE2NlRjQVphVXlKdlV4b1BKRWxZRWFOTjJ5NWoyYjZHOURCN0doX0o1d2F0WnJFRENvTEZlUlRDRDhMdm51d05KZU4tTFlQWmdKWFg5Yw?oc=5,OTEC looks to buy PacifiCorp’s Wallowa County territory&nbsp;&nbsp;Your Oregon News
2026-08-14,2026-01-07,sector,Idaho Power,Capital Press,PUC takes comments on Idaho Power fire mitigation plan - Capital Press,https://news.google.com/rss/articles/CBMilgFBVV95cUxOY0xaYVZlR2ZFVm54eVYxclNvaURDd29MTlVUWW54REFNUE5DREJtNGFhSFBpZGJrVmE2S2hhVXdISHpxdnlEUHRCUzRieGZFYkEyblJxLTFzZU1BQl9xcXB5eEdCbGV6anZ4NHF2Z0FjakxodWpJT2g2c1BRNW1HQ0IwN3RISktibUN3TXRxQjFpa0lIN1E?oc=5,PUC takes comments on Idaho Power fire mitigation plan&nbsp;&nbsp;Capital Press
2026-08-14,2026-01-14,sector,Idaho Power,rtoinsider.com,FERC Staff Recommends Relicensing of Idaho Power’s Hells Canyon Dams - rtoinsider.com,https://news.google.com/rss/articles/CBMijgFBVV95cUxPejVoZTFRaXNuclBsX0RONGROUFpvNUtCMmtLY3QyMHB3Z0RXb1lnYlhFdy1OMkRmejU5NDQxWFBJa3V5bklNcG5JWlc0ZHF0elBXdVdVeFhQbDI0eWRyaGZxUFZzRWVqMFl6NFlKSzF3QWo2LUtSSW5Gd01aY0ZCbS1yU1FScDZxdTJ2M3hn?oc=5,FERC Staff Recommends Relicensing of Idaho Power’s Hells Canyon Dams&nbsp;&nbsp;rtoinsider.com
2026-08-14,2025-12-20,sector,Idaho Power,Idaho State Journal,Idaho Power overcomes extensive damage to restore electricity days after epic windstorm - Idaho State Journal,https://news.google.com/rss/articles/CBMijwJBVV95cUxQR01MSzhjcVpXbzhNY0xGSWd5Nnc0WGFnSkpUTXc5cjdlX05LUmZYZWlVTlpSWGJCSlNjN0d6THJhUm5HZjZERV9VMU1qSmxPbHdQek9yTS1SSDBQVDNOZWk5OS1URFBMTlFFWXk4S1djTms2dC1Tck15VWZwZ1I1SkVNbldjZ1RMWHlEcHpxbWc0UVRxQnZXMWx4NXdQREkzZEJKU2xLOVBkMHZjWGhobVQxLUZVamZuaFhDa0JWMlZvMUtpVldqX2RYa2hZQ0pOZlVGcGNtQzB4SzNYRmZPSUdhbUd3Y2diQmhlckNRYzdraFVzbld3ald6T1h6bnR4S2xjV1pZRlNWZE5wMTZr?oc=5,Idaho Power overcomes extensive damage to restore electricity days after epic windstorm&nbsp;&nbsp;Idaho State Journal
2026-08-14,2026-02-19,sector,Idaho Power,Business Wire,"IDACORP, Inc. Announces Fourth Quarter and Year-End 2025 Results, Initiates 2026 Earnings Guidance - Business Wire",https://news.google.com/rss/articles/CBMi6AFBVV95cUxOU245d2hqUmxweVNaN0x0bGRwQ0dtSV8zYWM1WmtFNnA0YlZUWTRud3o0bWg5dkNiNzJCczh2SnVSUkhra05GRF8xbDVHQTBONkdsWlo2LUtsUzk0VzVfNG1HNV9mWnlhY1BBOTZlakJKdVdhNGh4c2M5d1VGdHNfUm4yMkxQNm0xOTdhLWJfaDNQaklqRjJjSE1xNDc5OFItYmwzaFVwSVJVQzVOSVREaFo2Q2RGQlBuTF93SGNqZDMyYnRjUmhhdFFMQ0pHbHI4TWF5LTVzWTF3cEpfdW1wVGZZUkRSZ0lN?oc=5,"IDACORP, Inc. Announces Fourth Quarter and Year-End 2025 Results, Initiates 2026 Earnings Guidance&nbsp;&nbsp;Business Wire"
2026-08-14,2025-12-15,sector,Idaho Power,Idaho Capital Sun,Eight Idaho utility projects selected for new wildfire resilience program - Idaho Capital Sun,https://news.google.com/rss/articles/CBMirgFBVV95cUxQR1BDRk9fQlROdTZxYTJ5WTBBZlNCZWtYa0xCUXFqc25VaS1xeFh2U21HUENqdVQyaEpJZGxTeWk1TDZzLVFuYmFYc1RXdWw3SnpZdmpycXBPMlA5SFBmVThHaW5sMnFOSjdZeUIyV1g2eU5Kc2R0ay1DZklUMGdRQlVHRGwwRFZ5NVRfZDhOT3hOdWozeHE2WnNMLURQQnh1bTU2TFZhTkpxUGcwZGc?oc=5,Eight Idaho utility projects selected for new wildfire resilience program&nbsp;&nbsp;Idaho Capital Sun
2026-08-14,2025-10-09,sector,Idaho Power,BoiseDev,Idaho Power to cut reimbursement rates for solar panel owners - BoiseDev,https://news.google.com/rss/articles/CBMiY0FVX3lxTE51SWRmVmwxaFd6THoxcTM1R2xCeURYTU5ZSEZZcWkxbnViMFpIM0wzZzB5OUlRdjBGT3FQaE9EelVqUzdub3hnOVR1YXpKV1V1Q0J0RzR1ZDh1VU5JVFJsUFY2TQ?oc=5,Idaho Power to cut reimbursement rates for solar panel owners&nbsp;&nbsp;BoiseDev
2026-08-14,2026-04-03,sector,Idaho Power,Baker City Herald,"Jury awards Baker Valley property owners nearly $183,000 in Idaho Power B2H case - Baker City Herald",https://news.google.com/rss/articles/CBMiowFBVV95cUxOdDZLYW0yeUtNdjRsLWZQMzFDV3RHZnk3dEhpMzc5YTRtRUlES1AzUnNHWWFhS1dzc0szS3R1YkxkemVsM01OTnFTZmkzZTNZaGd3eG9BQUJ0bXByeDNWM3U3d0pHaVVTSGREV09SdEhuLXBFaXJpZm9MeHk5THp2Z2xqVkJLeDdQMEhFMjhPekg4cXJGX1l2R214anM1TnlSWEhZ?oc=5,"Jury awards Baker Valley property owners nearly $183,000 in Idaho Power B2H case&nbsp;&nbsp;Baker City Herald"
2026-08-14,2026-01-10,sector,Idaho Power,KTVB,Stretch of I-84 near Mountain Home back open after utility work - KTVB,https://news.google.com/rss/articles/CBMixwFBVV95cUxPUUtvTkFFQzVUTnQ5NFJGYUtWOHRUU1hBR1cyXzJMN3JtSEdHMkZyaENRcFdaNlZoUXBrS3BjQUVxLXlvTjRqZG93by00QkliRFJrbzlRQ3A5VDFyMXhKdHZDUjQ3MkxUTGRwWlh6UTVDbVFlQ3NLb01zSlFSOURsM3UtQnBIdzBrVTItWEhfSnpmQTBWX2E4RUM1YS1FeVROeXplSzNfcWVvNjJnaDZUZTBTR2lBeHh3VnlzdVVzejhMQ1liSl9N?oc=5,Stretch of I-84 near Mountain Home back open after utility work&nbsp;&nbsp;KTVB
2026-08-14,2025-10-02,sector,Idaho Power,Idaho Statesman,"Solar customers face steep rate cut, but Idaho regulators pause annual changes - Idaho Statesman",https://news.google.com/rss/articles/CBMidEFVX3lxTE9uSFBTekE4NFctenBSUmJKMXlYYWdpbkxiaDBzN3dZdHhjVk9ER21YdlBUckJDZWt6SU5hZjBfRlQ1cTZhM01rWUhpMHJ6d1EzYzV6bXhmeTNfdmh6ZC1VVzNMWTJxNFd5LWljOVRwaTBnY2p40gF0QVVfeXFMTnVRUnhRb3h6Z2Y5LTNhNHVCUDNtX3VKUWFNdms0c3VMMEx0MEU1YzJfSWlSR0xPd2hZTERObVl4ekhLODJUM2VYUFJvX1RtQ3YxOFdSNkVhek92cmZvWnNrSzlNV25OMm5RWXFsTmVLZl8yNjY?oc=5,"Solar customers face steep rate cut, but Idaho regulators pause annual changes&nbsp;&nbsp;Idaho Statesman"
2026-08-14,2025-11-17,sector,Idaho Power,Idaho Statesman,2 high-ranking officials ousted from Idaho PUC say agency is ‘not independent’ - Idaho Statesman,https://news.google.com/rss/articles/CBMidEFVX3lxTE8yUDE4eUQ2aDZyaEJIaXZ2ajJwV2FrczdnNVBUMnNOWV9odE90UEUwdHcwbVlwV0xnMTFuMmJ2TW9wTUtNbzZuMU44WHY0Ym5YNjRrczQxWng1ejEzV19GaXZCdGJTYldIMnhTaE43NEx3SThX0gF0QVVfeXFMTUY5LXFFTmdQQ1RlY1hYZURvb053Q0pUbF9SNnFLTTJuUlltR29hU2ZCU2VMQjNRaHNXMVZoUlZxWUQ2NTVvWUxZVlZKQzlNVmF6QVRPVGs3RVJxRjltNzRRTWlyc1NFcEJYb3E0eUpPWDNEaGM?oc=5,2 high-ranking officials ousted from Idaho PUC say agency is ‘not independent’&nbsp;&nbsp;Idaho Statesman
2026-08-14,2025-09-14,sector,Idaho Power,KTVB,Power restored to Valley County customers - KTVB,https://news.google.com/rss/articles/CBMi7wFBVV95cUxPTmQwRFdiSVFJVnVKcGJLcjVCSFhsNGR3SUh1Qm5hOFpLUkxtWThWMVh4T1hvUC1SRlNaZDdmNjBxSkVrTXFhSWxkbTJBdFV1WGRTTnJMLW41S1h4a184ZVdzVG10cm9qbnJnbTNLMTBrSjhfSjBUWGxFSnExbC0ybTNHSFZqRVVTejJ6dV96aDFaaC1YVmQ3d2hkaTFaVlpiT1N0M1l3TmNNV0owS1UtR3Q4TFNYam1ia1U5d2E4d3g1ZFBvZVBKUVVaQUZqTDAxSzJNM3FSLTNlTnlidVpiSmFPb3dRNTFQODJ1RWZ6dw?oc=5,Power restored to Valley County customers&nbsp;&nbsp;KTVB
2026-08-14,2025-10-21,sector,Idaho Power,KTVB,"Idaho Power boosts Snake River fishing with 70,000 rainbow trout release - KTVB",https://news.google.com/rss/articles/CBMi4AFBVV95cUxNTG8xd1Z4WnRHeHg4TXRFbTV4bGVUdllma2dBX2d2MDhmd2V5cmRraldoNTVkUGlrUHdIdzlDR29hTGhNWkxnLWdpZmlRY29hMGxTUE84SVRJdDVuVmNqMFhaaDd3LVJiTDNtc1M4a2hQUkVCTFlpM0V2NVhJS1FRM1htZlhFSDluUm1OYnFWZmhoV3VvclNoeUZuTHdmU1Y1NmZJSy04VnhXT0ZEazN4SWpVR3c0bE4zWS1HSjhQSmt2Ui1zVzdOTmdVMmhyeEhYNEJHV3Q2Nk50anJaSE9aQw?oc=5,"Idaho Power boosts Snake River fishing with 70,000 rainbow trout release&nbsp;&nbsp;KTVB"
2026-08-14,2025-09-02,sector,Idaho Power,kivitv.com,Idaho Power's proposed rate increase could raise residential bills more than $250 a year - kivitv.com,https://news.google.com/rss/articles/CBMiwgFBVV95cUxQc1ZNUUsySmtUZmZtc1ZKY1JHM3VkcDFWNXk0U25maWZEVEVuY1hYdTJ3TWhKT2tuZ19wRjZKQXllT3IwLVMyYTlpcm80WVFoZGQ1Rjc0X0VSdEpzRTdUT1VJVE5jbFYtNUNXMFpROGhQTFlYS2doYW1yNklOOHBUU2JKSmJaUXY5OERvWWhTb21XN1VEaHRmaVRLYVJwN1puTUJKVG9uVXpta2xoZ0M1c1poTHNGa1ZhQndEbWhtTnRWZw?oc=5,Idaho Power's proposed rate increase could raise residential bills more than $250 a year&nbsp;&nbsp;kivitv.com
2026-08-14,2025-08-06,sector,Idaho Power,Idaho Capital Sun,Idaho Power’s 20-year energy plan predicts large increase in customer growth and peak energy load - Idaho Capital Sun,https://news.google.com/rss/articles/CBMi0gFBVV95cUxNeTBkNWpUSUwtMkdhS1pIS3ZTcjl6eFpYSnVqcV93LUY5SUlkaUhpY3NVUXhfMVhDOWZXaWxqVjJFV2d2ZGRjaG83UVdsdEI4Q05CTVBIM0dPR3dEM3ktVm1rM0xuUFBCWEpCWTUyV0pQdkg1dmY5bVp6clMzdHJjMXdNVXZFZFVzY3NkV1AtcU9oaWFiRDVaU1dfS1pRa1Azay1hM3ZISHdERlZ3dl9DVGJXaGlibng2ZHVPTnNVR2FDbVBvaWdnX2ZuTTlMWFhpUEE?oc=5,Idaho Power’s 20-year energy plan predicts large increase in customer growth and peak energy load&nbsp;&nbsp;Idaho Capital Sun
2026-08-14,2025-06-25,sector,Idaho Power,Utility Dive,Prevalon brings 80-MW battery storage online for Idaho Power - Utility Dive,https://news.google.com/rss/articles/CBMiiAFBVV95cUxPMU5ZQ3kxbkNrRFF6a2tUQzNNeEtIeHA3TmlhTmxvYnhLbkFvTGp6R1BFTVlLanh0TFVNd3VuNTViZlEteHhiZmhTSDNFMXYxcm84aXMyekd2V2o5VDlsYlJVT1lIb29VeE5RZlpVajdfQ2lqdDcweFQ5WGhpRlJ0TjFsS2ZrR2R4?oc=5,Prevalon brings 80-MW battery storage online for Idaho Power&nbsp;&nbsp;Utility Dive
2026-08-14,2025-07-03,sector,Idaho Power,Energy-Storage.News,"US investor-owned utilities in Idaho, New Mexico seek to add energy storage, solar PV - Energy-Storage.News",https://news.google.com/rss/articles/CBMiiAFBVV95cUxOMUdXMmdlNGJ6S3pqSzRYX1hWMU9nSTNITERrRnNsRkxCQTUwSFVXdmYtYU5HNDJYc3FWc0lGZmNSR1ZwcFhqeHd1UVBHbkVUSVVNMjVKRTNXdXFYR1lCZndEMjZpUjJSekgyMDhuSk9ZcWxVUlZjR3g2cllnWEhJS01sMHBTWS1M?oc=5,"US investor-owned utilities in Idaho, New Mexico seek to add energy storage, solar PV&nbsp;&nbsp;Energy-Storage.News"
2026-08-14,2025-04-07,sector,Idaho Power,KTVB,Idaho Power partners with Pitch Aeronautics for drone-deployed sensors project - KTVB,https://news.google.com/rss/articles/CBMihwJBVV95cUxPYkk2cE5WNUkyN3VueEJtSWxMWDFIbFFpT1I4NXlhVXhJRG54RGJKWDR2OXByRjd6STR2SVNRWVA3UUU0ZWVWZVFPRFlkX1h2ZU9lTTdLRTJpYVg4OE4zOWxNNG5fVXZaRG9rRmZDejZxMkJNR2ozWXhBdTdJZTZNaVlwOHd3SnhQbngwWmc4b2hJaTZMRkZWNW5qRHlaSng1MGtyUEFhYm52LWY5VU1EZHU1RDVGbVA2YW1yZ05RRnFQUGtJX3lfM1YxTXRvTkJhQ2pUazduVjFOWWdIVEpnYzZDYlhGVmNNbC1YdmExMno5dG43OGRoZXQwcWxGa0I2d1Ridy04RQ?oc=5,Idaho Power partners with Pitch Aeronautics for drone-deployed sensors project&nbsp;&nbsp;KTVB
2026-08-14,2025-07-05,sector,Idaho Power,Capital Press,Idaho Power long-term resource plan reflects strong growth - Capital Press,https://news.google.com/rss/articles/CBMimwFBVV95cUxQOXgzUzllRlNEQUVFd1N5TXE2ZkdVcG50clA1MmR4T0FfSWNRdkpzZXVNTTRsbkVPekhlRkRJanh4aXlPRjlUbXJST3JwdWxEZDNmOXhSMG5pcmZvTWd5Z2N2RkZ0VXJtbzNzMEZ5djRJQThUZjZhRy1WSEEwM2VwaUNPdTVHamMtT1EtdGFPN0pWT1FwRXFzcjRmcw?oc=5,Idaho Power long-term resource plan reflects strong growth&nbsp;&nbsp;Capital Press
2026-08-14,2024-11-19,sector,Idaho Power,Utah News Dispatch,Boise Airport now powered by 100% clean energy through Idaho Power program - Utah News Dispatch,https://news.google.com/rss/articles/CBMinwFBVV95cUxNTFhMWW1ra1pvelpvT1hfMDNFN19IT1EtWDVJLU1SeVo3UU9VWWpUOFNGaTktOVZnVmhacHdGeUNMdmJTbDhOa3hHSTZoS3hJWXJ6Sk81V1V0azFPb1BnR3JzTHF2LUhIU25qRzRZZXVqdlktMm9OUFFlTWc2a3h1dTA2U29reHZSMW0tQm1HalR5dFIyZ1VJazE1WGxhMmc?oc=5,Boise Airport now powered by 100% clean energy through Idaho Power program&nbsp;&nbsp;Utah News Dispatch
2026-08-14,2025-05-30,sector,Idaho Power,Idaho Statesman,"Expect a big boost in utility bills, Boise. What two utilities just proposed - Idaho Statesman",https://news.google.com/rss/articles/CBMidEFVX3lxTE9DZDk1MFY1OW5hdDdCelBuRXhvUkp5NS0xVktaVGRZLVN3MVB3aHBwMWdHTGtfQzR5ckVRVjItOVlDWjZDRTN1Y1VvbmxLaUJldUF5cVB0eTI3MlNZTmZlTklFMWVrdlhjbWpWbGJvQ0FJRVJV0gF0QVVfeXFMTnJkNWdoRldGcy1DdWdoaDdoLW9QVjlKMEgyVzZ1Q3ZnN3ZaaUlRQ2lUWlN2dG5rVjJoZ0RJWGRsS29SUnJjZVdDS3ZQemxSZmMzYXdOejhoNGdhLThwTFRHX1h4aTI3UHpnNUpVeHlKQjF4QWs?oc=5,"Expect a big boost in utility bills, Boise. What two utilities just proposed&nbsp;&nbsp;Idaho Statesman"
2026-08-14,2024-07-24,sector,Idaho Power,Idaho Statesman,Idaho Power warned customers of preventive outages during storms. Here’s what happened - Idaho Statesman,https://news.google.com/rss/articles/CBMiekFVX3lxTE9VRE9QQ2YwZEpraUJfSU1MQVMtaW92SmJ6MnBaNkZoeDFJRzFubWVKZ0kxMmozMVZxME9hWmV1MENTMjh1N2xXS2JXdnFYTDNyV1NQbUYxSTZtVERZZ3RkTTlzZGJJTlhXSm1vWGFQZTlDYnhlWDNhZXFR0gF6QVVfeXFMTVhqOExvTXViQ3RmS2VaaHo2QkFVNE0wTzFqTFVhM1A3b3pDclJPQThKOWhmczFrcVhXOGJLcHY1MGIxdGlfS2VGTmU5U19VQktyTFd4ZS1zYk81ZFVPcVhKY0ppdEdtOVJ6NVZpd1kzbDZzeWhFTTJMamc?oc=5,Idaho Power warned customers of preventive outages during storms. Here’s what happened&nbsp;&nbsp;Idaho Statesman
2026-08-14,2025-05-30,sector,Idaho Power,KTVB,Idaho residential electric bills would jump 17% under Idaho Power's rate request - KTVB,https://news.google.com/rss/articles/CBMi9wFBVV95cUxOQjExNjNmNzQxb1oxQmJmZ1BabFg1cVlvUlh0ZE8yNGpvV3RVU0xNQmJEc1RTOTEyNlM5ZFB1T28zSjEtblZLMEtldEJsWm1BT0o0SS1qalpQa2RGZlJxYkVvN1NMQ0toTEY3TGphY1FGVHNUT0FHNFdCbW80UUJNNnYtSWw1ZHZTbXJFVmlEN0R1RFIzU0loNmhkVE0wSFYyTzliNVFJYWg0c0w3OEg3SWx2R1BZNVFiakwzd2VGMWl1UUdHWWFTVEM1cDBianhtZXg0b1NlNGhtWlQ2Wm5ub29hamRLQnNZVEdmMnY4aFYwVHh6XzdB?oc=5,Idaho residential electric bills would jump 17% under Idaho Power's rate request&nbsp;&nbsp;KTVB
2026-08-14,2025-07-14,sector,Idaho Power,Utility Dive,Nuclear could replace wind power at Lava Ridge site in Idaho - Utility Dive,https://news.google.com/rss/articles/CBMiowFBVV95cUxORGJJM0dPaUo1SXdkVzBwaVhfOVRFLUxBQXhZYXZWazJHYldCN1hwUGQyV29ILTQxZVZZYzJmcmR0LWk0bXJLdFlCcGtIb25NMlBnY29ZcEtzMUh3bXFRcWs2NUtDbERYVFBOVmpTdjd6NGhEMFBxOHRaam1HQWRPai11UkkxTXRHaktjaFNBT3FtZGVwMFR0X3JCNS1wWUF6Si1Z?oc=5,Nuclear could replace wind power at Lava Ridge site in Idaho&nbsp;&nbsp;Utility Dive
2026-08-14,2025-03-26,sector,Idaho Power,Idaho Statesman,"Meta, Micron projects will guzzle Idaho electricity, lawmakers say. Who’s going to pay? - Idaho Statesman",https://news.google.com/rss/articles/CBMilwFBVV95cUxNMXh2V3JjM0tKZm9zU1NrX0N1NGJEa0c2TktKOTBGamtOTnRqcWdvc19FVkNEeUhlQkFwUVBiZG9tQ0tRME92X2YwM3pwT0d4S2M5ZGhMVTVIbGs1SXJab2dOaUVKQW1vRGg2OVpxRGdTRjhNX3N2V0NoLVJjS0dEdXdwZjBZaUxLN0lFM3lMcFU3eENqbDRV0gGXAUFVX3lxTE1mdWdOUFd5MVREc252RVZBTS02T0hVeEx5VWtuWlZlb3dZcWF6NXNzb3F2ZkxwcUlobWh5U3dfT2hCRWs1bm42WHUwdnVXR1F2ZGdhcFRBMXk0RnRYVWpQZklnYjhJRDluakhCcUhoWHZ0b0R0bG4zQjlWTWo3VWlkSkJiLXRWRlhjWU5OVHdETjlTLXJaN28?oc=5,"Meta, Micron projects will guzzle Idaho electricity, lawmakers say. Who’s going to pay?&nbsp;&nbsp;Idaho Statesman"
2026-08-14,2025-06-25,sector,Idaho Power,Energy-Storage.News,Prevalon Energy’s 320MWh Idaho BESS enters commercial operations - Energy-Storage.News,https://news.google.com/rss/articles/CBMikgFBVV95cUxQZDFTVzU3aDBsMldKZEZEZmRLQUdfV3Q1a3hZamJPVkxaVXdKczZPTGV6UDhWMTg3VlVfc3lpUl9ZZzltVFVEQWxDZW5sSHY4ODBEZkhBVTZkbW0tclgwbXlLUHdHZ2FoNTR3WklMUXcxNi1CTVFQZ0FwTlRkT21ETXdGUk85amRyWV9pVEExaS1mdw?oc=5,Prevalon Energy’s 320MWh Idaho BESS enters commercial operations&nbsp;&nbsp;Energy-Storage.News
2026-08-14,2025-04-11,sector,Idaho Power,Idaho Capital Sun,Some Idaho Power solar customers fear their investment won’t break even under rate change - Idaho Capital Sun,https://news.google.com/rss/articles/CBMixwFBVV95cUxNNVVsV19TRFV0cVY3U2tDLTUtVTJlWVloQ2FSUkVXQ29fUXZ3cGx5ZmMzZl82LUJTRS1OQWdhc2NZZ2c5bGRhYThKeFBxWUs0UXR6TWk3YkhGY21MeFh6YUQzVnIyeWdxOUt1Q1hVWGlQNHgxc1JrZDlhS21uTFJfT2lYNm5vcGgwa3lGVzF2bi1pbjM2THhlMUd3aW1Db0phLTBCa3k1Q181M1Vuc1REVWlGLXh5M3BiU0dQY1BzbUxBTzFqRVNB?oc=5,Some Idaho Power solar customers fear their investment won’t break even under rate change&nbsp;&nbsp;Idaho Capital Sun
2026-08-14,2025-01-04,sector,Idaho Power,Idaho Statesman,"Your Idaho Power bill will go up, starting now. What just happened - Idaho Statesman",https://news.google.com/rss/articles/CBMidEFVX3lxTFBEY0k1S0VBdUpJYnpTRnlaVGdQRnR0TDVqN1MzNFVGM25FYlNHajZpbzdpVFNpVnhhM0NTWlhjeC0yMEwtRzVZRnVvWUdzcmxjRHBoN3QwRjNvWmxWSFg1V29lNWRndFQteTIwQlF1RjNiSjdQ0gF0QVVfeXFMTzc3ZE1JakxocWp2ZHZsM0V3dDFYT2NQT1kzWS1QU1ZsQTBRRmNIYndLY2haTW1ManlCRGJtQVF4NHBuZ29lT05GREZzMTBLSDNvd21WX1dpM2g3TkNYZGFxcFZJb0VGREd6b1J1U2YtZG1fMHo?oc=5,"Your Idaho Power bill will go up, starting now. What just happened&nbsp;&nbsp;Idaho Statesman"
2026-08-14,2025-07-09,sector,Idaho Power,rtoinsider.com,FERC Launches Section 206 Proceeding for Idaho Power - rtoinsider.com,https://news.google.com/rss/articles/CBMilgFBVV95cUxPY280Rm8yczZEdzhRSkpwQkNtVjZYOEc0bUtZQ2hMWU00Vm5URjhxS2VQUTEwZ1YtampBRVN3VDlxNmFuZUNYU28yN0VsNUNuY0MwSGwtT20tYy1McE83NzZDSVpKblF4RzQ5Sm56dmN0TllPNEJTMC13bXMwSDBhS3o4dURiTUVaVUEycVNTSGFYWFJXYXc?oc=5,FERC Launches Section 206 Proceeding for Idaho Power&nbsp;&nbsp;rtoinsider.com
2026-08-14,2022-11-04,sector,Idaho Power,Idaho Statesman,Customers fight back against Idaho Power’s proposal to lower solar energy rates - Idaho Statesman,https://news.google.com/rss/articles/CBMidEFVX3lxTE0weGtZSWt6TC1uWmY5aWNtV0x6NmNxS2oxN1VhR0RNLXZDLTlLaDd2bWVodUhwd2JNOGJ1TG1PTFdEaTlLRkxIeFozMHpKWmlOSTJ3S05Xc0xLNGZJOUZqXzEwOG5kVmYtaXR0SnBTcFNLNk9N0gF0QVVfeXFMUHJGQUU0RWVqQTFUUDRSbFROaFBYTkRrUWhBc3JGU2lsT0F1U2plNnFNYTZ2MnVzVmcwS3NnOTJHWEQ2N3BJRHRuczF2eXF6Rms0TmV5cE1xWDVLQWstNWctYlg5SXkxbnhuSEVDbnAtWDJOSjU?oc=5,Customers fight back against Idaho Power’s proposal to lower solar energy rates&nbsp;&nbsp;Idaho Statesman
2026-08-14,2024-06-01,sector,Idaho Power,Idaho Statesman,"Your Idaho Power rate just went up this year. The utility wants a hike next year, too - Idaho Statesman",https://news.google.com/rss/articles/CBMidEFVX3lxTE5ISlhfSEV2SmUwQlJ0XzFKMThVV0pIZWdwSVRNSDdIQ2hESTZKTEFtWDNReU5xd3Y3djdqWnNqSmZtWWZNY1RITW10WUs0d25TNU1WVUxkRWNkTDRPazZZbEdnaU5xTVB6LVBQYTBBQmJITkZ30gF0QVVfeXFMUEdjN2dRdS1oUVFOa1JjNnRvWUtqbE9fOXF0d1hfa1ZjSTNXMG55UkxWYXVBaGZPMEVaenpvNnNoRWtzcjNOQUN2X2hLdDFlczlYZUljU1hPV19TRjh4dldxdWNZR1BEZUlVNW1DZGhMdVdxM3M?oc=5,"Your Idaho Power rate just went up this year. The utility wants a hike next year, too&nbsp;&nbsp;Idaho Statesman"
2026-08-14,2025-07-25,sector,Idaho Power,Capital Press,Idaho Power receives its American Falls Reservoir water early - Capital Press,https://news.google.com/rss/articles/CBMinwFBVV95cUxPTlZ4RWltdGJUQ2o3NE5xdFVESFlpVTNGSXNMYkVvZjFHN0MtZXg2M2h5Z0ZGNUlOc0JOLTViekNyNmU0ZGNIZ2M3VDdzemt0WlRDMnBoWWk1ajFEV2d0UGtSdVh1R1pVTHZtbWdxQmRUSUlGdkJVU3lUMXdEZjBsWlhYRXZjYVlWbUh3TE1ZbmFXQnNhbHJ6aXVBVlN0LVk?oc=5,Idaho Power receives its American Falls Reservoir water early&nbsp;&nbsp;Capital Press
2026-08-14,2023-01-26,sector,Idaho Power,Duke Energy | News Center,Duke Energy begins operation of Idaho’s largest solar plant - Duke Energy | News Center,https://news.google.com/rss/articles/CBMinAFBVV95cUxQcExsN2NFOEJPU3RRbU9zOGNqN210Y1FNM29CaWd0Q3lzWFZNZ1BkMWExMXRhN2psazBOTkNJNTZ0Zk5EX2pGT0xwblFwdS1EZGMzdjVTTWxkZ1hXdjNVOV9mM01LWXd1M3NiUnFkU2Z0QlN3TE9oMFlMaHI5LWJZQ3FTOVRSSXJ4M29DQTVNeTlZQzhNZ01EMEQ0elo?oc=5,Duke Energy begins operation of Idaho’s largest solar plant&nbsp;&nbsp;Duke Energy | News Center
2026-08-14,2022-01-07,sector,Idaho Power,Utility Dive,"Idaho Power to accelerate coal retirements, add 3.8 GW clean energy - Utility Dive",https://news.google.com/rss/articles/CBMiswFBVV95cUxNY1hDQlZEa3h0ZjVfY200bXFDOTJPRV9lenoxRkR3dHFwLXdwZWpBamEyb0w0T2t1VVFqNnFXQXF6TXhOMEFnWGFaTEtJOHEtQ3NpTjVYU1lBR0JleG1RZ2FwUmJoeXNyQ2V2OFVaZ0RSbExyNUkyX1QzeXFYZGx2MFktdk5NLW5NZVJSTU5IdDNTYmtjYkhSdmJRUFdzaXNJWnltN1lOcDNjWkVFOEdBaThfWQ?oc=5,"Idaho Power to accelerate coal retirements, add 3.8 GW clean energy&nbsp;&nbsp;Utility Dive"
2026-08-14,2023-06-02,sector,Idaho Power,Idaho Statesman,"First time in over a decade, Idaho Power seeks base rate hike. See how much it could be - Idaho Statesman",https://news.google.com/rss/articles/CBMidEFVX3lxTE5GWjFTUnVBSXowcHhNX0x2Rmx6VjRUQ2oycDlFTlNObEVVWGdVSkVDUE41UFFvaUlVcjJkekRVcEVFSnhhZEtmTm5MY3plS2pJRUZaU05wdW5iS0JvZVdPdzk1WlZPNVRZM1hLQnh2dGFsTlpV0gF0QVVfeXFMTlg0MmRjYWdXMU5KQ3RMYm93bzUyY2NKSFFHZDJBOEJNaWx0ZWtXczZveDJzbi1hMHJNU1J4M19rTDVlejFzalZjZ1dWMVNhTHNsX20xRlB0M1lmZzA5UVRwT245ZkR0WDFlMmNaY25NUnBLcVk?oc=5,"First time in over a decade, Idaho Power seeks base rate hike. See how much it could be&nbsp;&nbsp;Idaho Statesman"
2026-08-14,2025-01-07,sector,Idaho Power,Energy-Storage.News,Idaho Power seeks regulatory approval of 100MW additional BESS after offtake agreement with Savion falls through - Energy-Storage.News,https://news.google.com/rss/articles/CBMi3gFBVV95cUxQa1pwWGprdjB6cjFWSmZleW5jbG1WTU9KdVF4Q0RSbHozZFBaXy1MaXJkbUswLTRUcWcxZU5zdllZLUNzVy1IOVJwalJuX1lBdnRUaDIzQVJCMElJVmhIdm1MSXRBUkg5OU1VQ3N1RGtwLVh5bGhSSEpSWEhoS29lalZNbldFa0Z2Smk5UmJFWk9paVphN1RMQThzMmhBUDYtNXN0NHhhcGFlNktMSTZIQXI3MVBSVmVDNkFlVWlsZlg5MUh6TDJYMnozbFJzUGlnZ0luMmdVYVI2TDhXMUE?oc=5,Idaho Power seeks regulatory approval of 100MW additional BESS after offtake agreement with Savion falls through&nbsp;&nbsp;Energy-Storage.News
2026-08-14,2025-04-07,sector,Idaho Power,KTVB,Idaho Power using drones to inspect power lines in McCall area - KTVB,https://news.google.com/rss/articles/CBMi5gFBVV95cUxQa3ZBYlVyWmRRay03VWZYdkR1WXR3MTFISUlDZ1pUSnBSMWZBX0ozRFRTVGR0S3ZFR1BPR3JIeXVBR0hQUUtJV0oySGMwSTA2SDQtdVp2alp3aFBpV1FPemVmelpQUVZaQkRVSjhzNm5mSm42YXRVbWNQSXdIajdZcTRNMzJLWmhwSVhyXzlfWmJ0ZzZDb3lXZTZfUmh1SmtDNlZOYVNDbU51dkZIa0J5N3U0eW9GMHFDc182WWxsMm0yNTdBYTJMNDljNjF1dndwTHo0TmhTZS15UVpOM0szdWlYSWtHdw?oc=5,Idaho Power using drones to inspect power lines in McCall area&nbsp;&nbsp;KTVB
2026-08-14,2025-04-10,sector,Idaho Power,Energy-Storage.News,Idaho Power gets permit for 200MW/800MWh BESS project after Boise officials deny appeal - Energy-Storage.News,https://news.google.com/rss/articles/CBMivAFBVV95cUxPekdST0hJaTdvVUZzMlh1SExKdjgweHJJQW9RRUFrRmhvalp5ZHIxNU1KX0xPdHliSW1GMU1QeE1ZWkI3WmRJR1pRR1VtZEN2em9pWkV4SU9nQTdjVkExVzJVdzZVVU9yeXNaMFc1c2VIOHJET2Zmd0U4eHhLeGRQV2ZmVHVRdEtJSHg2TFBXUlpLeGlBejBuYkdyaUtzZVloUlNuWVIxMHZ3bjJLMGt3aXFjZkFTWmk1Y05naA?oc=5,Idaho Power gets permit for 200MW/800MWh BESS project after Boise officials deny appeal&nbsp;&nbsp;Energy-Storage.News
2026-08-14,2025-01-16,sector,Idaho Power,Energy-Storage.News,Prevalon secures 200MW/800MWh second Idaho BESS project - Energy-Storage.News,https://news.google.com/rss/articles/CBMikgFBVV95cUxOUjk3ZldRNHQteTVWdWE5VHJDdm0yZ0hYX0s3UVZrNHo1Q2NRXzc4Qldlel9HakJpU2x3NmxCWHdXdE4xSThBVFdKWjl3UXkxYkgzLTdRUTczR1JZNjNWVGdIR3dydU1JREVZSWR5Qk5nTy11VEJoTUdfeVcwbThjZXNKRXQ4YXdjdEJrT0ZyVmRZUQ?oc=5,Prevalon secures 200MW/800MWh second Idaho BESS project&nbsp;&nbsp;Energy-Storage.News
2026-08-14,2024-05-23,sector,Idaho Power,Idaho Statesman,‘Unreasonable’: Idaho PUC decides on power company request to reduce wildfire liability - Idaho Statesman,https://news.google.com/rss/articles/CBMiiAFBVV95cUxQYkx6ZVZVdjhEX20yc1JyOXFyYjJCTDlKMTU0SnVKeE44aGJGSV84c3dTdUU0QlBIX1NYa2lhN2QzSDlSY3N5ZkpycWo3MWVhTWVEbDJSVnVUTjJ5RUdFRDN5ZGFPOUxmd3IwV1lZcU4xMDZBYm0zT0N4Mkx0S1U3aGpZbU1UWmgx0gGIAUFVX3lxTE1ZcU1fU3NBN0N0QW1ZNWljUkYzejRXTl9lVVFhZURoaGk0Sk1VdGVnSXBQY3h5S2Itd3p5N29wN1VaOE9jWlJ3Y1F2amJ3NUZnWHB5eUpCRGtRUm0xcjFnbVZ3blYzVXFOVmxCTWFZNTlwdTZBNk9RNGZTYldTZTNORXJXZW9Udmw?oc=5,‘Unreasonable’: Idaho PUC decides on power company request to reduce wildfire liability&nbsp;&nbsp;Idaho Statesman
2026-08-14,2023-04-15,sector,Idaho Power,East Idaho News,Idaho Power proposes double-digit rate increase for residential customers - East Idaho News,https://news.google.com/rss/articles/CBMisgFBVV95cUxQMFFoUzlHbkY0U3pFU0p0dWp0YzNhT1ZsRXlscGFqYTZ4QWFuMnBROW5HaTMyTmxmbTE2dVlJSDcwZkNlT0lBRmtlRllVMjItVXJjLVphM1B6ZFhqUmFJQklFb0xhRERINkJESF9nYTRZREZ3eEtsZTRxUVJYdTJoNFpqd2RCOFVZcXJHcm5LS3pPUGdTU3FrR1NMYjAtSFZHbV9qVFI2UDRuRHdUVldoLTFB?oc=5,Idaho Power proposes double-digit rate increase for residential customers&nbsp;&nbsp;East Idaho News
2026-08-14,2021-06-24,sector,Idaho Power,Idaho Statesman,Idaho Power asks customers to reduce consumption as state preps for ‘excessive’ heat wave - Idaho Statesman,https://news.google.com/rss/articles/CBMifkFVX3lxTE5UMTdYRG9fUDBZZDBnYUM1ZjdLTS1KQkVURXRLaFB1VUxYQUZwVXVzV3A2bjZvbEhDbUtRZlVZa0xFLWZQbGlPZkpLT2tkUlk0TFRuLW9TS2c4UnVIdUhBOU1UbEdQeGtyREZzOF9MYkdlU3NDbDI0RFc0MEFiQdIBfkFVX3lxTFBHbDVSWFlJWDBJUDFEME03eE5zN21pSUtTLTZMclpidDZmclFCdWxNejBRd3c2V3hhOUZoRnlNa0hDaVhzcWcybmRxdGU4RVp4QUZ1ZHUwWXVjM1NNa1hPQVVFSmxHV0F2d0M3R25Pa3VKSkhYQ3hHRjk1SHROdw?oc=5,Idaho Power asks customers to reduce consumption as state preps for ‘excessive’ heat wave&nbsp;&nbsp;Idaho Statesman
2026-08-14,2020-11-30,sector,Idaho Power,E&E News by POLITICO,Idaho utility’s coal exit sparks NIMBY grid fight - E&E News by POLITICO,https://news.google.com/rss/articles/CBMiiAFBVV95cUxQTlA0Vk9lZlRtMTlJbzJCQllTRy1iQ2NJYzJHYXVDSE8tZ1l0VVJJYkYwYUlTSXRMcHI1Y2dWTmpmckk2YkgyTzRtWlRWOW9HY1U1YjZraUlQemtTRlNvMWdqM3dhRHAwZElhNnBVOUQycVFnZFQ4VHF1TnRMM290NzdVSUNpdEFG?oc=5,Idaho utility’s coal exit sparks NIMBY grid fight&nbsp;&nbsp;E&amp;E News by POLITICO
2026-08-14,2021-11-05,sector,Idaho Power,KTVB,Idaho Power asks for new customer class for industrial cryptocurrency miners - KTVB,https://news.google.com/rss/articles/CBMi5gFBVV95cUxOaVQxc05mQmVybG96c2R1V0c0M1p0ekV6Y3BVWmV3dzJXUjZmd01vNm5KMkNxWDlTZlVWZDNhcjdGcWFXSDhpVE1MRTZpQlliUFd1Tld3N1NfWlByaFR2NS1EeV9LdTU4SHVnSVNpaUJSdVA2ZExqQ2JTbEVYWGpUUk9Ua3BEd0VENWNDNTA0X1RCR1NGUFo3a2ZxVmMwVVZHX0lrYVVQLXBTRThIRENiclA2dzhwdnEwT1p4Wm0zQU93LWFKT0FxXzBvazlKM2VhanI5LVl4UGlPb0dCQ1UzcWcwSU45QQ?oc=5,Idaho Power asks for new customer class for industrial cryptocurrency miners&nbsp;&nbsp;KTVB
2026-08-14,2021-11-15,sector,Idaho Power,KREM,"Hundreds across Spokane, North Idaho remain without power after high winds - KREM",https://news.google.com/rss/articles/CBMitAFBVV95cUxOTXVyOGJEZEJqSEVlRzFEMTAtMHV2VjVObzV1ZUxPcktDLTQtaHY4ZjRxUUJQSWZFc0tLUExLd08zOWdGRnMwVW9maGxhMUN4endJckg0Q2VoZWE1WUgtSkRzdXIyc1J2bjhtTTZhRThEaWw4cWVXNWN0aFNXangtUlIyeTA4Y3doQmJrOEg4QVlXcjlKQ0JIeHpYOTdHZlpkWFUtZG1UaDBTYkQ0NjhpRkxQaWs?oc=5,"Hundreds across Spokane, North Idaho remain without power after high winds&nbsp;&nbsp;KREM"
2026-08-14,2020-03-17,sector,Idaho Power,Idaho Statesman,"During pandemic, some Idaho utilities won’t cut service but tax relief deadlines remain - Idaho Statesman",https://news.google.com/rss/articles/CBMieEFVX3lxTE0waEwxZlktNDRUS2Ftd3pPZmFObDJBRlJpaFl2Q2dvdzd1bXloRnZCSWVVRFk3eXZSa1JJaHBYZXVvbDhlQ2JTS2hVZlA4djllanl3M1lKbXNWS0c5dHRrNnViaTBBWm9KMWZSdERTbklIUUFiSmF4bNIBeEFVX3lxTFBHQzN1QlpjT1JRZkNXTXliVDh5MU1UUlprbEU5SXFXRDlHMlFuaVJCTWlVU25USFpuMG9lRFViSmVpSGt1MFhrZDItSzc5YXlQOWt2dnprLWVaOS1fblo4UW9sLVpBb3RQWnJkT2NyRWd5dUJodGw2bw?oc=5,"During pandemic, some Idaho utilities won’t cut service but tax relief deadlines remain&nbsp;&nbsp;Idaho Statesman"
2026-08-14,2019-12-16,sector,Idaho Power,East Idaho News,"‘It’s really scary to us.’ Idaho Power, customers at odds over rooftop solar panels - East Idaho News",https://news.google.com/rss/articles/CBMiuAFBVV95cUxQLXo3X0cxTGVTM2x2WnotaUl1RmZUckhNWG16am0wSDJwSDJURmdrTUw1NEZVeWtERlhVdlhVdW1QT09HUWFheVdnYlBjVENfZmdJcWQwUjNiR2lMbi01OFJLOTBveUlWZHFFMTJtTWtOTUFzTnR0SUREQ1h5dkJwNVNBYnpXcENYLWxPWEFidVM2UTdVUlVvbmQ2cEZCY1QwWjdlZS1Obk4tWG1YaWd0TmVjM2hGVTZD?oc=5,"‘It’s really scary to us.’ Idaho Power, customers at odds over rooftop solar panels&nbsp;&nbsp;East Idaho News"
2026-08-14,2026-03-27,company,,Hunton Andrews Kurth LLP,"Hunton Advises on Puget Energy, Inc.’s $900M Notes Offerings - Hunton Andrews Kurth LLP",https://news.google.com/rss/articles/CBMijgFBVV95cUxPTE85Y1F3WHlxa3lIRndGUnZ1SjhNeThxTENvYmhkY3RydDVXRFBDUW1OeGFXMFVoLVVUUWJwODVNSUpTdUdWM2RleUM4WHpDcG52NVJIdEVwaUZhVWNwZFJpSGQ1RDRnNGtLZmlKODVJREZlNjgzZWJ2aF9XejZvQjJlNmRDSjNHQ1N4RXdB?oc=5,"Hunton Advises on Puget Energy, Inc.’s $900M Notes Offerings&nbsp;&nbsp;Hunton Andrews Kurth LLP"
2026-08-14,2025-10-11,company,,Tacoma News Tribune,$72M Puget Sound Energy training facility opens in Puyallup. Have a look inside - Tacoma News Tribune,https://news.google.com/rss/articles/CBMidEFVX3lxTE01Y2NmRlBwc0dveENISzB5NzhfYXJDQmZWeEJXRmRBOUVRb1dsNFdHMjc1R0lyYzBDYWlUbWxOaU91MGlXNzkwWWZpclBxbXZUeE02NVNIalBxUGt4dHJva3hQZlJUeU5wSmV3N3piZ18zLU9r?oc=5,$72M Puget Sound Energy training facility opens in Puyallup. Have a look inside&nbsp;&nbsp;Tacoma News Tribune
2026-08-14,2024-10-18,company,,The Business Journals,Puget Sound Energy lands federal funding to improve the power grid - The Business Journals,https://news.google.com/rss/articles/CBMipgFBVV95cUxPTENSN19Dd1lsQWdtcUd0NHMySkEzUWRYcFF1Y1hGWEdzWVdVV0cwTVRHcEJzd2V6a1JfN2tLdXpNSHlleTljTThoOVd5SHF6OTRzeHdQNW9ud2ZkSWJWR0dQMlltQmZHc1N3S3d4RkFpZThMY1BHdHoySF8xRC1KSlFVdkNScnpUcndEOHF5T19RZUtVQWdxSUtuY0I0N19HSVQtU2lR?oc=5,Puget Sound Energy lands federal funding to improve the power grid&nbsp;&nbsp;The Business Journals
2026-08-14,2026-07-26,sector,PacifiCorp,WIBW,Pacific Power requests rate increase; Utility Commission invites feedback - WIBW,https://news.google.com/rss/articles/CBMisAFBVV95cUxOVVVLQWZtUFAwckVaeXJsWkRRdkoxYURoZ3lVcklGY2NTenRyeHVIMWlKblRyd3Y4YklkNFg0UzY0Y3NPVEJTRGU3dHBYMjM5S0lrekpRb21GX0xGaHpUamZjRWJTbE9HVmUwLThvNFVHVkgzaUxUSjJTQ19SakoxcElTNTdkWkdBUy1fX0VScmp4WHN0Tms4clhhVUtsR3dGdWFvRXppOElpOTV6aEstTA?oc=5,Pacific Power requests rate increase; Utility Commission invites feedback&nbsp;&nbsp;WIBW
2026-08-14,2026-07-31,sector,Portland General,Stock Titan,Portland General Electric Tariff Lifts Data Center Rates About 30% - Stock Titan,https://news.google.com/rss/articles/CBMirgFBVV95cUxOTEI4Z0xRdDBYZG1wd2tVSXpHZF9tMC1uWEtCNS1vVlZfTkdOTG9XRkxNM0xpYlp4a3BWQjdSdG1WVzc0YmZST2xLazdaMHoyOWpRN3BHSTA0R1dySXEzb0U1cDJ0bXBZeFd4WUwxWDIwMVZuWXdKQjhXaHU0SmV3VWFjbExtQkNWdXJ6OTZ0X016Wno2bmhvdXdxVlA4b3U2RXo0Q0gySkczalBsaUE?oc=5,Portland General Electric Tariff Lifts Data Center Rates About 30%&nbsp;&nbsp;Stock Titan
2026-08-14,2026-07-16,sector,Portland General,KGW,Lightning strikes set fire to PGE substation in Cornelius - KGW,https://news.google.com/rss/articles/CBMiywFBVV95cUxNSHVrWEw4V2xhTjhua2hRSTFmM0ZJZzB0U0I1R3djVVM3cVZOc2RsbHBwb0tScW9NMEJaaHFGcFdDV3cyWlZra09sak1OdVgxd3p6WnNTYTV1SzR0MXlzOGFvVlowU0FqZ2todDJabVdpMklBRFBMUVJfOHIybEdRRVpLd3ZpT2V0NHEzMll4SnlBdHFta1J2MGRRemxQSHpjWUZ2cWY3NDlaMkpYRkFoTHE0TmpFU2w5cE1sVFJHVXlmZENVSDRJbWVGSQ?oc=5,Lightning strikes set fire to PGE substation in Cornelius&nbsp;&nbsp;KGW
2026-08-14,2026-04-15,sector,Portland General,Oregon Public Broadcasting - OPB,Portland poised to approve higher fees on road construction to fund street maintenance - Oregon Public Broadcasting - OPB,https://news.google.com/rss/articles/CBMingFBVV95cUxNejc5WGZ0YkVKeHdzVGZReXpaS3M5a1A5b1JlMUpIZVp3ODhwUUFqbHd6ZkhVYzVUZnJRWElmc0hXTkdHbHNuV1NoNmZiZmh5TkpGRllVOFJrN0dNVkI2bmZtMVE1N2ZsS3R4Y0dTNjlmd3llVHNYNGVTaWJvd0ZpT3RTcFpsQVVkdzBZVDJXcUlQckI5OXdWekQyZWVKQQ?oc=5,Portland poised to approve higher fees on road construction to fund street maintenance&nbsp;&nbsp;Oregon Public Broadcasting - OPB
2026-08-14,2026-05-07,sector,Xcel Energy,kvrr.com,Xcel Energy ordered to refund $40 million to Minnesota electric customers for power plant outage in 2023 | News - kvrr.com,https://news.google.com/rss/articles/CBMigAJBVV95cUxNczVCUVVCWHRlRlN2SmNqM1VaX2Q2c2JDV3YwS1d3elJYUGRKR3pUYmp5cFE0Ujh1MlB2WlN4Y2gtRy1KYTF0VXYtYUZDdmxtZlhFdmpDemdvc2dRY01NSllzNTNfVWlFUWZlOVVzUk9tZmlkdVEyMGUxM3h0V1FxMXlCd1BXRXVBLUZNbl9DeFpEc183UVVfZFF3Zkd2aENGdEJKUjNqT0R5MlltYTliQlRoRFVhcnVEc1ZtdFVVQ1Z2UXZkUkx0Nm9WZnFmWmF2RkhpV0wyb1lGVjNGZWxOOTZiUVI2a1VaOUNSbElmQTVIeTF1a0hXVThkWEFwbFBy?oc=5,Xcel Energy ordered to refund $40 million to Minnesota electric customers for power plant outage in 2023 | News&nbsp;&nbsp;kvrr.com
2026-08-14,2025-12-16,sector,Xcel Energy,CBS News,"Emergency crews in Colorado prepare for strong winds, possible Xcel Energy shutoff - CBS News",https://news.google.com/rss/articles/CBMinAFBVV95cUxQODBGLUJpTmQ2dTF1QU1TZUFSVjlwZ0x2QWs1bzlHb1NGRDI1VURxbjNkRWoxcml3Tnd4Z1p6YkNUQmVmZW9KRG00ckJaZkVQUzgwRVFlTjZYMW0wN2tjUlpBbjUxU3YzcXVGZEl4b0tYZjgyNE9NQkpwSzEycEVDRlZIRDRQOVJGYnd5b3hBemw4LXZxTk40Z3gxTGnSAaIBQVVfeXFMUFJEWG5laldtWU92SlNUbWdGbktrS0Y1SGJFZ1BQWmJ1UGZIZ2ttand2UUN3ZWlzc0w2Nk1RenNIMnNydnM3OWxDUzJFdXlPbkQzbGFJTmgtRDFFV2hzVXBWYWxsc2xQOGx5TFBBNWhCNzREM080SUNhQ0k1Tl9YN0g5bDRmaDBaM1pyQ1VnWU9FMHVMYi1vQWhNRWRFNUdoSS1B?oc=5,"Emergency crews in Colorado prepare for strong winds, possible Xcel Energy shutoff&nbsp;&nbsp;CBS News"
2026-08-14,2026-03-17,sector,Arizona Public Service,power-eng.com,APS seeks license extension for Palo Verde Nuclear Plant - power-eng.com,https://news.google.com/rss/articles/CBMilgFBVV95cUxPZXFvUUtlSUYwc29Id0E5SFJHYW1ldENycjVPOEN6TzFtZFBtN3ViTDBwOVI1Um9Nd0JiMFhuN2ZNb1dTNGVhX1FpZ3dQdGVrbFN4cGZGeDlicVBIWXdMVkxmWTU0SzRWeTBtYmVnd1B5dGxsUXlqeDZNVHU2a01pWDNxMElUbjlGQmhLS2RtVnQyeE55UkE?oc=5,APS seeks license extension for Palo Verde Nuclear Plant&nbsp;&nbsp;power-eng.com
2026-08-14,2026-04-02,sector,Evergy,utilitydive.com,"Reject Talen-Energy Capital power plant deal, PJM market monitor tells FERC - utilitydive.com",https://news.google.com/rss/articles/CBMiggFBVV95cUxOczl5dWJuQ2RVVWJxalJpQVZkdGk1V0Nkend1V3UyYnZIRVNjQ09lTU1HX2dfREFBZEp1eElNYkNMTm5sTXhKSElYMk1DanZGZGJqYUF3c1ZrN1pDTEYtR2t4U05Dek1lTVBHNWJ2WUFRWFo1Z0hNOXVnTXotT0xTUXFn?oc=5,"Reject Talen-Energy Capital power plant deal, PJM market monitor tells FERC&nbsp;&nbsp;utilitydive.com"
2026-08-14,2026-01-28,sector,Evergy,828 News Now,Duke Energy seeks double-digit rate increases - 828 News Now,https://news.google.com/rss/articles/CBMiiAFBVV95cUxNbzBiU25Eak50YUFqY3RhTmNCOVd2dG0zR1RTSUtsTWFsZHdreVJMWXdySlo4QnVRbVhMWG8xWGs3SFBSNkVNLUVfcXRQTndFeHhnOV9pNllramtGc2JnM0FteVJwSmpQVDlqQzRmU2VYcW9OSUlvckszdDVPSWdfZmR5ckh4Nzdf?oc=5,Duke Energy seeks double-digit rate increases&nbsp;&nbsp;828 News Now
2026-08-14,2022-05-16,leadership,,Business Wire,Xcel Energy Announces Leadership Changes - Business Wire,https://news.google.com/rss/articles/CBMingFBVV95cUxQNkhNMm4tM0ZOVWdUdzBPZ1BCWlhzc2xBZS05QUx1Q1dtZ3NScllwbnJvbk14YWo5THZwajQtOTlBcDZlcW8tQ3FjdzlsaFZKa05sanY4ZmxwNkgtS2ZHNGgwVFFmU0hvOHE1NFlYVzJHbE1XczVtMHZTazR3WTh4QWRXUDM5alZrY1hUVndhbEtPRDJpZ2I0bWtKUWVmQQ?oc=5,Xcel Energy Announces Leadership Changes&nbsp;&nbsp;Business Wire
2026-08-14,2026-03-05,leadership,,The Business Journals,Bellevue energy tech company cuts leadership positions as part of layoffs - The Business Journals,https://news.google.com/rss/articles/CBMikwFBVV95cUxOdmlQUThWaml0Z2xjMmZvUjR3OV9Sd0U2TDQxclNIVnoxWlRyMElXbzVqUTR5N2ZzdnpjVUVVNXlHSURwV2xTM2lwaXZqV2o2UDE1clZleDQ3cXVINGdmTU1pdmkxLUx1Y3BvQWkwOUlaSGhkWXNNaVNGNmxkcUJ4UzRUbnRlbk10X0RZNmlwU09hSEk?oc=5,Bellevue energy tech company cuts leadership positions as part of layoffs&nbsp;&nbsp;The Business Journals
2026-08-14,2026-06-28,company,,The Seattle Times,PSE electricity bills have skyrocketed. Can anything be done about it? - The Seattle Times,https://news.google.com/rss/articles/CBMiwAFBVV95cUxQMUpseXlQTFJnU0FyeDhjS1hpQ2NIb0hRd0lydzMyLUcweWFabm84eTlMSEh1eUdOdldwOUFzZE1QMzdiaHUzZkhRR0xvTVpQWWZ0RU4zekxlUFhFTkVoUzdEX1RJZGdPYlZBTmtpclVORzdWY0xCbmZZWlAwZ0RGM2YwVkFNVzBac0padEZCT0dtYm9pTFhOWUN5R19MZFg2Q1ozRGQ1ODh6NllkUWFqZkk1eXl3OGVVRWVTR3VUckI?oc=5,PSE electricity bills have skyrocketed. Can anything be done about it?&nbsp;&nbsp;The Seattle Times
2026-08-14,2026-08-14,company,,Kitsap Sun,What potential change from PSE to KPUD could mean for Kitsap customers - Kitsap Sun,https://news.google.com/rss/articles/CBMixgFBVV95cUxPbXEzV2Zvd1BJUGNIcmhCZTU1MnMxWVpBRjlHLXd1Y0xXNmVfWHFSWnB5M0NrRlBSSVpqbHVsUXRWVUV1TXdMcWRYU2h2bVE2NzdNMkxxVlZyREoyUGhOYV9DNEdzR1drQ3JWekpENGIxUnhET1JmRUZ4UUtXdWdTajZ4YTZGZGUzRFdxQ0g0ZUFEV1luN1UtOUdFWVBwelRyUElET19GWU1adFFQTUZET0QySlcyLU5jTkloU1YtRV9fUmtKcWc?oc=5,What potential change from PSE to KPUD could mean for Kitsap customers&nbsp;&nbsp;Kitsap Sun
2026-08-14,2026-07-02,sector,PacifiCorp,La Grande Observer,OTEC drops proposal to buy PacifiCorp’s Wallowa County territory - La Grande Observer,https://news.google.com/rss/articles/CBMipwFBVV95cUxNRFRycDVIVUcyV01jaXY1RkwtWHBMUEZ2WGVWWjNxalN0WHNzOUhjVUk0ckozRUJLZ0xhdHAwckhHSXZiRHRXZS1CcmRrNnhHTHdLX0FXTWVjZ1lGSWJieHg2aFhDN1BUanRsQUtXcDFfT2x6UkNkMnVpZ1lVRU9nbm50TWk1QldBb0Nta3pKbVVYZnppWm1KdjN3d0FZbUxpUUw4azFtcw?oc=5,OTEC drops proposal to buy PacifiCorp’s Wallowa County territory&nbsp;&nbsp;La Grande Observer
2026-08-14,2026-03-09,sector,PacifiCorp,Latham & Watkins LLP,Latham Advises on Sierra Pacific Power Company d/b/a NV Energy’s US$600 Million Notes Offering - Latham & Watkins LLP,https://news.google.com/rss/articles/CBMirwFBVV95cUxQQXJPRGVpMEplWXVjbWg0ZEVKTDhJYkl0aE9ndnVCUFo2RUw3a3NFMDl1TW5jUlc3RmlWRTFCVEdkeURaeFd4TjNzOTFfQXc0eDRnd0NEU0NBWUpZMnJVVW5OOXBlZWlsZEcwQ2FSdW41ZExvZ3B5OHJFMEN6TmJrWVlhNmJtSXgyTVZyYUdqYWluVGNLN0tBM1dJVjFSdENCRmU4MlREckNldDBTdmJR?oc=5,Latham Advises on Sierra Pacific Power Company d/b/a NV Energy’s US$600 Million Notes Offering&nbsp;&nbsp;Latham & Watkins LLP
2026-08-14,2026-04-17,sector,PacifiCorp,Barron's,Berkshire Hathaway Energy: Buffett’s Utility Business Could Be Worth Nearly $100 Billion - Barron's,https://news.google.com/rss/articles/CBMiiAFBVV95cUxQcTFaUFgwZEpxa0RwVEEtSEt4dXFMQXZoWGRIMUZVakpiQW03UnVXWlNNbmV0dTREU09sM0Nzc2RORGJBMFZJRUl1djJVNG05cnlBaFlKN3BPbkxmX2s1Q1MtVjc2eTNvQ2ZsSnFyX2pNcWJMR3dNZVNlTVJaSHRPdzZGbDBVTjMt?oc=5,Berkshire Hathaway Energy: Buffett’s Utility Business Could Be Worth Nearly $100 Billion&nbsp;&nbsp;Barron's
2026-08-14,2026-04-07,sector,Avangrid,Utility Dive,"Eversource, Avangrid ask FERC to stay $1.5B refund decision - Utility Dive",https://news.google.com/rss/articles/CBMiiwFBVV95cUxNeFVHRGRwQWtrOXdKUGY0ejdWSF95THZOSVdlUDVRbDFwUEY0aU0tblJqTG5zeENGaXpMMjNyNV9rNmdVTFlZZ2Q3REVSalF5c3Zjei12dlhVd2FuRzg3VFNORmozbXJ1S3ZvcUFtRmctVnB4eThZajNwaEl0aUJKNjZIQXhNOEQ1UWhF?oc=5,"Eversource, Avangrid ask FERC to stay $1.5B refund decision&nbsp;&nbsp;Utility Dive"
2026-08-14,2026-08-14,sector,NV Energy,Nevada Current,"PUCN denies public session on NV Energy’s data center-driven resource plan, advocates call foul - Nevada Current",https://news.google.com/rss/articles/CBMiywFBVV95cUxNNDh0Vm83WjZqd0hfMmhrb1o3R3YzakJDaFZLMEl5eFJjYjBBRFEwNHRKQU8zdHhBOENoaG9rdGdyc0FHWWsxSDlvT1E0MlZyT29zbkZFVHRRdlpUV2w2R2s3ZFR3LWJENmJ4WG5mM19QV1YzR2Z0VnF4R0ZXQzIyUEZleHdfY05nenlScG8wdlh6SGdONzhIR3lqOWJ2NjhZb2VJOFlBSGRyQjEyc3RMMWRWdnZEeGtxTlFBZ0hmRmFHQ2tDalJTYmY3dw?oc=5,"PUCN denies public session on NV Energy’s data center-driven resource plan, advocates call foul&nbsp;&nbsp;Nevada Current"
2026-08-14,2026-07-30,sector,NV Energy,Straight Arrow,Data centers want a closed-door deal. Nevada’s electric utility is suing to stop it - Straight Arrow,https://news.google.com/rss/articles/CBMiowFBVV95cUxNNWlHcGYzLVNEVXBkazItYUVpWXRPUF9oV3RDcTJ4WXlCbjMzenhUS2prTjViX3l6Ujd3dHlkbzNhMnVyODVUN2xjaDBsbTF5TXd1TXFkZUQ3cV9JX3UxOW5ETFJjWUU5WnV5ekFXaUJtbG5uNjhHdjJ4TWFhOVNEYmZKRDRnTjA0bVJyNzJXbF9CXzZ3YW9CSEpBeE5YRjRQbVJj?oc=5,Data centers want a closed-door deal. Nevada’s electric utility is suing to stop it&nbsp;&nbsp;Straight Arrow
2026-08-14,2026-05-19,sector,NV Energy,Yahoo,"Hiltzik: A surge in Nevada data center construction threatens the electricity supply for 49,000 Californians - Yahoo",https://news.google.com/rss/articles/CBMiiwFBVV95cUxNTUxuaGhZRHk4eU5qQklWWXRUTU1jY1hIZk5oemFpRTZyVG1ub09lc1RUaDJxb1lib3lmczRuaENSd3E5aUxxLTdpWkF0eFR0eEdnWjB5VWxhYWgxbHBuQ19Uejl2U2wtSHZOWS1XVFpiZldfT09DWTB5S2NtZlo2dXpzMFRicUtZTmtr?oc=5,"Hiltzik: A surge in Nevada data center construction threatens the electricity supply for 49,000 Californians&nbsp;&nbsp;Yahoo"
2026-08-14,2026-01-14,sector,Arizona Public Service,RTO Insider,"Data Centers Can Drive Down Rates, Boost Local Economies - RTO Insider",https://news.google.com/rss/articles/CBMilAFBVV95cUxQei1Va19VTUlseXctLVRzZ19LcGtDRVplZWxiVlBNcGtNTWNlRF9OaUtrRWVIdEdnZ2ZXZHdLTVhCWWI1U3hEM1k2NTA0ZWZoaXA0eHhNTTNobDZ0SE1tem5MZ0w3SmFGSGg2bDFqZXU5cm4yRmdYa3BkZmpYWXh4a3BaVld1X0JwRXoyVVB1eDl5RVZk?oc=5,"Data Centers Can Drive Down Rates, Boost Local Economies&nbsp;&nbsp;RTO Insider"
2026-08-14,2026-03-04,sector,Arizona Public Service,azcentral.com and The Arizona Republic,SRP customers could see summer rate cut as renewable power rules die - azcentral.com and The Arizona Republic,https://news.google.com/rss/articles/CBMi4AFBVV95cUxPdHQ2djlRTml2VUNRRERURUMzQXE0ZWNFTHBXOEpZREVRdS01bTY4dEptN3hDcUlJWFFpanIteUVQeWpqc0Y4WFZEeExpb2lIQ0Z1c1RIdjBSSVczcjBYS3JyLU5YSEZ2M1NkeTNiSE9OOHRqNER6Tm13YWxvRkVUdTRvdkR0VDZBTjZUenBxUzRCOXl6cTUydElfdDBJNW9pUkZaLWlMcWhLTk4tNEcyVl9fTENaSDlYQjh4Vm5sbEtiSlRRNER3X3R0R3BlamZka042SVZYMElpYlIwbUxVNw?oc=5,SRP customers could see summer rate cut as renewable power rules die&nbsp;&nbsp;azcentral.com and The Arizona Republic
2026-08-14,2026-06-16,sector,Arizona Public Service,12News,New AI cameras will soon help APS monitor for wildfires across Arizona - 12News,https://news.google.com/rss/articles/CBMi2gFBVV95cUxOdExVdmtuMTFnODhoY1Nzd3Y0VllYUXZkTF9GZnVqN3Y3S3BTUUdsLUpRWDBvc1h5bVF4OFZtdFU3OC1MV1BWS3NHRFUyOU9ZM3ZzYmFLUVpsZkh4S05aQk45b0lSMTVHczVaaTdsbkFzY3NtYU5EMUlqelhPQkNzLUJWN1dYcmN1UnJ0WVVqRW9IWEZSLThYTzJnWFFyUXBvMjlkM1c4SC1KUzE1OExJWjJob2FKRjV0eTVSYnc4T3l5aGMzOVc0LUJXSndxMVVHMVQ4QU9lUE44dw?oc=5,New AI cameras will soon help APS monitor for wildfires across Arizona&nbsp;&nbsp;12News
2026-08-14,2026-06-03,sector,Xcel Energy,GuruFocus,Xcel Energy (XEL) Announces Settlement Agreement in Colorado Rat - GuruFocus,https://news.google.com/rss/articles/CBMiuwFBVV95cUxNaW9nUVRGclJVOTczd3VGMnJGNV9ENEJlUUw0M21SZXpDU21YZ1FEeXJhN3FIOWZpMmxNa1VJQVZjNVBkemgwSUxWdHVBYUxnQS1aa2tfV2pIZ3RMVDlYMFpBekx0OUFzbmhBNmNLdTdXNnktNkI2cjlwTU5LMTFFVndaNWR0ZHpnNWxNU19VZHlzX2RuZ2dZYkR5Vl80V3dnVHJqemtHaThBVUZmWGRVamdOaWlXLVNNQnFz?oc=5,Xcel Energy (XEL) Announces Settlement Agreement in Colorado Rat&nbsp;&nbsp;GuruFocus
2026-08-14,2025-12-12,sector,Evergy,MLive.com,New Ann Arbor energy utility may offer customers flat-rate billing for solar - MLive.com,https://news.google.com/rss/articles/CBMixAFBVV95cUxQaXRuZVhOekVnZF9ub3dHWk0zc2hkeVAxbGllSDN4a05nTXJTYjdGNGNacXFONGhNUThXTXRNTmtkQTduazlGRHVNUm5VUmtaTUp3Q1lMY2RMaHJ6UlJOem1TZUgyeVI2dDlDLTNVaHdLazFCbFVIa0FMcG9fTWJ3dVAxNEFYUzZKejlXalNhTllTSVVQY2ZkNFRnM2xCOVM4WlU5RXZSdXExN1NPZkQ3bDcyZFdMbnF5Y2FfTnJKbV9JVzBj0gHYAUFVX3lxTE9xQWJpQnVnWXZPTHJsa0ZINGZqWkxkSW5EbGRQRXJnZEdCcGg1cGVTU3A2QXRTZWRVNEU2OVFmYTNRY2FpUmphR2w5dUg1bUsyYzROUTJBM0dlWEdDY1B1TjdvS21VVzhJYUdXSGZlV0c4R0RHbDB2Sjc4cmYxWEFYQk45aUhkSzlXVWc4eVB1cVJiejNxRzVPVUdEclJwaWx6SWlBdHBNNEJWNTdDTm1ucWRPMkNtNm1RYjdGa3dLMFpuUXMxZjZCTlplMkFUT2ZodjlUUUxKeg?oc=5,New Ann Arbor energy utility may offer customers flat-rate billing for solar&nbsp;&nbsp;MLive.com
2026-08-14,2025-10-06,sector,Evergy,Utility Dive,"Newsom vetoes energy bills on virtual power plants, load management and interconnection - Utility Dive",https://news.google.com/rss/articles/CBMitgFBVV95cUxQRU8wVmgzZkQ2NnZUXzlnWDFKRlVqd04xdzFJaGg0ZzhkSnJlamdYU21Ed3lkd3Y5SEVOZnVBdWJJNHFUcFFrNnQ5QzgxcTBXeDdtczBlR1lGbTJVaU1tMndQVlRSSE5CZ3BjX2t6bnI1U1BORy1CUGh5SEZJRUc4cDJ6ZExpRTMxNWs4c2xIQXpmT2lzcU9yTldYV1JYc29ic2tSbHNiREhKWW0wV29sU1haNHRjdw?oc=5,"Newsom vetoes energy bills on virtual power plants, load management and interconnection&nbsp;&nbsp;Utility Dive"
2026-08-14,2026-02-11,sector,Evergy,TradingView,"SOLV Energy, Utility-Scale Solar and Storage Services Provider, Files for Nasdaq $513M IPO - TradingView",https://news.google.com/rss/articles/CBMi4wFBVV95cUxNQTdacExOSlQ3VDQ1SGxQeE4yUk9GaWhmUGtsR3Y3cElHaEo3VTZVZkppdjE5ZHdCWU9oazVWOUVZaC1FUEJiZExUdXNKelBuZUsyczU0NWZaMm56Y0RiUTY5MVVocmdmQ3VtLUdBUm1mYzEzeU9weXd3Z1lKc0pQVHJmcV9Tc1JwRWlyVDBkdGdPUlo1QkUzZUFXcGFyelI4TDQyeVNZdmJ1a2RvZVAxWnF1RUlqV3dGWGJCOGJQeFFPZVQ4SGFHX0xzYmNRXzFjVURqZEdmb3RWN19KX1dSbUtTdw?oc=5,"SOLV Energy, Utility-Scale Solar and Storage Services Provider, Files for Nasdaq $513M IPO&nbsp;&nbsp;TradingView"
2026-08-14,2026-08-07,sector,Idaho Power,Argus Observer,Oregon Public Utilities Commission OKs wildfire mitigation plans for electric companies | Local News - Argus Observer,https://news.google.com/rss/articles/CBMiggJBVV95cUxOZ1FSM29ubEExRVdpQVBwZXFVQV9JdlE3RW9fSUcydml3OUNjSXB2aHYwcjZFLWJTQzI3bS1TUWpPU0p5Y1hnSWlucHBpUzZfZ1p0MURwalc0TDFqWHBDQXh5N0pHRUxybG5NSG5PNWk2YTVkWXkyOWctaFNLYlN1bC02NE5XME82em5kc1VndUp3Sl83TExJQXJpc0JDcW1NVE5YMEVtb0hGUXpEZWVtVy1PWVBKa1FtV1hPS09scnRpOTBXNmgyd1RuM0laQWtTUzU0bWhoVGhqSmR0emMyNHBwMHBUTGVtZTM4MnpUV3ROakVpOGVhWXUwb19iMkprUmc?oc=5,Oregon Public Utilities Commission OKs wildfire mitigation plans for electric companies | Local News&nbsp;&nbsp;Argus Observer
2026-08-15,2022-05-16,leadership,,citybiz,Xcel Energy Announces Leadership Changes - citybiz,https://news.google.com/rss/articles/CBMioAFBVV95cUxOeXJJaGhXYWpuU2NMMUVPYVl5b3ZvZGVBeVBRMnRJSlJId0ZCSUNuV2pFd3JHOWhmclVhRjhUYURTcHZVWmtBLWVKUVZFMlpSZmhUZnpZdUFQbW12dDFqamZ5bTNfWHRxRWNvRE1CdmlVa3hkTnNodzJtNlpiQUJvSVVoSEtqWm43emhMYktEb0hnTFEtT2tqRHpmNlNDMWNl?oc=5,Xcel Energy Announces Leadership Changes&nbsp;&nbsp;citybiz
2026-08-15,2025-10-01,leadership,,The Business Journals,"GSK names Luke Miels as new CEO, replacing Emma Walmsley - Bizwomen - The Business Journals",https://news.google.com/rss/articles/CBMiugFBVV95cUxOSVBCd2VFemMtYWdpMDRmMzNTMHJFaWI0alc3WDVpSlhzZE9yM0hqaWdwcDlKcHBKNlBuUFdXM0I1empNUFZuT1FJMVlXX1k1czhmUU5Wb3RldVVQUkMyaXc5SDZQY3ZmRy1mRjhlR2VTY0FFbnZyQ1dfRm4xdTF1WW9mU081REQtT1ZWazJnWkptQnF1Z0JpVXdObzVvakl3c1ZLOGVGRFpiOFBfdmhRMGlQSzc2bWpPVlE?oc=5,"GSK names Luke Miels as new CEO, replacing Emma Walmsley - Bizwomen&nbsp;&nbsp;The Business Journals"
2026-08-15,2024-09-17,leadership,,The Business Journals,Starbucks North America CEO retires after less than a year in the role - The Business Journals,https://news.google.com/rss/articles/CBMilAFBVV95cUxQVVNmRHBoU3Q0cHF0QVVQSml1aTNZSFVCZk1pVHZJRGRjVjNPcUVhWnVWamJuRUVuTHB0bFVJWTEzbm9LNTBiTmZuTk5fX2ppUHRJR2tMbmVoRHJCejcxbmpLYlZ4QUthbE53TWdQZVlFNTU3eC02aE9zeWd0Zkltcm01ajA1SFVGOHVkblpjLThIdG9m?oc=5,Starbucks North America CEO retires after less than a year in the role&nbsp;&nbsp;The Business Journals
2026-08-15,2026-06-30,company,,Seattle FIFA World Cup,"SeattleFWC26, Boeing, and Puget Sound Energy Thank Joint Base Lewis-McChord - Seattle FIFA World Cup",https://news.google.com/rss/articles/CBMipgFBVV95cUxPMXRFWGpVcEVYeW5RTGNoZmpydnNuSWw5VTF5SVZ4dDVJdGpNY1F1VHFxSW45eW9OZlpMcEZvZGdRSXNNcHZHSDk5Q1A0VnMyU3IwUGNwRXdncEdoM3Z0NHpfYjBDWDg4UzRaTi1PM1RiRkFLaTk5dDA4dWhoT2F0ZEFFdnRRekI5VnU0X3NPYVBjckdkaGxISnJjbjRxY2ZxQU14VXRn?oc=5,"SeattleFWC26, Boeing, and Puget Sound Energy Thank Joint Base Lewis-McChord&nbsp;&nbsp;Seattle FIFA World Cup"
2026-08-15,2026-08-04,company,,Yahoo,"Washington AG challenges Puget Sound Energy's proposed 29% electric, 20% gas rate hikes - Yahoo",https://news.google.com/rss/articles/CBMinAFBVV95cUxOV3I2SFFadHJJVThyS1Zya3ViZ0NfN0RoLWpKUjJlTmFCLWlpRktBRm9FWDZNY2JSdC1ROHIxSEtsdF83MmZ4MUNZdTlVVEFYTUJFRUNFdFpLcmxsYzdpeUNqQ1BwNjltSUU1UjE1eEF6Yi05TVBoZVFobWVjNENkQmVHSExUd0dEOWFRMGZJcTZEbUpYY0ZpYm8zaDE?oc=5,"Washington AG challenges Puget Sound Energy's proposed 29% electric, 20% gas rate hikes&nbsp;&nbsp;Yahoo"
2026-08-15,2026-06-29,company,,The Seattle Times,Why are electric bills so high at this WA utility? - The Seattle Times,https://news.google.com/rss/articles/CBMipwFBVV95cUxQem1hWXpVVTM4LXNWMDdMblZqckxwNkY0TGRsSXZxa2VIREhVVWhkaDh5WE9zX00zYVpibDRMZzNCQzBnMmJYMDk2T1M5VDVzQ2ZNbmU2NmhWOW10ZU1ONDFKT21zOXNvWWRNb25IeG5JZm5WWHZKNERfT01lVnhTSWFOM0YzMWRMUjFMQTlLNjV6d0lNeHVvM0UtOEgzSy0wQUtLeDMxZw?oc=5,Why are electric bills so high at this WA utility?&nbsp;&nbsp;The Seattle Times
2026-08-15,2025-10-31,company,,KIRO 7 News Seattle,Puget Sound Energy crews on standby for windy weekend ahead - KIRO 7 News Seattle,https://news.google.com/rss/articles/CBMiswFBVV95cUxQd19XSnI4emtHWVdabXJ4VFVZdC1mSnUxa3hSdi1HbktWUGtYOEtjSjVKQUNiWTNZZTdDY25oeFhIMlBCWFFjSWpOUDQwTUE3UE1NUFVVbWpQRzFlSUFZR1VWMEFiaUlYT2J0QU5aZERwWFM1TjRiQ3hidlFISk44cFEzUGo5RFVFLXUzQ3NQMGRNWUVjY2RKOTdoQnQxclRVMnNyRmlKQUpwOVlJTUQ3MHlZc9IBxwFBVV95cUxPNURWbHlObmlkYThzaU5jZUxLMHpKcUZ1Z1Qzdm9OYWFYd1FmWnBtaUk1RXAzQmZMMmo2V0RQN3pFcDhPUnlIR3BGdjJnVEZIWS1hc1Izc2hEdGNkZTJqTmhKdTlVSy1UZVhfZlRnYmp4LWYwaVNHUi1JX3FxOE9VaDREdG9ZRjhpWHZCaEZsY1piSEZya0t6ajNuS1lxRFpJQ29QRVdhXzk0b0ttc2hvTXVEUE9FZzRraUZvalZfSjB1NENQZUtn?oc=5,Puget Sound Energy crews on standby for windy weekend ahead&nbsp;&nbsp;KIRO 7 News Seattle
2026-08-15,2026-03-09,company,,KIRO 7 News Seattle,"25 people evacuated in Kirkland after construction crews hit gas line, Puget Sound Energy says - KIRO 7 News Seattle",https://news.google.com/rss/articles/CBMi5gFBVV95cUxORnAxVXF1cWctTzd4OWM3bFp0NlhFbWpGdUFCcG41aTl0djlPT09OOVIyMC1nOUwzUFhCUW5tbG9Qdzk1T1lnRHBsNE9MZV96Tjl3Ym5XaVhSaVFMaEdwZzVjcFJYcnRQaWpxRWUzNHNOUVRYdmlGVFJjRGFaTFllZVZTekZtazhYNXNBZFJfU1czOEcxc2p6cDhRaEhSX05GX3B2c1YyUVJkdk9LeGxIY3NSZWNPVzJUWlMteG5pT0ctWk51bkxvVnZaeUhsV3RIY1VGWkhTRWJ3WThZcnl4aS11YUF6QQ?oc=5,"25 people evacuated in Kirkland after construction crews hit gas line, Puget Sound Energy says&nbsp;&nbsp;KIRO 7 News Seattle"
2026-08-15,2026-03-18,company,,GlobeNewswire,PSE and ChargeScape launch Washington’s first demonstration using EVs to power residential homes - GlobeNewswire,https://news.google.com/rss/articles/CBMi_AFBVV95cUxOTi1qOGsxX1VnNUV1T3VPbEQyWkFLUG1VZHVOZnlPSzF0SDFYMUx1ZFYxTUJ1MVdHOGZHSkFGS2c5TG93WG5IaFNRQXd5Q3kxOFhaeUtFeEMyS1B1OW8zLVFXZTFKNTBzZUlvdFpGZFUwa1RES2RhaVlwWjZDRENaZGtjQ0taSXB4dnR6Q2xHdGxTb2JaWDdUSWVTMENFZG5hSHQ3bmJmVlAxVmFOTHEwRUs1d1c1aU9lZGdFZVV2dDByZEs5bm5QLUhIblJvZEZhZUR3emhrWW1TRXVXSmExek9hMk81R2xzUGZMQnVaNXQ1bGgwV0s5MWtsZTQ?oc=5,PSE and ChargeScape launch Washington’s first demonstration using EVs to power residential homes&nbsp;&nbsp;GlobeNewswire
2026-08-15,2025-10-11,company,,Tacoma News Tribune,Puget Sound Energy opens new Operations Training Center (Video) - Tacoma News Tribune,https://news.google.com/rss/articles/CBMicEFVX3lxTE94TU82QV9zQThKOXlUeU9UUTVRd0pZSGhyUDNtQkhvZG51VmgyaW5FWE03MU1TalFtckR5SHpxd2tzc0htTTEyWGNxX2NZNlN6Qjg2c3ppd1I2QUF0V09nUXlWajNRbF9ad1I0eVYtdWc?oc=5,Puget Sound Energy opens new Operations Training Center (Video)&nbsp;&nbsp;Tacoma News Tribune
2026-08-15,2026-06-20,company,,Kitsap Sun,Big battery farms encountering resistance across western Washington - Kitsap Sun,https://news.google.com/rss/articles/CBMi3gFBVV95cUxPdllCRTF6RnowNGw0TURHVHFacDZEWHZTUFNJdmVGWDRWN2RqWTNUNDlUcVpiMFB1b2pRcXZoV0IzYjEza3EzV0lkMmFPSUkzX0RFT20yZUlvYVZ1eVNaTmJqMUp3dEJVT1VSakxEWWtRd2NmLWg4Yl90TlN3c0Y1NzRRSk1HMWlheEhsckhSMl8wT0M5dnhOZHRCS3hMZkJ0VG5JbnR6enlIZ0dDc29oYTBKdjBwWC03dUtHNmt2YlpTeUFKUTRjU2NxWWFCcnhfMHVRcGdTaWtGQjc3QlE?oc=5,Big battery farms encountering resistance across western Washington&nbsp;&nbsp;Kitsap Sun
2026-08-15,2026-06-30,company,,MyNorthwest.com,Harger: Your PSE bill went up 12% this year. They're asking for 30% more. And Olympia is about to print the reason on it - MyNorthwest.com,https://news.google.com/rss/articles/CBMid0FVX3lxTFBQb3dvdkhYVl9LYjhoUEpBYUlybnpTRVhROUJXdEVvcS1GNVFsUUdvSGtNT1d5cjNkUUtIaGtYWWlFbUxEZUdMN2xlZl9LcmZxb0gycGJwLWFWZnhTQzRJb3RCaEg5SkZDbVBBOUFLV29QN01hYXk4?oc=5,Harger: Your PSE bill went up 12% this year. They're asking for 30% more. And Olympia is about to print the reason on it&nbsp;&nbsp;MyNorthwest.com
2026-08-15,2026-07-26,sector,PacifiCorp,FOX Carolina News,Pacific Power requests rate increase; Utility Commission invites feedback - FOX Carolina News,https://news.google.com/rss/articles/CBMiugFBVV95cUxQNTRsRURheUhlWUcwcHRVR3E1U3lxUXp5ZzcwMzNvYVc2ZnJxMXhaM2M5R0hlZmI0elpWay1mRXFfb1ZxWTREOEZTMUNSY1liSG9CenQzeTJia3pPWGJRR20yS2V2MGNkeGR4MUU3cHMxYklKRUVZWjVScmpraUttdWJOQ0pwWnUxbE44Mk1FZzRlaC1aU0Z3RVBjU3FUSTBPU1VicTdmYXJDaEx1YzJDaXZsVjhaZDhfY2c?oc=5,Pacific Power requests rate increase; Utility Commission invites feedback&nbsp;&nbsp;FOX Carolina News
2026-08-15,2026-02-17,sector,PacifiCorp,Oregon Public Broadcasting - OPB,"Portland General Electric spends nearly $2B to expand in Washington, acquiring 140,000 customers from PacifiCorp - Oregon Public Broadcasting - OPB",https://news.google.com/rss/articles/CBMimgFBVV95cUxQZzk0NWExaW1MOW9JamEyMTdYMDVvbjRRZHVXZ0lrbmozR2NTNFdlTnRFZ0FpYzNIUld5aUlSYm1hSWZmWU1QM2RhUTRpeTM4YTBhNElZS1ZhYzdlWDBhMV9hUm55TjlkcVZhdVNnc3hyNktqWEV3WFREc2ZFVXYzV05haDNtNmF2NzZUUkV3VHVBcTF0UTNFRnpB?oc=5,"Portland General Electric spends nearly $2B to expand in Washington, acquiring 140,000 customers from PacifiCorp&nbsp;&nbsp;Oregon Public Broadcasting - OPB"
2026-08-15,2026-02-17,sector,PacifiCorp,OregonLive.com,"PGE will expand to Washington state, acquiring swath of PacifiCorp territory - OregonLive.com",https://news.google.com/rss/articles/CBMiwgFBVV95cUxOaUExZVJIQ2ZkTHhyQjJPeDBwTXlOdWpqRHJndVdqT0ktZXl6RUo5azZXRFpXWW1VYVEzM2lwUG1wZUJlM1E0TzkwYi1MSUZod211dm1hSFlWUjVaNk5PT212UXZEaVRab0Y1Z3FfVTdmbWV5NE0tOFJSVC1jV25EbkhHd2RsTFpKWkdibmhNY1ZzbFhuWF9NelVrY3hIMTZ0MVo2ZWRBUUZJbGlhYk14dmFfY09uTExwbC1RQUZGQmhEUdIB1gFBVV95cUxPWFppazhQSU5ub241Q3d3YlFCamd5clJlQTRJQUk2N0xyS1JYOG9OSWhBb0pJcndWOGU2RldwamZkMko1Q0RHcWtpRXlkUTVLNnpyR1NaZ2xfSVAyMi1od0VsVGZHNWltcHZoR0tPbmVCVHQyRmpnV1Nac1ZxUksya1JUWjFwVnU5MjZyMnNZWFRpRzRyeFozdlZWTmhCd2gxazltaEVOenMyVmVwcHJvRENyV3lWQ0hEeWlYTkxLcWE2bUIzSXVxc3VVVkVKeXdGSnZ5NlVB?oc=5,"PGE will expand to Washington state, acquiring swath of PacifiCorp territory&nbsp;&nbsp;OregonLive.com"
2026-08-15,2026-02-20,sector,PacifiCorp,Reuters,Berkshire-owned PacifiCorp pays $575 million to settle US government's wildfire claims - Reuters,https://news.google.com/rss/articles/CBMixgFBVV95cUxQWVZOLWFBZFNobTc2UnA0aUVmbWg4OVNCSlA0QlBvN0JMWElmemlVekNyYldocDFEeWNTMGdOQnBfV0dIWlNDZG5YaWpuTFV0azRnbnh4c290dlM3YnkteFlUYjUxaktraEtqVXZueng4RGotTXhqd2w3VkNJYTdSQkEyY1J2WFJtb0U5VVd6VFZvWVdGd05sZHkwZjEzR0pqbldncmk4aE1oQ2ZtbGV4SlJycjBraDFNTVhxZmdMaUlsNXlvM0E?oc=5,Berkshire-owned PacifiCorp pays $575 million to settle US government's wildfire claims&nbsp;&nbsp;Reuters
2026-08-15,2025-11-05,sector,PacifiCorp,Oregon Journalism Project,PacifiCorp Warns of Bankruptcy Risk - Oregon Journalism Project,https://news.google.com/rss/articles/CBMigAFBVV95cUxPd1ltbmpDY2hJdVVuTzNUbjZBS1JCcHgtWEVxcTJNd2pQeG9jNzVxSmhDM1E4eXlOVG1DUG9sU2U0VXFBYzA2VnY5ekVVaHNSMWRnUmM3NDdQd0loWmdBb2lralNBR3VqQ0RfUHpjbFJhbllkZFIyaGJyQ254d3ZCVg?oc=5,PacifiCorp Warns of Bankruptcy Risk&nbsp;&nbsp;Oregon Journalism Project
2026-08-15,2026-01-15,sector,PacifiCorp,Oregon Capital Chronicle,"Pacific Power must show progress towards Oregon emission reduction targets, judge finds - Oregon Capital Chronicle",https://news.google.com/rss/articles/CBMizgFBVV95cUxNZVJzYlc4aFJYZy1qcVpGUGhTOV9Rcnp3T1k4UjhHVG05MXlVZzc0MGhPOEJGdjhjV3dlS2tYR0NHbnBiZ250MFdfbHVIMzB2bXFDeFRCQldfUjY4cHlSNklNY1ctZFFOb0pkRW5CRE9HcS1XRHJNZkpNVGVOQjVzRDY0SHRBVUhXRnVabFBubUtHWlVIQnVWS1RVcUZGeUpweEpZaXdfaktJSndwVExLUUdXa3lvdlNJUHg0UFZwWHd2WFRNM1FZTjNCcmd2Zw?oc=5,"Pacific Power must show progress towards Oregon emission reduction targets, judge finds&nbsp;&nbsp;Oregon Capital Chronicle"
2026-08-15,2026-02-17,sector,PacifiCorp,Reuters,"Berkshire-owned PacifiCorp, citing liquidity, sells Washington assets to Portland General Electric for $1.9 billion - Reuters",https://news.google.com/rss/articles/CBMixwFBVV95cUxPWVNXSFNYVlVMSjFKWHJCejZXSmNEMTM2dWNVSkM2ekQ4Q1ZnbkluVkRaT19RMjljRlFuQVY4NlFfb3d1aVJmeW5JOFgxdDk5WElJZUJodGxPNk11SnNiQzlMMW9yenIzZXRya0RTRF82a3Q2cUZYU0ZOMzlFRHdpZmtoNGlOZVo4MEhKX3M3NXY5WG0xS1ZtNHNfU1A5NmE2a29YTDVzZm9xQkhZN2NWdXBGdU9COXJkVWlNaENpNDZacUtBWWM0?oc=5,"Berkshire-owned PacifiCorp, citing liquidity, sells Washington assets to Portland General Electric for $1.9 billion&nbsp;&nbsp;Reuters"
2026-08-15,2026-02-17,sector,PacifiCorp,Tri-Cities Area Journal of Business,PacifiCorp selling its Washington business to Portland General Electric - Tri-Cities Area Journal of Business,https://news.google.com/rss/articles/CBMiiwFBVV95cUxOd3ZQSjB6eUI4ZlJHQ2ZJSmtPOGdiM2s1NXRDdWZBdGt4NmZhNHV3U1dnUUFlTGtvNGVJWkYxeEdSbjE2WmtNTnl3MUJVMGkyZUFic3FFbjBBakdSVHBDNjJwU0lwOWY1Z0FSRWdxV2Y2ZUVPZWF6QkFvakRpWFB1d3RFOEZ0QXZ0cURZ?oc=5,PacifiCorp selling its Washington business to Portland General Electric&nbsp;&nbsp;Tri-Cities Area Journal of Business
2026-08-15,2026-03-19,sector,PacifiCorp,OregonLive.com,PacifiCorp to offload some rural Oregon service as wildfire costs mount - OregonLive.com,https://news.google.com/rss/articles/CBMiwAFBVV95cUxOU1p1UEtvbVhpTjl6SDBnTVVKcXdGVk9Kb0JHcTgycXpMblRwNUZOeGhGbnA1T0Z0M2xPdUo2UUtuU0lLalI2MEhxTk1Xd1VNeTFiSmZnVUNDT2JNNnVOb1lPX284d09IeS1FQk9OdV8tV05OT1dkLTd0WURVcUF0QVlvc1pEUXM0T3RZSG9RcnpJUkFvTWVsNlctYWRwV0cwNlRRekRFbWJJYlc4ZTdOSXpmM0pCaFJHSDJ5b1ZYMkc?oc=5,PacifiCorp to offload some rural Oregon service as wildfire costs mount&nbsp;&nbsp;OregonLive.com
2026-08-15,2026-02-05,sector,PacifiCorp,Latham & Watkins LLP,Latham & Watkins Advises on PacifiCorp’s US$400 Million Offering of First Mortgage Bonds - Latham & Watkins LLP,https://news.google.com/rss/articles/CBMipwFBVV95cUxPNXNkMXlGRDI5NEVwLTFpbG1Kdm1naGx2dy1QX2NuczVZUHFsdTJ6djdlcFBFUUdBODBrYlFWTk0tTXZTeUlodkRIWkY2aDFINFBranE5X0h2cFVVUngzY0ltTHpLY0NXXzY4dEkydUNjWDFReWdXdjlOMzZoM3lCUXQ1V2NSM280NnQ5YmpINFlBclZrdWpDajd4QU1NSlZWWWg3RGgtYw?oc=5,Latham & Watkins Advises on PacifiCorp’s US$400 Million Offering of First Mortgage Bonds&nbsp;&nbsp;Latham & Watkins LLP
2026-08-15,2026-02-20,sector,PacifiCorp,Courthouse News,West Coast utility settles US claims over wildfires for $575 million - Courthouse News,https://news.google.com/rss/articles/CBMioAFBVV95cUxNTzZuNHZEM0xNQlVZbkFmMVRpbjEwY3A4RF8wRnEyOHZOcDBFZFFyYVRoRXR1bmRGZFNqSGNtbUZGNVpMUWNBSEJqWU51VHl5SXVDd2ZTNlh4YVY2cXdhaE5jaHEzaDZIVElHZVpTUmVoeDhwbjNwMWJjUHRkTmFQTnJwUV9CMGRNdlhwQjJLYjFqbU8zUTBmam5CQnUyTnhV?oc=5,West Coast utility settles US claims over wildfires for $575 million&nbsp;&nbsp;Courthouse News
2026-08-15,2026-02-18,sector,PacifiCorp,The Salt Lake Tribune,"PacifiCorp to sell its Washington power plants, wind farms — a ‘divorce’ cheered by Utah leaders - The Salt Lake Tribune",https://news.google.com/rss/articles/CBMijAFBVV95cUxPaFJQS2dod1V0amJKbWZsNWlMVDUybHlpTEhCZGM4bXFadkZkdmR2UVM2ekRJTndHa1doT3RqdGt1MU5BdVB6bFh5aGRtSG5SNHE1dEFJamt2dnhOUzcyUXFXLVphTV8tYjFYVXFBVFhYS2ZxVjViNVJkZTFTM01ud3FzR2Q5SnNybVN5Ug?oc=5,"PacifiCorp to sell its Washington power plants, wind farms — a ‘divorce’ cheered by Utah leaders&nbsp;&nbsp;The Salt Lake Tribune"
2026-08-15,2026-02-18,sector,PacifiCorp,OregonLive.com,PacifiCorp tries to trim potential losses as Oregon wildfire litigation grinds on - OregonLive.com,https://news.google.com/rss/articles/CBMiygFBVV95cUxPWnVLSk1kX0lsVmFWRExqRUNGZFFxMjliWGxVRTAzYWVOeVF2UVBpcTZYYnBtRVNSRFlySHE3NHFSS0laQ0x3ZjlCNFptSkY4dVgzd19PQWNqMWJQQzVmVXJ5cmRQa0hYUTVvWl9wRnBhUF9rd1RMUEJBTUkzSjlYNDhBdWFEYjB6NUxuRl9pdGdRTTlfTFpRejE3U184N2dZZHBrNEpRdjVzRGFTRGM0c3NwZ3BwRHc5WEN1UVJnT3NfaHBidFUySTVn0gHeAUFVX3lxTE5CMWFaSVJTbE40TmV4cE85ZkxUWFZPWkxCTmJsV2kwR2lQei0wNzFoOE9KNEtsbDduVDJRQVJVZjdfZlQwXzFWUUNvMDJNUHhjb1AwUjFNZ1puWFM4RFFNbEczMnp0ZnFLcXRvNkhSR2dJSUVreTRVRTR5VE55R2pnenZpWFlFQ0VtdXUxV3dpUmxuRkFIQlBsYnhGWjduUEJrd1ZxLTJyOG42bUE1VENOaGdHa3FzS01ubjRnMzZKY1FmNjY5OEpxMVpRbENndE1XUWE1WDdSZXltekQ4Zw?oc=5,PacifiCorp tries to trim potential losses as Oregon wildfire litigation grinds on&nbsp;&nbsp;OregonLive.com
2026-08-15,2026-02-17,sector,PacifiCorp,EnergyNow.com,"Berkshire-Owned PacifiCorp, Citing Liquidity, Sells Washington Assets to Portland General Electric for $1.9 Billion - EnergyNow.com",https://news.google.com/rss/articles/CBMi2wFBVV95cUxQb0FwSThTRmhnUXdNNkRxX0k0S3I1SDZoaUVaWjk5a0pYcmFGN0RQRHllOWtlTjdySG1pNnZ1TjNWazYwemNPMUY3Q3Y1VENLTFIwNFJJZkE5OVBJY001N2M3VlhJOGNSeVE2MWRYejBLZUZCODkxWUJVVWRxVzlDcHRHUGl1dFdJZUhYdVZNYWFxYjJZMlYyS01taWY0c3drRzdiWGp6OGctYnl4akx6eEF0M29Lb2VNem92LTZhM0ZRNGFyRWxQN1dHUmV0MDllVHRNdFdVOWlFUU0?oc=5,"Berkshire-Owned PacifiCorp, Citing Liquidity, Sells Washington Assets to Portland General Electric for $1.9 Billion&nbsp;&nbsp;EnergyNow.com"
2026-08-15,2026-02-17,sector,PacifiCorp,KGW,PGE looks to acquire PacifiCorp's Washington utility assets for $1.9B - KGW,https://news.google.com/rss/articles/CBMizgFBVV95cUxNbHZEU2ZzTUVlT1Bwd29DUkhMMEtzSXIzYk9hM01xcjczSVdBckJHR1RMTkNaYXlNQnp2eFNCNTZQQVFQNm93Q3ZVWF96T1pkaUNaR1pQak9xanpEa1hLZUp6MGNheVgtbUNwZEl3RVhxZjJWbk1Ic0E0SzZfYjVBd0dCMDJuTGE2MGVtWkZPbnZRWmxhVUEybFFlVk0wYXZDRkJxclVqNFN4N2pBdHJiWUpxT29kS0s5SjlVdGJaOXNlX19EdDAzU1ROdUtxQQ?oc=5,PGE looks to acquire PacifiCorp's Washington utility assets for $1.9B&nbsp;&nbsp;KGW
2026-08-15,2026-02-18,sector,PacifiCorp,reNEWS,Portland General Electric to acquire PacifiCorp assets - reNEWS,https://news.google.com/rss/articles/CBMilwFBVV95cUxNRV9WRDlIRE1WS3FsOURyMjJ5LWF1VHlsekZHcGxlYTFrUmxFU2tOeDloeFRyYTRJOVZXbnYwdDlxWlJWWnNpTU42VFkya0xNSi05QTlTamtSeE90M1FMTEdDZDI5cXJaRkhhN3hMblNXaWd4Mjh0dmZwNWE3WVR0ODVtUkVPREM3a3JyUkVXclkxaVhlR2FJ?oc=5,Portland General Electric to acquire PacifiCorp assets&nbsp;&nbsp;reNEWS
2026-08-15,2026-02-27,sector,PacifiCorp,kptv.com,Oregon jury orders PacifiCorp to pay $305M to wildfire victims in latest class-action verdict - kptv.com,https://news.google.com/rss/articles/CBMitwFBVV95cUxOWGo3bHlvUXFZLWJVbUZxMnpEQjdJSjNJSEx1eExPZHhQX1N3RkxLazdvQVUyUWYwMGhnZ3ZxQ2ZybFBCR0tteU9UcjA3SFBqQUk4N3hJUG1wTUhrVGVKdC1SM0s1LXd3alI1RVo4MzV3VVZFS0k2WWdQdjBFbVBFeklWQnpoM3NlV3NieEJwdlE1ekVEc0dnM0RzMmFKanhVMWdfZnBZQnROX00ydThZTHhuZUgtbGM?oc=5,Oregon jury orders PacifiCorp to pay $305M to wildfire victims in latest class-action verdict&nbsp;&nbsp;kptv.com
2026-08-15,2025-11-05,sector,PacifiCorp,Willamette Week,PacifiCorp Warns of Financial Squeeze - Willamette Week,https://news.google.com/rss/articles/CBMihwFBVV95cUxNOVBHdVQtVG5IV0VfeVh5MFktVzh2Y3dmZm5RVzROTmhJb2djM2RMZDk2bVlHLTJjSW5YaU00MUdLUHZOa2dDOGZUdEFOQlhzclhnR3Z3YVYyVGk0cnk0WjY4Vi1GRkZWaFFGeVdWbC1Bc01KcVdLWlVIaTFTQlJmUkVkTkt0TnM?oc=5,PacifiCorp Warns of Financial Squeeze&nbsp;&nbsp;Willamette Week
2026-08-15,2026-02-26,sector,PacifiCorp,OregonLive.com,"PacifiCorp wildfire liabilities in class action suit surpass $1 billion, continue to soar - OregonLive.com",https://news.google.com/rss/articles/CBMi0gFBVV95cUxNUFJMZzd1aGktYTY0cVY4Q2tDSTZWYzliYVFsRUIxRXp1VFJRWDFTeEh6VFZTbVU5UWdBbzgzbjF1aHloV1FjREFkckttVVVhN2VGVkJ5U2ZTRl9GZGNQX2pWNnVla2pXOE8wQWl5U2ZSSWNVeVg0bm9Ma3lkZ3FvZ2RTTTBiZmdWUnFBUTFTbVZfa1ZyaDdSc1Q0VThvX1g5U1JwRHY1azVxdVV0TmQ5U2NUQWcwTmhmMlJjR1NOczNuNGttOWZDOXVvOGRzS2RjdmfSAeYBQVVfeXFMUGVhU3FPNWdNT2w5NWNLSFl3UnNjcENjcU8wc1NodVdsRU5QTVczX2xBRXJ0ZEZtYk1PUENiMTRYcFVTUkloY1ZzY1ZMVXcyTjRhMU1mZ0FDQXFhcVVVNURwR3dXd1VKOG1MZXJRVXlhRTlZT0VpeEVvS0JScUpMYVUyZnpMODZYNzhlV3JqVkZQZkZsZFVoR1d1YnU1c1dYWW91eDNjUmdhaEQtVHl1ZGxNMjM3S2FFanQ3UHBZRVlRLTdIdnc5T2hVQmZrSWIwTDNXUVlIQUhyeGZZZFdpLTlVMC0yOHc?oc=5,"PacifiCorp wildfire liabilities in class action suit surpass $1 billion, continue to soar&nbsp;&nbsp;OregonLive.com"
2026-08-15,2026-01-07,sector,PacifiCorp,yakimaherald.com,State commission approves Pacific Power rate increase - yakimaherald.com,https://news.google.com/rss/articles/CBMi2wFBVV95cUxQb3BuSmJpNXQ0aHZ3QW5SeDRkTWtnaDhXWmU0Mk4wdHVyZnpMa3YzUDBUNG1ENDNkelZraWtZWmNKRXFBZUxaMUZLNlZMQVJJSHBEaTJMUFp3dXNNc2tDZGtUeEJKejlSWnZJdkZGcHdVX0ZFS1R3cWVHQjF1d2lVR2EwMUFlZm9sNkNkNHBHVXVLNXRkY295SEV0WkZERmtQWFIyd1VFZ1FKRnFWUFFoaWFXcTJVZjJXMGNWd3ZqdnFNUVJGTlhjZFhva0E3N0R2Y1lZZnd2bUExZnPSAeABQVVfeXFMTU1tWTVUSXF2X2RuUmd5ajdoNXg5d1RUWEpYbHVicGQtcm5uNG5NWFp5dFpDOGEwUVhFUDNUVmtWZy03RG9Ub2c1MDdqZzQ0WkQ2Wm9YMDZscHRQc1JlMnRNaE9IeXQ3c2ROeUp5R3FVU2FJR2kyVlBVaGdDU01pcmpvUXJiOUxYeVAyTHpMWk0wM2VOUlBsbzVVN0ZmX1FleThUb3FnZ2JzdHRmeENBRXdpUnlKS25uTGhGSDlISUpoTmhkQ0tsSld0NExJbGtBQjkwLWhmLWs0Mmd1ckh5U0k?oc=5,State commission approves Pacific Power rate increase&nbsp;&nbsp;yakimaherald.com
2026-08-15,2026-08-15,sector,Portland General,MarketBeat,Massachusetts Financial Services Co. MA Raises Position in Portland General Electric Company $POR - MarketBeat,https://news.google.com/rss/articles/CBMi7AFBVV95cUxNdTMzMWFNUGlPYU11UC1WSkRLazBrMkxhNFVUVFFPdWpVbm1hTFBrc0tJVjFBaGZVWjBUcVdENTVwbHkzSFhCR0c2R19oOGx0bHZfMzZ2U1g3TzBDR1hfMzRxZ3RaN2FiUE5rOFJUN2JDRFJEVDk1NjdSYmNjZk9IWmwzaFBpSnJPRUNnSmpLV09XZ0otS0ctRlpuQjVNMGFjbF9KNkEwRGozZ0hOZkthTVQ3ell0cF9mYjI4N2ZPYjFhUDZLdkJ2R2laVU1uTWg3VWU4LVk1emxCaHFGZklrZFRhWVQ4MUVJQkg5cQ?oc=5,Massachusetts Financial Services Co. MA Raises Position in Portland General Electric Company $POR&nbsp;&nbsp;MarketBeat
2026-08-15,2026-08-13,sector,Portland General,Investing.com,Ladenburg upgrades Portland General Electric stock rating on restructuring deal - Investing.com,https://news.google.com/rss/articles/CBMi1gFBVV95cUxNdEloUXRreFllS1ZralloNURrNzhkOHZoVXZLTmwyR1Y0emhMdDJvRno2SVVka0doUjlPUFd0c2twZkJxWktmcUlvM1VFNzJUZ2FzVjU3cndNYUhQOEtXZExxZ2Vla2N0OXRkajJxbS1DYkVjSzFLQzJKZEtNRTRzVFFKM1haQm9IRnNXX1hHbWdIN05MOFJCTGVZX3c4ZE1uNHdDSzgzNXBkZGhqSHBqS2RqVDFfMnBzSV9NNzByRk5uSXZiXzNtdEN1ZEtDZnJHaDZ2NmhR?oc=5,Ladenburg upgrades Portland General Electric stock rating on restructuring deal&nbsp;&nbsp;Investing.com
2026-08-15,2026-08-15,sector,Portland General,MarketBeat,Principal Financial Group Inc. Has $21.39 Million Stock Position in Portland General Electric Company $POR - MarketBeat,https://news.google.com/rss/articles/CBMi9gFBVV95cUxOdzZvemJVdkRZTFlpUHBjYzRJY0plbjlPM1RJTUN6ZXpSNXZHLVZIUklYR2gxNHJnVHF3ZEI5TElRdEtXUFdXVG9xRU1iYmJ4Vm9oX1dZRHF4WDhEaUV2cHNrZ3JKbkxJYUdNUHRZZTEwLXJ0aWhrU21IRXY4OGVaZEdmYmVnb0M3U1dQLUdYV2diQTVXeW1BWUp1WjNSRHJvMHF1T3poRk15WnpUbkFwaG9Wc18yOGdKQXd5ZXNlTjk4S2JhX3VMLVhzV1MzU0syZjI0Z3pWS184TFBTNDg4LW9QcS11cnVsUEM5c2FoOFFkV2xPUUE?oc=5,Principal Financial Group Inc. Has $21.39 Million Stock Position in Portland General Electric Company $POR&nbsp;&nbsp;MarketBeat
2026-08-15,2026-05-11,sector,Portland General,simplywall.st,Have Insiders Sold Portland General Electric Shares Recently? - simplywall.st,https://news.google.com/rss/articles/CBMi2gFBVV95cUxOQmQycWc1SDJnNFJUNkJMUHc0MURpZGFVVERpOTBkNk5hc2lLM2RPeGJ0bEZON2xXLS02LWdQaHM5VjBiQktObHR1Y0lCWTYxeEd1YzI2WXlIOWUwZUljdlNmSVQyc3VPQURGV3dCeWR2MjdIZVNVcll4M2REeGlYUThKTTlaS1pOMWhxaXFqRXNqQjBCUDhXeUpIdUU5R1lVaUhhR1JoYTV2UnQwS1ZyZXBsR3gtd0dzZmJDaHRmMGVuTlpTbUNxandZOW9KcWR0S2dsR1BEcHpHZ9IB3wFBVV95cUxONmE4TU5BSl9saV9iNEZoQ0p4TTdzaXk4UXE4Zm8zYWpaRXdocUVveC16N2FVZ0E3N1JydXVoYnh0VTBZWXlfVHk3aXlocUg2eXZEVERnTkNJUEpzejdZNmhJM21xcHFmRkZkV0NRcFdJNTRQNWVSRW5jbkFDUkl6NldPX3FTT2hSeGkzQ3ZYWmVUTDh3a1RvaE80bmh2SkJOWlp6U1Z5T3RUMkV3ZWVNTXpwZWstV2JUclhqTUZsWTB1MHZEWkV3VFdqOC0wWW9mamY4aUprbWdhbXVlVW1z?oc=5,Have Insiders Sold Portland General Electric Shares Recently?&nbsp;&nbsp;simplywall.st
2026-08-15,2026-05-20,sector,Portland General,simplywall.st,Is It Too Late To Consider Portland General Electric (POR) After A 20% One-Year Gain? - simplywall.st,https://news.google.com/rss/articles/CBMi2gFBVV95cUxPT2xxSzVxLVlOU2gzb3lqSFE4VE9QYm9IWW1zS01yLTBpTDBtaW1rRThWY2J0X0VZbDRTMzNaYWNybWNLVEJVZUdpSjBOR2dQQ09Kdks0d2ZjZFVLeTdzaS0zR3dFOTJEbWZtTHpUcDFqdWlILVdWX0Zya1BMUzJQNTJhdm5XMzg5aGtxNUh1TTVOZFVYRm52Slo1TU13NXE3QWVGMmdjR2M0TWtzTmdpMkdWZlVBMkdhdFFqRUdRWUlqcHVRdVFxYUlTamRGSktDUkEtRHN3bHl2d9IB3wFBVV95cUxNVnZPbDZFNm1QSTRyOHJLanlrQ3kxYUZ2Q2hyYzZyLXdXOV9pcjdtU0dfMG5kQXRoQ1J3RkFiSlNnbl9hV0FXeUYyYjU1TUxMOFlwUzRIZ2gyU3Z5OEJ5MEhHdTM1dFNMRXpXZERSQ3ZGUXc4TVJXRFZkWTZVaElmZVBXeFI3Q0cwX3ZXT002RmMzdHZjQ2R4QXQ0a19ENGsyOWRQalhIamVkVGlMR0I3Y01wZVJNdVhPd3dKX1pZR2RGNWNKUWI5UWFwekozYkRmdm44TFBRa3JPY3ZiOEZZ?oc=5,Is It Too Late To Consider Portland General Electric (POR) After A 20% One-Year Gain?&nbsp;&nbsp;simplywall.st
2026-08-15,2026-06-03,sector,Portland General,marketscreener.com,Portland General Electric : PGE delivers on commitment to ensure growth pays for growth - marketscreener.com,https://news.google.com/rss/articles/CBMi1AFBVV95cUxQX08tNnJGX2RCNkZFY3kyX190aW1neWxVWExtVXoySlE0Zi1Lbm9pMy1ncEw5RUZscGFkTjZRSENRc3dPdndvU3dIUXpobFktZTJOZWRHQmJaYzlpdGF5T1d1aFBlZ0xmQW5OcHpnX0kwcWlaR1pVdVF3REFSaVFZZDlLTWVzNndwWTVhdDdyaXdNM3RGWmVkUEE4TzlvM0tKVWpkRjUxN2FQRlNWeFgxM0pPR3RSSC03Nm5nN0h4Y3d2UDNHM2FHZEpMSE1UaVZ3U0Vraw?oc=5,Portland General Electric : PGE delivers on commitment to ensure growth pays for growth&nbsp;&nbsp;marketscreener.com
2026-08-15,2026-07-13,sector,Portland General,Axios,PGE deal revives Forest Park tree removal plan - Axios,https://news.google.com/rss/articles/CBMimgFBVV95cUxOSzIxN1EwbENmaGc1TDVOMGRGQjhZLWVYRXMzNkl5RDdrSFl3VzJ5VnZTNThXOGNYbnNrQmFuUTRUbFFuLWs2ZVk0M0hvTmFlRk1mZ3pVa1NBdjFxR3ROaXhYUk5hYWxJQy1abE5fclVPbnBhTktfMi1YcnV5R3h3eVE1NFEwNUh6UldpcDJWX1BWRTRLV1FuZk1B?oc=5,PGE deal revives Forest Park tree removal plan&nbsp;&nbsp;Axios
2026-08-15,2026-04-24,sector,Portland General,The Business Journals,Employee Engagement Corporate Impact Award: Portland General Electric - The Business Journals,https://news.google.com/rss/articles/CBMipwFBVV95cUxNdW0tU1B5eHg5OW1kanZyNnhjQWFLRzhPa1dFVHEzWHdlc09rZFZEcDQ4c0tfWXJldVlydW1HTy1vcVBuY00yNEdzel90VThKVExsdVUzdzVGUzNpeUZYYThoQW9uQXNwaS11MVRzRTMwbkpNTFR4NEw0MzZneVdWZXZyTXhENlhUd3VKN241a1JaTWZXek80eEpwcUZPbzlhVXhYc01Ucw?oc=5,Employee Engagement Corporate Impact Award: Portland General Electric&nbsp;&nbsp;The Business Journals
2026-08-15,2026-03-04,sector,Avangrid,Mid Hudson News,Riley ripped by opponent for investing in NYSEG parent company - Mid Hudson News,https://news.google.com/rss/articles/CBMiogFBVV95cUxQU0dLdmJtNVFjZVM3cDdoNHdhWHpnUk5md2djMVBhNGJvdzVjTmtzRmtFME9wUHU0T0ZYYUZ1VzE0N1gzbUVabkVMbk83MkZhTnNXMFZzV2VLaC1ndGdxM0ZNR2wxSzFaN1A2QS1HTC0yaTFRbENCX1M3YTRkanhHYmJnUEZGS3NKd2N1STJTdTBicFdhRG45ZF9RbUluOUNTNHc?oc=5,Riley ripped by opponent for investing in NYSEG parent company&nbsp;&nbsp;Mid Hudson News
2026-08-15,2022-11-08,sector,Avangrid,utilitydive.com,"Avangrid, Eversource call for more efficiency, DR to avoid New England outages amid potential fuel crunch - utilitydive.com",https://news.google.com/rss/articles/CBMiqAFBVV95cUxOODJubU5FWmNta0VSM29jNDZYZ0FkNXRWUVAxRnltYnpXd1JKclowVzBwUmtOdDVfTUlUMnpYcG94VGlEUmpLZFgyRllfY2o2R0pWbkduWmd6dE43YXlKckRWaHJoZkJPamEyX25pWlVxYWpKajVRelpvdEttZG9pbGUzaE5NZnF0SkRjcjgwdnQ0aU9KeXBaMWszVnhMWjl1Tm9sYWFvNGo?oc=5,"Avangrid, Eversource call for more efficiency, DR to avoid New England outages amid potential fuel crunch&nbsp;&nbsp;utilitydive.com"
2026-08-15,2020-10-21,sector,Avangrid,utilitydive.com,"AVANGRID, PNM Resources announce $8.3B merger to create 'one of biggest clean energy companies' in US - utilitydive.com",https://news.google.com/rss/articles/CBMisgFBVV95cUxOSVFBQlI1RWRwZlY1WWF0RU14cHBHaG9iVFBTemxRcDl0VG93MjFJZDNtYThtT2pNTDdXMzQtYnlZbnNYS1V2TXgtaXhQTXZISWRKTVZqTlRPdzF0UnZVQkw4dUxlZ3lSbndxZW9iMWpZbUdiSnF2V2JoTDBEVXZmX29rRzBDcFFGQWZDRHNGSUlvYURUNGM3bm45ZzRsRXViQXItX3daSG5mVURJelZuNm1n?oc=5,"AVANGRID, PNM Resources announce $8.3B merger to create 'one of biggest clean energy companies' in US&nbsp;&nbsp;utilitydive.com"
2026-08-15,2026-02-24,sector,NV Energy,newsfromthestates.com,NV Energy shareholders to shell out $63 million to overcharged customers - newsfromthestates.com,https://news.google.com/rss/articles/CBMiswFBVV95cUxPRXYtNWF5UzdXZURRTnhFTHdVVTJxaFZwTmRyUkdDOGcwN3NxTjZIMlNKbEl4ME56T0dTNHBYeUUtQUJ6RVhQNmhVVUJybVpRN0E5MUVvdkdLc25XbHE5bkNqMnlzZldvamN1c3hxMlJoVWlOczBMTTV6ZlR3elY2blFuckdjSFFBbUNfZ3liblRGRlVScElyNmxqT3F2cFBoOHhyb2hJOW4wR01raVBRaklsOA?oc=5,NV Energy shareholders to shell out $63 million to overcharged customers&nbsp;&nbsp;newsfromthestates.com
2026-08-15,2026-04-06,sector,NV Energy,newsfromthestates.com,"Satisfaction with NV Energy falls amid demand rate controversy, overcharge debacle - newsfromthestates.com",https://news.google.com/rss/articles/CBMiugFBVV95cUxQZ0c2RzdVbmVOenN2dzBYODVhLWZIYWs2Y0VFSmVGMUJVaEhYdkhVVTUxZU9BMFVfOVhaTWR4Sk05ZnppdVRTRFhuY3lNWWtXNHlfVWQtME1jYWNBVG1CaU40ZzJ6dGVIVmxjZjVyQnZnYTNYWGVBZmhrUW9LQ0lheW1wV0g5eF9sMmtReE1fd1duZ3pQTkVRUUhUTGRzQ3JseXNXeU1nWm8xakhxTzVRRElCVEREUzAyLXc?oc=5,"Satisfaction with NV Energy falls amid demand rate controversy, overcharge debacle&nbsp;&nbsp;newsfromthestates.com"
2026-08-15,2025-05-20,sector,NV Energy,KSNV,NV Energy CEO steps down amid $17M overcharging controversy - KSNV,https://news.google.com/rss/articles/CBMizgFBVV95cUxPX1pUTEloSTI1TDUxdjg0TERFWDItV25CMFVEOHBqVUZ4aVNGRUViRWhsVEJaYk1MdVREakl1d1NmTHVseTFhQmt5WDY4VTB4V1JyVVFVaUVSajJwOHg2d1FOZ1BkdGdfMElMYklEZ19WLUtyVnlLbkVDcmN0U2NIeFdnSnlFNzhXZnFuOGQ1LWNwMUJFOEpHaEhUOG01bGpSb0paNl9nbzdDWVZQMHd0LUxlcnlCdGl6dTNyZnNrT1dQZnNWRmVud3JLMW4yZw?oc=5,NV Energy CEO steps down amid $17M overcharging controversy&nbsp;&nbsp;KSNV
2026-08-15,2026-02-27,sector,Arizona Public Service,Arizona Capitol Times,"We can barely survive, and APS wants more? - Arizona Capitol Times",https://news.google.com/rss/articles/CBMijAFBVV95cUxOcWRnczRfejdiaUtUbGlRekxQU0ZVMHBLc3RkUW5NVWxJODk4U1VuclNQYXJaUDZNOXlpcnZ1cm5RV1E0eExsM09PNFRQbXlZZnM2ZlV3NVVnWVpCOXl1bjBLaU51dWVrUjUtMGV2UWU5dXA3bFZUdjZfTlVjRFFpUnFfSFQ0WmNKOU5rOA?oc=5,"We can barely survive, and APS wants more?&nbsp;&nbsp;Arizona Capitol Times"
2026-08-15,2026-03-26,sector,Arizona Public Service,KNAU,APS: Rate increase needed to counter rising costs of providing energy - KNAU,https://news.google.com/rss/articles/CBMivwFBVV95cUxNY2lpRXRuczNGTlM3MVJUblFkTU1TdW9rTXZZQ1RqZkF3MXQzZnVRSk52aWE4dzByb0l5SEk0T05qZkpCN1VkUEl2V0ZfOTlJVjdKR2YwLWRCNDdxbHdLLW9pU1YzVlZHUEsxSEVPLTRTSGtxSVF1Sy11QnFFUDk2V2dSOVQya1BnX0VkWW5JQ3cxVWpBZWZCVzdPMTR1Ujh2STZtd0dHNGJxUkZfeS1Dd2tlQ2tGZkFqQUhqQVcwVQ?oc=5,APS: Rate increase needed to counter rising costs of providing energy&nbsp;&nbsp;KNAU
2026-08-15,2026-06-26,sector,Arizona Public Service,WTVG,APS to shut off power in parts of Flagstaff and the Grand Canyon amid extreme fire risk - WTVG,https://news.google.com/rss/articles/CBMirwFBVV95cUxQQzNLVXpaSnYySUNKWHpacG5hb3pfaVRKdTJsY2d5QnVZcEoxVnFnVmNsODVKLXcwNUtmZmZSdmwtNVh3RG1zekVQMTVCcEFuMkFtMTVtQS1jdkhkV3BGYzF6OTc3d1BpTVZheldCdWpva043cmlWUW9welJZRTNITjhyZFN0cW03Q2hqODNFbnF2S0tPcVh2RGJzcTIwMTZCa1JaaEZZLUpicnAtRWRR?oc=5,APS to shut off power in parts of Flagstaff and the Grand Canyon amid extreme fire risk&nbsp;&nbsp;WTVG
2026-08-15,2026-05-27,sector,Xcel Energy,mprnews.org,Xcel customers to see gas rates increase by nearly 5 percent - mprnews.org,https://news.google.com/rss/articles/CBMipgFBVV95cUxOTDVmUlBlWmltenR6VmE4WHhxM3pXZGpIQnhYVHFQZ1lBWm03S1RjdGdNUnlsd0RDd29MeWo0X2ZSWS1IUDBWNVJuLXVXb2JoS2JINTdGYlFlMW5Ib1loVERVVlBrQmRFRloxY20yaGF5S1RrSktQbU5mc2I0d3ItR1VRNE1XajJyeVVwbE9ORWViaTFUYUVqM19OXzAzTUZvNm9DaWxn?oc=5,Xcel customers to see gas rates increase by nearly 5 percent&nbsp;&nbsp;mprnews.org
2026-08-15,2026-05-18,sector,Evergy,NextEra Energy Newsroom,"NextEra Energy and Dominion Energy to Combine, Creating the World's Largest Regulated Electric Utility Business and North America's Premier Energy Infrastructure Platform Benefiting Customers - May 18, 2026 - NextEra Energy Newsroom",https://news.google.com/rss/articles/CBMi3AJBVV95cUxPU1BRVm5wa1A0WFQ3Uk9hZEdLZ0dzOW9fZjFURVZKRklab1UyT0VTekhJS3djN01BaVRQUGIxUFJUMURxSE1vZ3JiZ1FHSm1seW1TdWx5MnBQX3VXWkJyY2NhUk9kQVdzR1BHOFR4VXZUalBGWDloRFJXRExXQmFUQk5QWS1EUlJna3VrWWtqajhBMVh2LUc3V2hWT0I4RnlXNDZkUUlRTWZBbTJsZ01GV1F5ZTNpT2VzOHBtaE9Id1hvb05UdE56NnhTVDRuNUNYbVhpNHQ3bTl5TFZKSzYtMHk1QnhmQ1Mza2pFZ3FYdFBPQ2YwN1dRcWgyUWU2NkFEX1NaODdPOVh6RXYzT2s2SzdvZnRCVFhVNUtjS2M0d3JEM0RTeVpiR1otT0l1WkJyNXJhdEJScEFBRzZFQk15eFlCcFRTQWd3UGQtclhDZ3NiUVVyV096bS1EZHI?oc=5,"NextEra Energy and Dominion Energy to Combine, Creating the World's Largest Regulated Electric Utility Business and North America's Premier Energy Infrastructure Platform Benefiting Customers - May 18, 2026&nbsp;&nbsp;NextEra Energy Newsroom"
2026-08-15,2026-07-25,sector,Evergy,keysnews.com,Tim Urbanski: Candidate for the Keys Energy Utility Board - keysnews.com,https://news.google.com/rss/articles/CBMi0gFBVV95cUxQUE5zdGFUMkM4RkttUjZ0eVRHMGJHRTB1WEh1MnN5MDJiR2hvQm9fckttWElJT3p1OExyTmFjOEd3TVJrcE14QXhJT01ITkZHUEZrZ29LU0FxRHdRZDdxYUxMdV9TdWZiUUJ3RHV3clpXY3pKbzFNRlhIVEl4YkFFbUN3VHFQWUdEdUxwX203elJITHhKMmc5M0xja05fWkVVRzZITmlUOWlIRlVnRDUyUmEzQ0N5bENTczZkM1VUaHNyTXBTdXZDdTVJZzFENmNBV3c?oc=5,Tim Urbanski: Candidate for the Keys Energy Utility Board&nbsp;&nbsp;keysnews.com
2026-08-15,2026-06-22,sector,Evergy,fox5sandiego.com,Meeting on creating a municipal energy utility to replace SDG&E - fox5sandiego.com,https://news.google.com/rss/articles/CBMipgFBVV95cUxOTzBPT3N5LS1SWHp6Tk4tc0tUNklRQnpvZGtqdDhCemZPWjVwdllCeUNmRG5LaXBYRFhoWFYxZ1dOT0NVRTlpbkRzdU4wSzI2WjBNMG1sNFBqaXdNaGpQRTJXaGwwYkFEZDVZYjNVSFpNMUVjZ3BmRTVqaS1VUXZib19OSy03cmtuZkFEZFU3MXhrTmFUM3ltUHdCUmF6cTA0aVd4UWZR?oc=5,Meeting on creating a municipal energy utility to replace SDG&amp;E&nbsp;&nbsp;fox5sandiego.com
2026-08-15,2025-11-20,sector,Evergy,utilitydive.com,Texas is winning the energy war by ignoring the politics - utilitydive.com,https://news.google.com/rss/articles/CBMingFBVV95cUxNVWRyekw5VVBCUFBCRTM2MjJsVW51dkQxNlI2NmU0WFFoTkNoUDNnZXpETEJXbWt4MGJLMm11WDRxaVM3THBOM2UzYmM4MkxvTjVOYVhGNDNTSk5OU0xydFhMRGp2S3lBZXdPS2d5TWRPWmZ4MTN3eE5fMU9tNU5MWGpZWTFlZlhuNXd3bi1NSUdNRVhjRktKT0xiWGw5QQ?oc=5,Texas is winning the energy war by ignoring the politics&nbsp;&nbsp;utilitydive.com
2026-08-15,2026-02-17,sector,Evergy,utilitydive.com,PJM board approves $11.8B transmission expansion plan - utilitydive.com,https://news.google.com/rss/articles/CBMiowFBVV95cUxPb0tMczF3WThBVXBfSkd4OS01VWlPOG4zQzZNMkY0Q3lkVmp4UjNYT2V0UkZmVXhEb1RyLVN1Um56MW96ZVI1WFV1M1Z5WGhRLVI4RjZzdWNYaElyeDBJbmctbmgxb3ptUjhNVlp1Tk1pNW41cWtSOTVndExKbnJuOHBOZWNDbklERTE3alBYeWZMb1RSWmM1aFBKM3RfUGNHMUxr?oc=5,PJM board approves $11.8B transmission expansion plan&nbsp;&nbsp;utilitydive.com
2026-08-15,2026-06-26,sector,Idaho Power,Idaho News 6,Idaho Power proposes natural gas plant near Milner Dam to meet rising energy demand - Idaho News 6,https://news.google.com/rss/articles/CBMiuAFBVV95cUxORVdOaEduTGVRcmF1UGFYVzdiVnBHaWgxTF9VaDRXYXUxQ0s1X3NxUDVNT3dncnNaX2ZWdEFJVkpiNWZPZHl2aUQwa0NjZDhQOW52SHpoSmRzYl9PTGRUZjRiMXRfb00wXzNTTGJ2Z003RUR5NTA0dXlGbHFYZlNIZlI4S20tdnVMcEhpTlJ1QWlmT3lJNFoxRmJiWW9vbF9vLVEzY2dyZklKaGQ3am82c2gwenh1b1dk?oc=5,Idaho Power proposes natural gas plant near Milner Dam to meet rising energy demand&nbsp;&nbsp;Idaho News 6
2026-08-15,2026-05-28,sector,Idaho Power,eciks.org,Idaho Power parent IDACORP appoints Sharon L. Miller to board from Lamb Weston - eciks.org,https://news.google.com/rss/articles/CBMiqgFBVV95cUxPV0k3bzZXcl9qeHlRWkFuaFYxcjVkSElUM2RCdTdnV1dZWk9UZV9rNmRfcTBpaFhJUWtWNDN4UVpCYVZWMzhDWnBITDBBbGFoekxITlV3N2RhQW4wWnlaQ3BhaWwtaEc4OVQ5QnlZNnpaX01rdlRNVEF2d3poT3IxLXdoX2NFSkF3ZmdURFk5VDc2UnpHdms5VzNrODJfTUxQNWJqNXozbzFrUQ?oc=5,Idaho Power parent IDACORP appoints Sharon L. Miller to board from Lamb Weston&nbsp;&nbsp;eciks.org
2026-08-15,2025-11-24,sector,Idaho Power,Idaho Press,Idaho Power customers widely oppose rate increases in public hearing - Idaho Press,https://news.google.com/rss/articles/CBMi9AFBVV95cUxPdEJXRFByU0xiQ281RXRybEp0cU5KOWVYenFJVllPODkxZmx4Q0pCYXE3MHl0VVprVUZwbEN4cENJeVpyVGtPTXh2ZTQzbzJUT0lydTB0X2Z3djd3OW82RlQwazdjUEU1dXJ6dHhrb1dFRENGMlFQZG8wekl2cXluWGVhZEZKTWw2d3A3ZG9Jd0h4aG4tcW1JWWxTN2ljeHNMVHUxNlR3TU1VeVBNQ3g3WGM3WGk5alVsMGhmY0lZOE8taXd3Vm1WcjE1ZHc4ZnhWbHRrMkZPZnNudmxaZUl4Qm1ybk4tZFc3NHg4Y1VtZGxVNUZL?oc=5,Idaho Power customers widely oppose rate increases in public hearing&nbsp;&nbsp;Idaho Press
2026-08-15,2026-07-02,sector,Idaho Power,Baker City Herald,OTEC drops proposal to buy PacifiCorp’s Wallowa County territory - Baker City Herald,https://news.google.com/rss/articles/CBMipgFBVV95cUxOMFV0TWI2QW9FbGhKNXR6ODV0Q0JJUTJyU1hJNlY2X3pGT1hJMk9NbTdMM3VSNUFUYTBLeDRtM0xnaWJkckp1UmJsUGU1bmQ5WWR3aEVVa0JxcEJrMlRjMnpvMzRHTklhSkROZ3NWdXlfOXBlX1V1WmJSbnQtcWNYS2EtcWlaM1BvRjI3M2x5LXMyYkNOU2xBY3NvVXp4RWlDdVhnSXln?oc=5,OTEC drops proposal to buy PacifiCorp’s Wallowa County territory&nbsp;&nbsp;Baker City Herald
2026-08-15,2023-01-01,sector,Idaho Power,Idaho Press,Idaho Public Utilities Commission approves criticized Idaho Power solar study - Idaho Press,https://news.google.com/rss/articles/CBMi-AFBVV95cUxQR2lWRjNFbEpYSXQzMmZHTnd5NWZ6eDdfeEJKTU5FQlE1OHp3cXVGWlllejNlR2h4VlFQYVY5b2FFTmh6QVlrTkwyVF9qSGgzUjd2WU1DajF5bWtJMlR5Z2dram5lOE5ielVUVERka2d3QzR2dkxFdHg1Q2l1M3VMck1Bc1Jkbk8yS2l5eVJZb0taMkdyVnlVbzBoeTFrTEJ6NFRqZ2haM1k1QV9adVpDbmxjaDlXY3ZpbVB6eGJnaDM4c0VHZzRqem41Q0RnQW1iWFBjVnZITzhzZU1fRTRxVVQ1ZlZsTEJTb1VDYjl0QWxPWnBBZ2g5VQ?oc=5,Idaho Public Utilities Commission approves criticized Idaho Power solar study&nbsp;&nbsp;Idaho Press
2026-08-15,2023-06-05,sector,Idaho Power,Idaho News 6,Idaho Power rate increases coming in June - Idaho News 6,https://news.google.com/rss/articles/CBMieEFVX3lxTE5WTENrNl9mbGo0T3VwX21lU0lUOXR1TzlTOWUyX0RWT0Mzd09UMVBvcG9DYlI0cTVJVG5TeGVDVkljNmlrblVQR28yb2RwVDNuZjl2WFNEMkVWbkRKcmx2NUFiY2VYeXF3S09MemFBamx6cWJGY2lKNA?oc=5,Idaho Power rate increases coming in June&nbsp;&nbsp;Idaho News 6
2026-08-16,2022-05-16,leadership,,citybiz,Xcel Energy Announces Leadership Changes - citybiz,https://news.google.com/rss/articles/CBMihgFBVV95cUxNSUlfbkFaUHNpRVJmQzdWbTBlUnBNWlV6U0R2WERmTnRBRDZGd0Z0LXZvVlJsSnpaa1picGRkSk9nVDRPYVctTVFDN1pPbUVHaFpNN0NnbnotYUxhQTdQZTRUcHU4WEROQ3RMWVFFckcyYlhzSGhnR2hhOWNGbmpPWk9QRnlZUQ?oc=5,Xcel Energy Announces Leadership Changes&nbsp;&nbsp;citybiz
2026-08-16,2025-10-26,company,,KIRO 7 News Seattle,The power is out! Here’s what you should and shouldn’t do. - KIRO 7 News Seattle,https://news.google.com/rss/articles/CBMiqwFBVV95cUxPOEVLRFV0ZWlEUVJQR1VqRzhLaTJzZ3RFeWc0UzFtQjR0ZUxrQ0ZERF8zcjBZYVJBOWtYRnl0TmZzSXdTMjRlNGROVEs3bVFmSkRnVFFRczlWcVpQc0ZFRHlLdnJ4cHVSV28wOUpXSW8tNWg2M3Nab2FLVW1FZndWdXF0Y2daZGVROUs4Q1Y4RzBiOTc0b1duaUJxZlpleElEZW8wMEtMZlhabEnSAb8BQVVfeXFMTzZTVXNIZGZoalpCOTR1VmVKQk4yajcwWHRQakV3Ti04U0hjNGlJOWJrME9oY2ljTmd4VWpTcXJPYVQzWXpMaG9aS2Q3cktUd1dLQlRBWElONl9rMUpTRmxJU3VrSkVxb0ZfUG9nX0RMc0hubHFiQ3Z2N2Ftd1NBTkdzd29WaGpnNy1ybnhMTWd0eUtuZEpvdEgyN09YamRYNFFsQ0tsRjViTnNobVloMFJlUGFMT1ZBRi14amhOb0k?oc=5,The power is out! Here’s what you should and shouldn’t do.&nbsp;&nbsp;KIRO 7 News Seattle
2026-08-16,2025-10-19,company,,The Seattle Times,Power outages in Seattle area follow stormy weather - The Seattle Times,https://news.google.com/rss/articles/CBMipAFBVV95cUxNYV92TG9LV1VOVmdyTFE3T2J3VTRTZWtxRkIxcGp5N2RUZk9YdmZTUFl6b0tvS0oxWk82VE56blNlQmNPeS04di1TSFdsek5NWmc1NzlmbVRveTc3aUhhZW03ckd1aEY2UzJ5dnRmZm9jelZtbTN2RFg1YnZrbEhhc3ROSldzcFhfcGJtLU9fckpJbUxOTlpfWmpPWDNFRTBXTGs3Yw?oc=5,Power outages in Seattle area follow stormy weather&nbsp;&nbsp;The Seattle Times
2026-08-16,2026-03-02,sector,PacifiCorp,finance.yahoo.com,S&P may cut Berkshire-owned PacifiCorp utility to junk because of wildfires - finance.yahoo.com,https://news.google.com/rss/articles/CBMie0FVX3lxTE1VcGstcnBMUU1MLUdTWW0xeWxMcWRFYzVOMzRXV2JCVGVmVlJ2YzFQZENaS1NabVRheEYxRV93aFF5N1hwYkZ3aXZMTUI2ZEJVNkhSY3FzX0lmT285VFBPZ3JMV0I2a2d0NEVuWURxUl9pY0hZQTB4bFE5WQ?oc=5,S&amp;P may cut Berkshire-owned PacifiCorp utility to junk because of wildfires&nbsp;&nbsp;finance.yahoo.com
2026-08-16,2026-02-17,sector,PacifiCorp,Business Wire,PacifiCorp to Sell Washington Service Area to Portland General Electric - Business Wire,https://news.google.com/rss/articles/CBMixwFBVV95cUxPNXVWRXZzeHRkNDdLaVVFemdEdnJzeUpzNmo5Zk9HOHZTcVA4ZG1FQW1OajFmWUNOWURLMlhFbEdqQnloelNPWGt2OC1WQjBqb0U3WjRCSVdXc2FjdDZ5d0dOdmhaNEV4aExoU29mUE1Qc0dvZGtWdTIwUTNpM3NKNUdmQXVIaERWZGpESDQ4WlNpTWlpVjRqbmhhVnpSYU5iejdpemhfY1dpdW1VbWdzTDNaNDVIdFlHNm5DS3lvVElLemNHSXZn?oc=5,PacifiCorp to Sell Washington Service Area to Portland General Electric&nbsp;&nbsp;Business Wire
2026-08-16,2026-08-16,sector,Portland General,MarketBeat,Portland General Electric Company $POR Stock Position Increased by Russell Investments Group Ltd. - MarketBeat,https://news.google.com/rss/articles/CBMi7AFBVV95cUxOYV9rRkptVmlWQThBZlNFUFZxWk1GY19URUw2TVphaHFEOEdLbmZKWENDUEswbVk0N01rbTAzY3I5T2dxcFF1ZG40d0l3MTFLeHk0Z1FQT0tqZ2VmU1F3U0ZzTkpKdmVTQ3dKUWZLbWpMU0NNMDFwVXY0WHN1ZTQ5RnZ1NkJRUFg3MmZMTXZGQVNLSXh5WEc0alNxdWs5dTU5YmpheHdhdENsUEgtNEIwVHdjQ19XeEYtZ1dNalZoaXBTWjVfZUxlbWlZeDQ1cWllUFctd2pUdVAyU0I2T1BIb00yWFAteDZCVms1NQ?oc=5,Portland General Electric Company $POR Stock Position Increased by Russell Investments Group Ltd.&nbsp;&nbsp;MarketBeat
2026-08-16,2026-05-01,sector,Portland General,PR Newswire,Portland General Electric Announces First Quarter 2026 Results - PR Newswire,https://news.google.com/rss/articles/CBMiugFBVV95cUxPNDI1R21FODUzeEhaa3Q5Y1lBcTZ0MGpOZXZaeUc2WVBiMl9XV1hVQTlqamNwNHhyZlAxMWlpd3VzdGp3UUl6QU5OSjdGaFBIRDVwWmJ0czB3Ym9vNzRHdC15ck92N2UwYkxudUFuMURSVlc4SVY2WFd1RnhyV0wtYnRjenhZZE52YkNqb3dLSS1oNFBCaFlKZXlyVWY3Y1BpUVdKSEs1RWVMa19ybGpCbVFQZWFBVUh4Y1E?oc=5,Portland General Electric Announces First Quarter 2026 Results&nbsp;&nbsp;PR Newswire
2026-08-16,2026-07-01,sector,Portland General,finance.yahoo.com,"Portland General Electric schedules earnings release and conference call for Friday, July 31 - finance.yahoo.com",https://news.google.com/rss/articles/CBMirgFBVV95cUxOdVZncVhKUlJKNXZMWHN6LVdnWmJZMDRRaXlQeVdaNDI5aEFEZUxMeS0ySk9PWEdWemQ0ZkVxTDhRSWMtZWZnYUxQN2o0eEZsYUFISXcwRlVZa2xZZUtIRUIwMmNsM2hjZm9FQWpuYnEzREtFdEh1Y2dVMFJJSi1wd1NyYV9ST1FKZFBlWk0yaTFrLU5jR3d6a2NnVXR5SC1RWEcyelNDWjZrbEMzSWc?oc=5,"Portland General Electric schedules earnings release and conference call for Friday, July 31&nbsp;&nbsp;finance.yahoo.com"
2026-08-16,2026-07-31,sector,Portland General,TradingView,Portland General Electric Co reports results for the quarter ended June 30 - Earnings Summary - TradingView,https://news.google.com/rss/articles/CBMi8wFBVV95cUxNMG9wcEplTmZ6eU5XTHMxTGpQeTNnRGJ2dF9EcS1fQ3RRWW5ZNFVFSWEzeGxKMkxwZVpLSWZscGdLUWNFazJjcVU2UW83XzdzMG1Pc2NjVE1QYXRtZENVbXFWbjRqX2otZXc0SnVDOEtOM0k4OXhGVEk1TFBpTlBPUFFCNmRqMll4WnJVVll3LV9sZEk0eE5JQ2ZYSE9lQXhNTEpYZzRndjJfVS05VHJHcGJJTHloU3hCRzRMcTQwa0k5Z25WNVFPZDk2RDIyMm4yWDk2M3FfYzgtaXViY3BjVVdHdkNVcUExZ3FIWXZRNUlnOGs?oc=5,Portland General Electric Co reports results for the quarter ended June 30 - Earnings Summary&nbsp;&nbsp;TradingView
2026-08-16,2025-10-22,sector,Portland General,PR Newswire,Portland General Electric declares dividend - PR Newswire,https://news.google.com/rss/articles/CBMioAFBVV95cUxObHV2bERtNkUybE5Pd3h2M3htbklkUnVfRzZmSEdmMF9wbmlHWFBHUkJzWXphZmRCWGZLbnd1dE9sOWhycGJsSHc5UUFfRzR5S3g3ODMyclpmRTM0TV9sQTNZZ21QdHIyVk1tM3hZLWV4YWpJNU5URUhnTlBlYVhHSDByN0FtNEFuM3EzS3I0X3YtbHp4MEFobFNKUVgtdUx2?oc=5,Portland General Electric declares dividend&nbsp;&nbsp;PR Newswire
2026-08-16,2026-02-18,sector,Portland General,finance.yahoo.com,Here is Why Growth Investors Should Buy Portland General Electric (POR) Now - finance.yahoo.com,https://news.google.com/rss/articles/CBMihgFBVV95cUxPcWJCdHNBcHlIb3E0QTBnZlREQnh4WG0wWTFpaHJRUDhNSkR3RE8xNld5dDhicld2OVRRVzZxWkhTMjNRSTliM0RXaFVVS3FJQ3Y2eDY3RGVOaVhNU2VVMVlyY21YbjE5WnF5WlRKX3ZvNGxTUDlhcmR2ejc3UTZURVJIWm5EZw?oc=5,Here is Why Growth Investors Should Buy Portland General Electric (POR) Now&nbsp;&nbsp;finance.yahoo.com
2026-08-16,2026-02-17,sector,Portland General,finance.yahoo.com,Portland General Electric (POR) Q4 Earnings Lag Estimates - finance.yahoo.com,https://news.google.com/rss/articles/CBMihAFBVV95cUxQbU4wSFcxSld6X2xReXE3WlY4UjYwb1pwYlhFc1JudEc0dHFNNTI1bmMxdlBNQnBXbGlfaHNoVU5UdWFhS0JZcm5VTFI5NTNJa1B4d0IyakZETmpoVVlnSlRVdlZaWUZ4NTA1T01zcFNVb3dwdU5NRndNckhqdVduaXFjWmc?oc=5,Portland General Electric (POR) Q4 Earnings Lag Estimates&nbsp;&nbsp;finance.yahoo.com
2026-08-16,2026-02-17,sector,Portland General,GuruFocus,"Portland General Electric (POR) Reports Mixed Earnings, Misses E - GuruFocus",https://news.google.com/rss/articles/CBMipAFBVV95cUxOMmcwNGVNS2c5cE5uWUJSMHBOTGRrdEFpS3FSMFczZkJZWjlWUDdadEN5MWVSZkhycnp1bWxFZ2ZfdXp1SjhhbDZ6cUU0cGx1M1dBdVY4X2o2MU1UbUFPQ1U4VWg0ZEt3MXV6TzhyUk1xcXZWWjFXMjVibExfbjEzbkdud2E4MF9RZWtLckpJN3JXQUJIWWozbTNFN2lMbUJnanpNVw?oc=5,"Portland General Electric (POR) Reports Mixed Earnings, Misses E&nbsp;&nbsp;GuruFocus"
2026-08-16,2025-10-20,sector,Portland General,Utility Dive,Portland General Electric invests in AI-powered flexibility to speed data center connection - Utility Dive,https://news.google.com/rss/articles/CBMiiwFBVV95cUxPWFZNcGE3dXZmY25NLTV1VUFnR1BKcnpfcVdUdjhLRHRVNkFPLW9ZamhyTHZmZmM2LVg4cmpSNHNNaHZHSXJiZ19MYzZBMi1BRG5vMTFoc2hEVGVLRXhYWENyd3Z6S0tWaExpXzZIWFQ1UWxlY2d3Sk55Y0xBSUtLWlkxNXNiQkY1Ukk4?oc=5,Portland General Electric invests in AI-powered flexibility to speed data center connection&nbsp;&nbsp;Utility Dive
2026-08-16,2025-10-08,sector,Portland General,PR Newswire,Portland General Electric and GridCARE Accelerate Hundreds of Megawatts of Data Center Power in Leading U.S. Market - PR Newswire,https://news.google.com/rss/articles/CBMi_gFBVV95cUxQSUlXdWFtRzZXUHZjMWYxWEFPZEw3amZBXzdqbVR3c0toZF9pcEVfOUJudEZQSWV0eXdDUGRHd3Y0QWdIZFlLNW5HeXRoQUMyM3o1REh1aDJLelFvMWRKUHVNM0dpek5MZi1fajg1WjNyYTNiMlhSdmt5OUktQndBWnBGVjkwUjFMN1FXdjRaVGlvNE52Z3IzWk1rdVYyUk5GYVVRNjZvM0R2U1hXQ1FWZjROM2poZVEwOU5uUkJzSncwODRlN0xiVlFtYk0zRm5IVklpUUpnZGNkNHlwN2dfTlBseV8wQ2hKWkRDendDdTQyZ0FEa2cwRFZTRWtTUQ?oc=5,Portland General Electric and GridCARE Accelerate Hundreds of Megawatts of Data Center Power in Leading U.S. Market&nbsp;&nbsp;PR Newswire
2026-08-16,2022-11-29,sector,Avangrid,Utility Dive,"Eversource, Avangrid aim to ease soaring Connecticut electricity bills as lawmakers push for hearings - Utility Dive",https://news.google.com/rss/articles/CBMiuAFBVV95cUxQcnJ4UUdpRHRobnYxaERCckJ5ejFNeGFhV21SQVRXMVR0YW5hRWNEd2h4LUp1cXpqSFV0d3dsNmpPV2VKdkJRRGREZTVJYVhQSHJtTVozekN6UlFoV2c3RlFZMnRuelN2X21rV3pMeEhLNHVPNHA5SUJUd0EwMXROWWlQTTN0S3hRMkg3NkVmbmRBU1BoSDB0OXpSS0hlekVyQkhKX291ajRZN1BfVGpLMTd4WXJjQkpU?oc=5,"Eversource, Avangrid aim to ease soaring Connecticut electricity bills as lawmakers push for hearings&nbsp;&nbsp;Utility Dive"
2026-08-16,2022-12-19,sector,Avangrid,Utility Dive,"Avangrid asks regulators to dismiss 1.2-GW Commonwealth offshore wind contracts, says it plans to rebid project - Utility Dive",https://news.google.com/rss/articles/CBMimwFBVV95cUxQWlNiN2ZGcXNNOFNhWkd1UnBacDQ3eGFYcGdGNC1BckFHanpQN0ZXcUpKNVZSY1duZ1ZIc2l4UXBoRFU5a2dxaVBFRUw1VVFtUTFfbGVndTZRdkJ2THRrU3cwT1ZiaS1mZE5SMXdUa193cTVoQURmek9VTXZ6SkU4LU0yYUJJczNsdlFROEtFYlRhdVhhZlhQTm9iRQ?oc=5,"Avangrid asks regulators to dismiss 1.2-GW Commonwealth offshore wind contracts, says it plans to rebid project&nbsp;&nbsp;Utility Dive"
2026-08-16,2025-05-07,sector,Avangrid,power-eng.com,"This Northeast utility is increasing its US investments, touts a 50-state supply chain - power-eng.com",https://news.google.com/rss/articles/CBMivgFBVV95cUxQbjNrd3FhendtbWVTMTJqTHNfT185dF9RUUQ1TFNpQ0J0VU52MDIteG02TkhtdlBCWkRObjNCYkpJcmpmZGpyaW55Qnh5ZWFWOUhqQ3BBM3NOUnVXd0tmOFRzX3NhN1c0dG1PNDBPM0o0MzVNT2gtN0E1Sks4U0R5MmxVNVk3V0wwNUd2cTdXVm80emJ0d2pqamdwQXdaWjBTeW1mbzFXZlZaTi1YMHZ3NXMxY0xBc1ZkX2NqeGxn?oc=5,"This Northeast utility is increasing its US investments, touts a 50-state supply chain&nbsp;&nbsp;power-eng.com"
2026-08-16,2025-01-30,sector,Avangrid,courant.com,"Eversource, Avangrid sue PURA, claiming CT utility regulators violated law for years - courant.com",https://news.google.com/rss/articles/CBMiugFBVV95cUxOZ2tKSU1zVS1vbVgyaXRRWUxSYzhLWGJaaXZKcS0zU3JzUDVxRlk4aTQ3QnpvT3pOOVZNTXhXYUhGTTgxRkhybXhSNWRtN05sNHNLcXhQZlA0WDFsNjdFWkdubzJLTUdEXzd2TTNXcGxITWpsbjNrLThYU0wzbnhZaEpLSEdpNWJVUHdrUmlLOEhFQ0hrVTh2Z2ZfUks5UUtxV0JGUnVaTXhuTXNiY29PVFQ3eTZXcUlIRWc?oc=5,"Eversource, Avangrid sue PURA, claiming CT utility regulators violated law for years&nbsp;&nbsp;courant.com"
2026-08-16,2026-08-16,sector,Arizona Public Service,azcentral.com and The Arizona Republic,Some APS customers could get hundreds back from SRP. Are you one? - azcentral.com and The Arizona Republic,https://news.google.com/rss/articles/CBMiwgFBVV95cUxQc1JQNUhBQ3Q4RDg2Wm5pVXRYSlN3dUNtMEVLTGpBU1RUQ0JEY2FSdGJEZmwzbGFsaHdfaGtPQWNsNHdtekxPRW0zTF9tOTl4OUVSN0d0RE1Ec2NlcFhnRHcwalhpYVFwTVlVTEhrUEV2SldFZk5KMkk3S2JLWllNMGlHQU9WTjIyWlpMTTk1NmxaemxWcm40cmR6LW9rS0FqU0tQVzZFcG9wRHhRRnpBYW0xQmgyQk1PMFpXUzI0b3R6Zw?oc=5,Some APS customers could get hundreds back from SRP. Are you one?&nbsp;&nbsp;azcentral.com and The Arizona Republic
2026-08-16,2026-03-10,sector,Arizona Public Service,Arizona Daily Sun,APS is asking regulators to change its funding method - Arizona Daily Sun,https://news.google.com/rss/articles/CBMi5AFBVV95cUxQb2tMZGgzTTRHRFVieHRsOGV3SjdtLXM2OTE2VTRucWU4cUp2TVpPallpc25jZ08wbWx3UjhWVVdrYmswaUtSQzJQLW9jRXpRNE1LSnMtRG9vWjRRaFQtc25RbFNNd19qRHNodklaaFV5WThBeEdYNTNZd0FudHZHMGlZem1RaW9XQXFTd1loY0w1cVBVVmtnS0lINDJyb2JxaXBYTFNyV1FUNHUtYnpqaVN1dGJEY1BIeHRtYmdoSXk1bTVUV1dwS2RVUTBzY01QZW5Xc2ZUdEJJbHBoRFB4MHdHNWI?oc=5,APS is asking regulators to change its funding method&nbsp;&nbsp;Arizona Daily Sun
2026-08-16,2026-06-03,sector,Xcel Energy,AlphaStreet,Xcel Energy (XEL) Has a Grid-Investment and Load-Growth Story the Utility Label Still Misses - AlphaStreet,https://news.google.com/rss/articles/CBMivAFBVV95cUxQQlRHU1RqRm5NcWNreGxlaDNZRHVVZlMyaHFVUE9rWS1uQnV2bUtQRDYwZEh6alkwSWV2cko4TFNRVEZWUm9MTnNNVkMyMVhrdGpySnZwdHl2UFFocmdRSkVjbTQtUVZqdGRFM1lPekpaYXFxU3E3NkMwZnRnUHBKNHBzcTVSY1hLRVBWZUtkWUw4TDFNelE4NGFJeE9tVzdhZzZQSmg1YnU0NjFlOFB4QWVVUlRRUHdsNWxLStIBvAFBVV95cUxQQlRHU1RqRm5NcWNreGxlaDNZRHVVZlMyaHFVUE9rWS1uQnV2bUtQRDYwZEh6alkwSWV2cko4TFNRVEZWUm9MTnNNVkMyMVhrdGpySnZwdHl2UFFocmdRSkVjbTQtUVZqdGRFM1lPekpaYXFxU3E3NkMwZnRnUHBKNHBzcTVSY1hLRVBWZUtkWUw4TDFNelE4NGFJeE9tVzdhZzZQSmg1YnU0NjFlOFB4QWVVUlRRUHdsNWxLSg?oc=5,Xcel Energy (XEL) Has a Grid-Investment and Load-Growth Story the Utility Label Still Misses&nbsp;&nbsp;AlphaStreet
2026-08-16,2026-06-24,sector,Xcel Energy,9news.com,Xcel apologizes after calls to family of deceased CU quarterback over crash-related damage - 9news.com,https://news.google.com/rss/articles/CBMi6AFBVV95cUxNMUZCOXlvZDdmR0dKRVlQUVU4SE11Q0RKNm9fSmFlaThJOUdiMGJ0dDNaRkR0UVdNQngydENOTEMxRjRjVVpLZE8zVXpNY1p1OXM1ZE9QdnRnQWRYUHAxdjZmN0ptX0szSWI1YUxzVVlPX2FfaF9vNXJJczhtZGtpYmtNeGNzRkFTMDZEZWJaWHNuR29zTm9lUGNjcDFmcUVFMGdSMVJ2bHRoSGJVdWxhdm5RSWoyZ3ZnMzIyZS1qX0VhSVFCTzE5d0w3X3JMdlI2anZlWk0yQlNMZE1JRElaM1Y2NFpXS0Ji?oc=5,Xcel apologizes after calls to family of deceased CU quarterback over crash-related damage&nbsp;&nbsp;9news.com
2026-08-16,2026-01-07,sector,Evergy,Utility Dive,The next-gen retail energy mix: Aligning supply portfolios with customer expectations - Utility Dive,https://news.google.com/rss/articles/CBMitgFBVV95cUxOeHRqWUNvVHRQYkFWRXJHM1hfc2g0WVZsaThpWXpsTVUwTmpLYl9SVVRCRUdtZW9nNFZ4aWczRTFrTHpCT21FOGRrOUpOUUJTSVJzTFRjdlJ6bFlBUGhVSmYyeTBMSWNlMjYxTEs4YThNMDVsRkthQnNQNXZmZTVheTgzRzZNcVNDYkVuNTRWV1JGZU1ad24yMktIQnpkQ0hleHFRTE9mZXlpUUx0czdfS0R4WWM5UQ?oc=5,The next-gen retail energy mix: Aligning supply portfolios with customer expectations&nbsp;&nbsp;Utility Dive
2026-08-16,2026-01-16,sector,Evergy,TradingView,"SOLV Energy, Utility-Scale Solar and Storage EPC/O&M, Files for Nasdaq Global Select Market IPO - TradingView",https://news.google.com/rss/articles/CBMi6wFBVV95cUxNcU5BSTgzNEMwMExUSk1scTlRU0hLeXQ3ZHEwZXBXUS1NZnlFY3ZpY19XVFBUM2Zsb3V4aEJwcHJMVEE0dVBjMk40eHF3bWR6bHlIeFB2bTZiaWZxMzlvRU5OMElZVTlMZmNlSnpTeXhpTjVrN2o0aDY4NXNVdW5JR3VuXy15VU5NSGFLZEh4cXViNlIwM1h6eFp0TGJITkVPc2VQejZvMlg4Y3ZSX1JVUTBZMVBnQzB5eW5QQVFwYXRaTDhPWGdmbkJZTWlJb3J0Zm5LQTJHU0t2MTBsbU9wQVoySnRtMTBnV2RZ?oc=5,"SOLV Energy, Utility-Scale Solar and Storage EPC/O&amp;M, Files for Nasdaq Global Select Market IPO&nbsp;&nbsp;TradingView"
2026-08-16,2025-11-18,sector,Idaho Power,Idaho Press,Idaho Power customers can provide input on proposed rate increases in Thursday hearing - Idaho Press,https://news.google.com/rss/articles/CBMihAJBVV95cUxNOHVndlVQa1dRcklraThwT3BzQTRQU1FMSmtiMGR0UjlQMTM3V2FDcHd6UU4td05CNTFud3hwYTZMM0JIRWJneE5GMDhfT0d5RHlXY0o5UGNRLTBOLUxhaUtFcHpuaGtfVnhQMzhhdlA0N0NFYzVUVXdkdWZVYjFfVnlVbWxBemdzZHF4dncyY0Ffck1YbVN4V042OUNLbE85NHZlSFNSS0d3MWh1ZERrZGFoT3pWd3ZlREJBcFJFb3ZTSzVJMlNESXBKTkdKcGdRWEtqR0ZVYlVNbEo4ZmI1ZXF1Q1V4NlZzZl9tc3o4N2JtSVBDZ3NheWNraDBzUDZ0RVJsUg?oc=5,Idaho Power customers can provide input on proposed rate increases in Thursday hearing&nbsp;&nbsp;Idaho Press
2026-08-16,2026-04-16,sector,Idaho Power,Business Wire,IDACORP Schedules First Quarter 2026 Earnings Release & Conference Call - Business Wire,https://news.google.com/rss/articles/CBMixAFBVV95cUxNVE90SXdUZTRZUmtpSHAwNGREdEVPYV9LeVNMV2NOSEhKTFMzTkV5N3liNE1ERF9QY21Md1JmMkhUcjhleVlzcnFYQWljM2g1V0pmRF8zMHh2UmpqTEEwQmFuMWU3UkVSNi1sR2ZqQ3lLSTU2aWtRZFR5bjQxR1k4Vmp4bUpxUDJuaGwxRGsyLVpRalNKUXFxQzVwYUZrcUNzZ3E2QzVQYV9KQjhBUDhvajkwbnZFUE93RjE4MTNJR2cxQzlX?oc=5,IDACORP Schedules First Quarter 2026 Earnings Release & Conference Call&nbsp;&nbsp;Business Wire
2026-08-16,2025-08-13,sector,Idaho Power,Capital Press,PUC sets intervenor application deadline in Idaho Power long-range plan - Capital Press,https://news.google.com/rss/articles/CBMirAFBVV95cUxNUVg1cTlLdEMzWXE2UHg1RjhNZWhoYk4wVHRlZ3lfRUVvZVlQeWVzMUNMSlpCVkZEclZnU2g4X1lCXzgyd1YwbVZ6X3dCZ2l2RWxpa0FJTlRsbTNGbEhvUWl2aGs3Vkstcm41a0RKZlJYQWNCR1ZITFFiem5ucnI0WjluVERUSndoYnFnTktXRFdoQmJ0dlZYYzdZVzZPaGNwR1VabzNwTTN4MUlG?oc=5,PUC sets intervenor application deadline in Idaho Power long-range plan&nbsp;&nbsp;Capital Press
2026-08-17,2024-08-20,leadership,,Missoula Current,Viewpoint: NorthWestern Energy’s missteps in a changing climate - Missoula Current,https://news.google.com/rss/articles/CBMiY0FVX3lxTE5Qd3NtbURtdEJEcUJnMENnek1CTkpNUmJaS0tPQzF3Ynd3RXFyRVpNOGJZY2FmaUsxQzlxaXNHTlg5dE9TN0JMZFdEY0ZpX0stLXN6Z0VOUl9XSWU0NVgzNFFfSQ?oc=5,Viewpoint: NorthWestern Energy’s missteps in a changing climate&nbsp;&nbsp;Missoula Current
2026-08-17,2025-07-30,leadership,,citybiz,"Swift Current Energy Appoints Booga Gilbertson, Martin Crotty and Chris Fallon To Board - citybiz",https://news.google.com/rss/articles/CBMiwwFBVV95cUxQdFZXSVh3eW1NS3cxbXZJb0RuaEhHRzQtX1BoaktlSmxkMjRhbTZwaWJGMXRzTnF4OEp6cHlpby0tbWpZV3l3WnN5emxJSVJWTlBmV0plaTQ2TkpPYmFUaXNySG1LVERIc1R6T01PZkh0NzMtSm9UUjNkTU9TU3BlSnVXckdRMF9hcndfVC1RSThBajZ4aEJxMGN0a1BGYUMzck8zNHFXZnBYeWQ0Wno2bGVBbEtieV92UGRvdDhKZWlOMjA?oc=5,"Swift Current Energy Appoints Booga Gilbertson, Martin Crotty and Chris Fallon To Board&nbsp;&nbsp;citybiz"
2026-08-17,2025-09-11,leadership,,Karryon,Movers + Shakers: Hawaiian Airlines names Diana Birkett Rakow as first female CEO - Karryon,https://news.google.com/rss/articles/CBMifEFVX3lxTE5VQjc2Z0E2ME9KblNoZ29RLXhpSXdTaU9oc2ZXT0hCTGFHTThfOThRU1haREZ0eDhvczB4dW9OclFaSUtXdks3S2J0SlpndTVyM3I4empXNEVhbTd2MGZFd0ZTSHo4Sm5lZW43TkNhdVI1Q2JNVlJ0TDJOdEU?oc=5,Movers + Shakers: Hawaiian Airlines names Diana Birkett Rakow as first female CEO&nbsp;&nbsp;Karryon
2026-08-17,2024-09-26,company,,Energy-Storage.News,"Qcells, Brightnight sign solar PV, BESS contracts with utility Puget Sound in Washington, US - Energy-Storage.News",https://news.google.com/rss/articles/CBMivwFBVV95cUxQY0ZTRGl6VDhhdzFsdVlUQ2NycXREWjNlSmFERUZHQmdXMmNFVmFVamFfOG40aVZvZkhPdUZ1b2h1ZEVmSEZPTFpLS2wyQjRmYnV5TU1MOHhXX2s5emNRR3RvWGp1VVVuZXduZnpGdlk2VFRpekdEMHZYajV2ZVlIWndCM3pVdFFfVGhiQVNDaTdNNFktQVFyc2JiRE5pazd3OEh6Y2trbFl3eHZmb09yS1B2YnFuX1N6NXRSbGlEbw?oc=5,"Qcells, Brightnight sign solar PV, BESS contracts with utility Puget Sound in Washington, US&nbsp;&nbsp;Energy-Storage.News"
2026-08-17,2025-04-20,company,,KIRO 7 News Seattle,Puget Sound Energy installs tree wire to improve power line reliability - KIRO 7 News Seattle,https://news.google.com/rss/articles/CBMiyAFBVV95cUxNeDlCV05KZFh2eHBLVlJ1SUtaQ1BFU0pGeml2bGR5YUxNcWtDRnhENFBKOHRCQkc4dFN1WmNnaHRLc1NzUXZyNFdYQ0ZiVFNQWDdUdmUyQnp5VEtVQThmT3lwdGpNbkFKOS1NLURTUzJTWnc0WXR5RVhTc3F6Mkk4Tlc3WFFST3k0cDc5QnZURjhhZVVJeUwtV08xMDhURnJ6QmdZYWdSMzJYd0U5Y1l0Yk80ZzhPc0F5eU5udVdGMXRqaHRNaEttZNIB3AFBVV95cUxNRTRqZGR5c3VaYVpzSjFVY21qR2VLbnllLUxBbGt5d0ZGdWNPLWlxd3oyRzU2ckpIcE55MmFfb0tENTNjb2ZxTkFENVdvZ21haUw2b010dWpKZEowd3VzMHNOUmJNc2l6X2paM00xdmpPd2h2c1FFZk0zNTNLaFAxX2twdkVwSWJoV212Nk0xZ3ZMVkIwcEZQWTBLRWtTRXU4V0kxbld2T3JQWEhUalYxbDZ3ZGFyb3UzYjVMSmpfUkIwRmk0U3F3RThPSTNGR3hXVXc5M3pEMFBGblBU?oc=5,Puget Sound Energy installs tree wire to improve power line reliability&nbsp;&nbsp;KIRO 7 News Seattle
2026-08-17,2024-11-24,company,,KING5.com,Power restored to majority of Puget Sound Energy customers days after bomb cyclone - KING5.com,https://news.google.com/rss/articles/CBMi1wFBVV95cUxOZkV4cVhHZ1JGR0w5QTFNVWhSbjhULVc0cERrVC1BMzE3YXJld1NLZUNDdkVRUTVpMF82MkhZclZUdjdzSkpVbEhheU5pcmY0a2VwTEt0R29JMFhYU0FWNm9OcFM5QUxBTW1nMkxSLTB1SDhlUzM0MFVvX21mZHgtSGdOZ2k3U0xJWU5ERDh6MjVoV2xLVEYxbWtkdmZ6azcxZlgzVG95UWpWc1VoQjQxTWhCZmlJbVVVV1ZHamExbmFEZ0twUTIxQ0ZRZVBJdWdCZ2VjLU1OOA?oc=5,Power restored to majority of Puget Sound Energy customers days after bomb cyclone&nbsp;&nbsp;KING5.com
2026-08-17,2025-06-30,company,,Department of Ecology - State of Washington (.gov),Ecology blazing the trail for more clean energy projects - Department of Ecology - State of Washington (.gov),https://news.google.com/rss/articles/CBMiuAFBVV95cUxOajJyaVk0SDdGTWJQdENlSi0xcmxxT0t4UWNUckRIRzZuRFVJajFSSFhjTTB5T0EwLWdKYXYxZnBCYzI5T3U2LVZqQ0xVV25UdWNMeVRKMUFwZUFVeHBUaXZRQWhIUGpFV2FjZXROS2tKU284TUNVRXM1N0xDbmZiT0p0UEVuSGg3QlZNR3RIOVJVNkdwbF9oS05xRG1EWmY2MWVHYjNuTXpIalZUMFJNaVVwSm5QcEc1?oc=5,Ecology blazing the trail for more clean energy projects&nbsp;&nbsp;Department of Ecology - State of Washington (.gov)
2026-08-17,2026-06-21,company,,Seattle Weekly,"Rebates, discounts available as PSE rates increase - Seattle Weekly",https://news.google.com/rss/articles/CBMilgFBVV95cUxQY1JpUWxOeVJBZlYtNTd2Tl9vNkgtejM5Ymc2OWNBOG9DRkJkenltakhneVpINDlXX2tacDM2d1hTVGxLbGxGQjJ0OVlKUFByYm0yQ09CaDlNVTZoeEI2Qk9tOXMySDdfbFVScTh1WjJkdksxVXBaZ3dhNi1ZaVFja1RTOEZYaDNGeHItbkY2dlFzbW9sb0E?oc=5,"Rebates, discounts available as PSE rates increase&nbsp;&nbsp;Seattle Weekly"
2026-08-17,2026-07-26,sector,PacifiCorp,KFYR-TV,Pacific Power requests rate increase; Utility Commission invites feedback - KFYR-TV,https://news.google.com/rss/articles/CBMiswFBVV95cUxOdHhzem1Kd2lxd2xsemltVnpwbzQ2cUZySXlKTjlXNXhna1R4LUw3NlZhWnpnMXVPeVkwVGswWTVyZFZHMjN4R2FDQnJ3N1NqNWFWT1JOMDEwY1pwaWZtdGZUSkUwX2xHZEd2Rk1oeVYtS1RucG8xbXFucF9vVlFlZkM4QktZZUN2d3A1ankxbzVvR1VTYjRGOW9HRWZDYllRZ0t2V2V1NkEzWC13NURkMWlPYw?oc=5,Pacific Power requests rate increase; Utility Commission invites feedback&nbsp;&nbsp;KFYR-TV
2026-08-17,2026-07-31,sector,Portland General,tradingkey.com,POR|Portland General Electric Co|Price:48.530|Chg%:-0.720 - tradingkey.com,https://news.google.com/rss/articles/CBMiWEFVX3lxTFB6QWNDMGUxdlJCei1GcWt3eWJUcm9NaGx1NTlCWFdpdl80THN5LWs4XzlqSEVIQTNhNFdUVWtIZlhvVmJoRjc4ZTJWeGlncjhwTTljdGdaSjE?oc=5,POR|Portland General Electric Co|Price:48.530|Chg%:-0.720&nbsp;&nbsp;tradingkey.com
2026-08-17,2026-07-31,sector,Portland General,tradingkey.com,Portland General Electric Co (POR) Earnings Date & Reports & Earnings News - tradingkey.com,https://news.google.com/rss/articles/CBMiZEFVX3lxTE1nWnp5VzNaM2NoOFk3WFpJekdkNFp2OG5ESTBfall1Y3pQcldCN0JyVHNwRDA3UC1uYmpMdkdhaFNrLTgzQU14LTI5VGZtbThpZXpERjVYVVFoanlGYWV0eXRpaHE?oc=5,Portland General Electric Co (POR) Earnings Date & Reports & Earnings News&nbsp;&nbsp;tradingkey.com
2026-08-17,2026-03-25,sector,Portland General,simplywall.st,Portland General Electric Expands Debt Capacity For PacifiCorp Asset Acquisition - simplywall.st,https://news.google.com/rss/articles/CBMi2gFBVV95cUxPS3R0VzZuZXQ5X1p0Z3JEbTFfdTNkdDBzX01BVDNUYTdVam1JanItc2laY05jbDBrRGJrekVibl84Y0o4UlQ4YUhTWHNHeW9sZFNJQ0syV2lhalRUYUxrZks0dEFXTV94bTNrYUc4NU1URWZBYi12Y2hhNHgyWlpNWWhnTXVpOGcyZmdhWktGNnduMjdMZ2o1bmxRdXUydHBUaDZDTkdQMmpnbDh2aWdpRU0zUXVJNXgxV0Mzd2xtazRHSUlRYV9sNlp5YkFWcHd2WXA3cllscmlad9IB3wFBVV95cUxQNzdCWEVERlZiQkQzaGl3VTJKVG1FUjRZNXY3eHpkOVBxaU83ejhhbjFPeUxHclZPc055cC1TUHJjbUZyLXRyVXdRaW43Y3BxeTFITmw4di1OVUdvcHFSeXhOSURZUE9qYkZIRnF6Z1ZxZktYT0ZqQWRTMnBBQ2w3X0J5Sm9MSkE1MHJCSFpma2tQOFRxZkhzUTZ3SENtelU1MWJpa0hlVWdhZTZSX2J0ZFRVeDhiREpEaWk0a3A3cm5BZHM1QlFyV3lDUzNNWFc5b0FRZkRjTW4zZ2FuTkVJ?oc=5,Portland General Electric Expands Debt Capacity For PacifiCorp Asset Acquisition&nbsp;&nbsp;simplywall.st
2026-08-17,2026-02-17,sector,Portland General,Stocktwits,Portland General Electric Expands Into Washington With $1.9 Billion Utility Deal - Stocktwits,https://news.google.com/rss/articles/CBMi2wFBVV95cUxOcUJ0NlFSNE16bGVGSnhTTWMtRENBM0UtM21FV2ZkazJFWDlRajRra0MxVTFIUUVKVC1naUo5dnlqYUJvSEQyZzJrdDBkOU0zRXEySWZBNXg3WlNMR3YxR3hoSnB3aVVjVi1rSVRsdV9oSDQ1c1ZTM2VMc2NrVzdBcUIzTmlTLVhKeEdodVl1UEtTdElZeklmU05uT1pfVGx4c3V1NnUtc1VIeDF0eVNEajdRQk5wakIyVlh1UWp6VUE3bWo0RGlwMmFBSEFnUXpBQ2hSZkVmT2k0SUE?oc=5,Portland General Electric Expands Into Washington With $1.9 Billion Utility Deal&nbsp;&nbsp;Stocktwits
2026-08-17,2026-02-17,sector,Portland General,Connect CRE,Berkshire-Owned PacifiCorp Sells WA Assets to Portland General Electric for $1.9B - Connect CRE,https://news.google.com/rss/articles/CBMitwFBVV95cUxOa2o1N3JVdnZZcm9LQ2FMckNlWmVwWmMzZE92SVo3QXZ1X0ItT2lpTEdtVEtEQXo4SnV1ZnVhR3U1RHpyZERPRnNQUzVnOTBaYTdVajBOdURVNVR3MTEtTXNiY0JvS3lzNTItMTZaS3dXZjJvVU0zZGJJRktZOXhQZ3kweXRNQ1pxbnlNLUEtYTdVelppWGJGV2Jpa014bnFGTl9GN1pZRFJlOUVieFdmNjM3WHZQTDA?oc=5,Berkshire-Owned PacifiCorp Sells WA Assets to Portland General Electric for $1.9B&nbsp;&nbsp;Connect CRE
2026-08-17,2024-02-23,sector,Avangrid,Utility Dive,"Avangrid, other utilities urge FERC to reject ‘false’ claims of insufficient transmission cost reviews - Utility Dive",https://news.google.com/rss/articles/CBMiswFBVV95cUxQb3N2S3RQWlRqUkNTQjRNZ0I3aFduZDFYZlVBcFp3ZWtobU9XZHhSbU5xSmpGTS1pWDFYSmQtVWRFS09RaHpzaS1wbXROV0NmT2UwWk1DV3ExSmNVdzVEaVcxQzY3MXVEemRJZGg1aERsN05Ua2o5ZkRNX2plRXEtb2dUbEx3dTV1dV9aR3JwdVhGQTJKbURZeks5ejM1UlJXUEZ3QTZ3U25MR1J6WDZiOFB4WQ?oc=5,"Avangrid, other utilities urge FERC to reject ‘false’ claims of insufficient transmission cost reviews&nbsp;&nbsp;Utility Dive"
2026-08-17,2026-06-24,sector,NV Energy,Las Vegas Review-Journal,NV Energy: Data centers could drive 64% of Nevada power demand by 2046 - Las Vegas Review-Journal,https://news.google.com/rss/articles/CBMiwAFBVV95cUxPT2k4eFJ2Zl9TTGttenFUN3VtRVowcmNzSVRIWWIxSEJhdGZvTDUybGVGZFdmNFVoc1ZoNW5vNGV3RXdTYzNGaTJ1a0ZzdE01MjlsWWtrTDAtTGJrMHlUR21vWUJZYVRac2phVG5odVlVT2xPalhZcmc0QWU1X19QODZWUnBvQUlyeGgwc0FLZjdUa2F1T3FnU2VLTHZZX0JEMjJsNGlIamtuUHFTNUhmdUtCQUljLVBfZ2doQUdxT0s?oc=5,NV Energy: Data centers could drive 64% of Nevada power demand by 2046&nbsp;&nbsp;Las Vegas Review-Journal
2026-08-17,2026-05-26,sector,NV Energy,ktnv.com,NV Energy daily demand charge survives court challenge as judge denies petition - ktnv.com,https://news.google.com/rss/articles/CBMiqAFBVV95cUxQYTUwRkdpNXlHME80aHYza01TOGFkQUkta1piaWlKajVtMzdPcUR5RUtyRllJSTJoTFgxRmtiNjJnY2xlaGFzLTVEQkNtZVllT1kwdkNNX0ZmQkF5eTczb2E0RHI2bjh0NzJVXzBpTlBTQ1lzdmRYb3hNYlRHRVBVcWN6cmlQakw2NERpRDZURklUbk90Z2FIR0kwbUtvalpzcVFSVHBYWlc?oc=5,NV Energy daily demand charge survives court challenge as judge denies petition&nbsp;&nbsp;ktnv.com
2026-08-17,2026-07-13,sector,NV Energy,KTVN,"Power outage affecting more than 5,000 people largely resolved - KTVN",https://news.google.com/rss/articles/CBMi3gFBVV95cUxQTU4xNkFULVgtbjRtNmdHZHAwSTlIZVIwcElEZ3ZxcG1ZR2tpY3hsUENJUG4xWHNaZnhGVDNhdFotZXFnOVJpdTVBZk1rb3h3UzFuOHNzQUVWMV9VcERoaEpfX2U0WUNhUUFlM2o3b191dDZMRUdFYWRKaFRudDFrSUNGTUpBZHZIdUV6MTZIbGtWbTY0ekQzNzV6TUZHUkRiUUxCT2pfWHdvbzQzRVJRR21XUTdacFhXajZOQmF5MUlkY0d4NllOV0wwdW9RVHNYOGVWMmRQQVFYck1saEE?oc=5,"Power outage affecting more than 5,000 people largely resolved&nbsp;&nbsp;KTVN"
2026-08-17,2026-06-15,sector,NV Energy,FOX5 Vegas,Las Vegas utility customers rally against NV Energy daily demand charge ahead of PUCN hearing - FOX5 Vegas,https://news.google.com/rss/articles/CBMizwFBVV95cUxNaFRfWU0wSTJLTjFiRHhPN2oxYWdQZ2FGYVZaN3RXV01EVlFVMUJIY3EycERSV1BCbC1qck9ScnZqUTdYYlJQVmRsNlZRVWZzSFJMMWFGT2N3Vk5aRTgxaHVFbFlUN0tBNHNHblpBSS10Y3hEZmFZQWtqbGtyWDRjR2hwajZyU19EUFQ0QW0yaV92S2RMMTU2QmkwVWliV1M3N2ZRZnBkOUFKek1lS1NHWHJvcEhsLW1vNUlmRXQxQnc2UjVMMm9FdUgwTGMzMDQ?oc=5,Las Vegas utility customers rally against NV Energy daily demand charge ahead of PUCN hearing&nbsp;&nbsp;FOX5 Vegas
2026-08-17,2025-09-17,sector,NV Energy,Las Vegas Review-Journal,NV Energy solar customers could see $20 increase in their utility bill next year - Las Vegas Review-Journal,https://news.google.com/rss/articles/CBMizwFBVV95cUxPbHBRZUcydUhsY2tEeFdWY3lOMDk1VFNDdmExVFFDYjJHN0VWZ29veWpfNEstTVdad2VGZXN6cmRtWGNERnN4Vy1SR2dhOHZGNXVmRUwzOG9ibTltc1NnVnBHYXpOQmtnVUEyaGVTRS1aOVFKN2NZOUt4QXBNZHFzUjlackl2SXUzVW9NSV9DUDVyNzdUMjFtb2N5Rmk3NTZfSUJzMnFaaGlvSTdhWERyWVhaZ2tGN2MwT2RZcnRHRWU1bnhKaFVDbFJVNFRQNW8?oc=5,NV Energy solar customers could see $20 increase in their utility bill next year&nbsp;&nbsp;Las Vegas Review-Journal
2026-08-17,2024-03-05,sector,NV Energy,S&P Global,Nevada approves NV Energy gas-fired projects after solar-plus-storage delays - S&P Global,https://news.google.com/rss/articles/CBMi8AFBVV95cUxOeEhvSU12cFhmOGtfN25yWFRtOHJuZC1zNEhveEdzS3JkZVBHOTlGdGNmamdXS3J1c1h5T0NsNV80YUJPTF8zZG1Hd1d4cWVZUGlCSzNDS3lHdEl1c3VYcUZMRkV5Wl9kdmFWT3o2MXdyQV9GRGZzRm5XeXZoMXp4aUU2dTlWd0hnLVNoYmowUFRlRFcxa0Z1NzJyUG1PQ241cklIUWVSN2ZDbVJWczlYOXI4YUJHWWs2ZVFTZXVkQ0RiMXMzZnBqYkNHQnI3SjNyaVEtZllWcHNYWURlU3pMaXZNZzZoR3NkMFAzdnBzMnU?oc=5,Nevada approves NV Energy gas-fired projects after solar-plus-storage delays&nbsp;&nbsp;S&amp;P Global
2026-08-17,2026-07-14,sector,Arizona Public Service,KJZZ,Why Arizona customers are opposing APS' rate increase request - KJZZ,https://news.google.com/rss/articles/CBMiowFBVV95cUxPVmRKdi1iM0kyT1I2b01IZS1IQUJyczY0U1QtSmc3dXI5dHNGWFg4LVAtYXNuUmNYalJ1REhJaFdhNXEySk9NenQ3ZkNiVlE2NUd2bUxxX1ZhcnpaelZ6SkpNS3R3OExicHQtRUZHeHFjLVpYdnM4Z085MW80VThqcjk2TFNMamtodmtNRklITDMyN2l0Ry1MUnRCV19qUWtEMnZN?oc=5,Why Arizona customers are opposing APS' rate increase request&nbsp;&nbsp;KJZZ
2026-08-17,2026-07-28,sector,Arizona Public Service,ABC15 Arizona,"APS, SRP customers set all-time records for energy use amid extreme heat - ABC15 Arizona",https://news.google.com/rss/articles/CBMipwFBVV95cUxNT0NuY0V4d0ZuR3VoMUZzaVd4VDFEOU1kY1QwR3VyMVEyQWJwZV9seWc3cnhZWHUxa0Z0cE01Ung2bHpicTUxZFRVSnY4bEg5MXZPRlhhNmtTM3o3MWVPVmgwQmlOWjhwLVJEWUEzOHZTVXNDU0I4VWEyY3lvYXFFSkRWU3pZdVphbUp2MVNUa1phWV9JajY3czF6UFBVQ1h5VG96bUlmYw?oc=5,"APS, SRP customers set all-time records for energy use amid extreme heat&nbsp;&nbsp;ABC15 Arizona"
2026-08-17,2026-06-26,sector,Xcel Energy,FOX 9 Minneapolis-St. Paul,Xcel Energy rate increases approved by public utilities commission - FOX 9 Minneapolis-St. Paul,https://news.google.com/rss/articles/CBMikwFBVV95cUxOaFV4ZUpfdGhNYTlXMDZrSGItbUJSeVJ2MFFJYXFEb056djFNSDRXNFk5ci0wZ013S1ItTzBUeDF2MG9uSjM5VEFfWHA0dHR4SFpPNFlTeGljUVFqZHVvek1WYkFNd3FaWlY5cHdPOE5uM0pJY0dSM1hVVUdIZktfX3lBWHVLUXF4TnBWbFNRRzNhbm8?oc=5,Xcel Energy rate increases approved by public utilities commission&nbsp;&nbsp;FOX 9 Minneapolis-St. Paul
2026-08-17,2026-07-15,sector,Xcel Energy,MinneapoliMedia,Xcel Energy Calls on Minnesota Customers to Reduce Electricity Use During Wednesday Evening Energy Action Day - MinneapoliMedia,https://news.google.com/rss/articles/CBMixgFBVV95cUxPUG1rYk5na1NJVU9yM0NYdEgtaU91c2c0ZHZhcnFtazJoYzVRM09sbEtRcmdiQ2U2dHdiQzhCZWREb1Z5bEhwS2k2eU13Wm00SmdwN3BVQUFwOV9kZW15TkNWbGNNdFdUZDRtdC1PNDI1UGdvSkloSUJHbk1ValY0djJlanE5dkdKQnVNbHF0Vzg0RHV5Wm9PQzZoV1JkbGlOSDA1aEpCbWZySE42TDQyemhlalQwM3MtZlF3dnJqVFUyWGNIZnc?oc=5,Xcel Energy Calls on Minnesota Customers to Reduce Electricity Use During Wednesday Evening Energy Action Day&nbsp;&nbsp;MinneapoliMedia
2026-08-17,2026-07-27,sector,Xcel Energy,kare11.com,Is your AC unit shutting off during the heat wave? You may be signed up for an energy-saving program - kare11.com,https://news.google.com/rss/articles/CBMijgJBVV95cUxQNHpwcFRKdm9uTlZ6QzBzU285eTd3cnNPcVU0WXVXdFduRmVVOUZoOEF5bDlxWTd2T3NlazRXYnFhRTVwdjZPNngzeWhiUWk0ZjJHbnltOXVwLUNGVEo0V0RJMUx2cXdNaTFJWjdqWUc1dHhGckFuWE11Wm5nMENmOWtPcWloYmdNMmlaaU8yUy1lVXotakdhMkFnSU02cnRtR04zWXFLUE1TUmJfUHpRbEhOeTg4a3JLMGNjYkZVLTNBWmhrNjlhZDNDRjhOWmJ5dG1mNVVaeml3YlhvbDZrbUp5d2d0SWNnVU9nRi02WEFWbnJyNmdHWHQxempCMjN2ak9CZnAySE9STGNYaHc?oc=5,Is your AC unit shutting off during the heat wave? You may be signed up for an energy-saving program&nbsp;&nbsp;kare11.com
2026-08-17,2026-05-29,sector,Xcel Energy,Yahoo Finance,"Truist Lowers Xcel Energy (XEL) Price Target, Sees Utilities Benefiting From Data Center Growth - Yahoo Finance",https://news.google.com/rss/articles/CBMimgFBVV95cUxOdXFVU3E4Q1cycDJ6YVl3MUFUQnp2anV1b2JXakRqMGVCZzVKem5qdTIteWtoUktMVEthRkJfeGpfUnZheFNMZGlYZmNYbjJJd3pzV0dBOEZpMzZJU1dBbmJyd3NaYlRwamlocDhFOWh0R2NBcUd3UEt2Q0R1ZlVSRnJpM1dqSnRkYTZNTzRfU0tMMi1Gc2VjdHhB?oc=5,"Truist Lowers Xcel Energy (XEL) Price Target, Sees Utilities Benefiting From Data Center Growth&nbsp;&nbsp;Yahoo Finance"
2026-08-17,2026-08-17,sector,Evergy,AD HOC NEWS,Evergy stock holds after Q2 EPS beat - AD HOC NEWS,https://news.google.com/rss/articles/CBMioAFBVV95cUxQYTJyQTNyRHI3MGRFVXNraWVmd0JRMzVtblcwNmRfQVFOV1gzT1gwTlhKTWM2Z2ljXzFobG10UTZCaXpJaWlLT2M0ZjViMkpaTng3aThkdFFHZnZxWi1kbmpHNWx0MHlUNEtyQko0aC1MTzU5U09SN2Q0Y19IUWZMZ0YtQjVlOER5bTJnNXUyYnZJbThOeXowREZ0aEFFMzVt?oc=5,Evergy stock holds after Q2 EPS beat&nbsp;&nbsp;AD HOC NEWS
2026-08-17,2026-04-13,sector,Evergy,The Office of Governor Wes Moore (.gov),"Governor Moore, Senate President Ferguson, and House Speaker Peña-Melnyk Announce Agreement to Pass Utility RELIEF Act - The Office of Governor Wes Moore (.gov)",https://news.google.com/rss/articles/CBMi3AFBVV95cUxPUHNKUmlQRjJobHVDSXRfX2tOQTB5dnI4T0tubF92WEVSb29nYVhGdDhhNGdXWENqb2FNaU1LNkRST3lLbGRXaUNrNWRfaUpHYkZZVmtLX3pISUE3MGhySG51SHV6ZEZGZm5DR1VneDVpTHY3cXg3WUR2VjNldVFCU3E5YTBYaUtaNHAxZGFaRzdEUkVkLTdwT0V1YllkVGp5MlJxYjJYUU4xT2hZQ2JQdTIybEl1dEhIbXFyaDA5LTdGM3VUaVVjVVJqNzNIY1FIdjRLRUhFYnpzemV4?oc=5,"Governor Moore, Senate President Ferguson, and House Speaker Peña-Melnyk Announce Agreement to Pass Utility RELIEF Act&nbsp;&nbsp;The Office of Governor Wes Moore (.gov)"
2026-08-17,2026-05-20,sector,Evergy,MLive.com,Ann Arbor sets $600 flat yearly rate for new electricity alternative to DTE Energy - MLive.com,https://news.google.com/rss/articles/CBMiywFBVV95cUxNZWItajdsRWtHbDJ0RUM5ejVzRTNNVU5LRWw3WlVlQ1BlSU50eHlJb2dwcjVBUHdkWm5uQU1la01zeXZBV1JMNGVPb29MdkkxSXJ6WERhbThWYmJsU2doSTdBVG8wNXlaaUpwUDJCeFF5NV9saU5kalI3Z3k4Y2FkVjVlVUh1bHZhNEdwUTRkYWVUOC13SWE2cmhTVERrZHZOZjFRYm1udjVHRzZ3MkM2TkZ0blVzd0tMMzBrcFl3cExSZnJtRHJnNGlUSdIB3wFBVV95cUxNSWdfWlIyNi04RjFOV1FvcFZLckd4cFpTaUdLRFJ0SGpIbVh3am9sSXNGVXJ6R25fNUQtN2ZadmJYQ2ZRSERnalNuX2RyX1RnTGt4OTJQajZPdV9jemF3UW1aRnREYVhJc2ExRFA2Qi0xYUFiTlNLVlRtR0lMQkhTRzdDNWV0emVKNm9FaUVHLTl6aDkxbGwwQUVPNlVPZllpZ2JUN21tU0NJX3pfZzJuWTdKQ1U0UXJDaV93WFg3U2JnMDhXVl9MbTZLcnRidnRkeWo1MndLSENCUm1HNGdN?oc=5,Ann Arbor sets $600 flat yearly rate for new electricity alternative to DTE Energy&nbsp;&nbsp;MLive.com
2026-08-17,2026-07-16,sector,Idaho Power,Business Wire,IDACORP Schedules Second Quarter 2026 Earnings Release & Conference Call - Business Wire,https://news.google.com/rss/articles/CBMixgFBVV95cUxOVUtWZlJmSG1YQkhpZDBPSnllVG5oMFN2ZkZJa3BFcnFYVGdKWm9ROVNmNkduaGtNVGZlTHJxWkFXNjhaTHVPM0hZQ3I1QUthd0REdWJpMmoxbTd4c3JNVFpwYl80R3V1YUdSS0pPTV9BS0RCYnBNb2d2RFd0c2VEVDd6VlhCWlhHM3JrU3l3Z19PNUVMejF2LWFkajUxQkk2b0JXVFBWLVZtZmlsY3EyemMzaDBiT3ZTRmhFdmMycEpyMmg2RHc?oc=5,IDACORP Schedules Second Quarter 2026 Earnings Release & Conference Call&nbsp;&nbsp;Business Wire
2026-08-17,2022-11-05,sector,Idaho Power,Idaho Press,Idahoans testify against Idaho Power solar study - Idaho Press,https://news.google.com/rss/articles/CBMi0gFBVV95cUxQVGNFei1pYjVQcjJJYjNqenIyNnZiNXBLSUhnWGx4VGJKckRtSTU0WG1PNzNVOHhha19BQUlvYnpmdEtiM3VKVGRCY0I5Mmh0bGpXSTlCdWI3UmpYV1JGOVZVdkc5SW1tbzdHT2V0bXRadnpKY1FTSVB1aktJSmlHRzRLM1I0VFJnc1JOME5QWWE4M3FYUXZPYl84N2ZWRURUbzNuYm4tV2M0dW5RZzRmRDhpS0d1eEloMHdHRy1tTEowSUg4MjRuZmV1LUctVFJEVnc?oc=5,Idahoans testify against Idaho Power solar study&nbsp;&nbsp;Idaho Press
2026-08-18,2026-07-30,company,,KNDU,Brown challenges PSE rate hikes as public hearings approach - KNDU,https://news.google.com/rss/articles/CBMi2gFBVV95cUxPOXRvT09KNHd0d3dWYjRvcVpsZl9GRExpZmc3WWRlVGxkNUlKU3o1T2pzQV9XdEdPZW5BUWNYalZselNUdHMxc3F0RlE2ZFFqRy01OXdPZWtYVmJPTEU0cUhlMmpBQkpqdTVhQXg3UGdEQzJxM2pKbHNoT0tpNHA2MEpPakM4WUkwS1JQZVIyeF8yNVpXamEtczktM2NlQnBsdHhJeGQ3QXdyZVZWVGNvcEczZWY5bEhZa2M3cWFQSWd5R21BQmRLeS1SUjRTdW81RVZsOEVKb1hGUQ?oc=5,Brown challenges PSE rate hikes as public hearings approach&nbsp;&nbsp;KNDU
2026-08-18,2025-12-16,company,,KOMO,Power outages in western Washington - KOMO,https://news.google.com/rss/articles/CBMimwJBVV95cUxNRlJYRFVncGZjMEZTcFNmbmo5SXJxcVhYYi13bGdJeXM2OWVabnZ2dXVrVnBSckVrc010MVpPM0x5dG04UWJyZ0R2Nkppbmx1YnFIYm5PcDItVFRiQUNuNHJlaFJBR2VTbmVYSHRtZ1VjSlV5ME5Pc1N0QXRxZTVVcFBwTXFTeW81X1NuajZ5VW9WNG9pb1doM1VJcGZaLXNZaGtJYWFYenNuUkxZVVRZM0V6LVBfSm9iOHZZOFcyZjR2bEdoS2p5NlJKRTFPT1BYSkJuUUF4M01XRlpIanMwb091ZEpndjFxNllSR0tPcXpxTkFvRUN4SUtaSVlKNUdrZ2pxcDBCQUFmbnFGbkRCbnEtaDd2endIN3dV?oc=5,Power outages in western Washington&nbsp;&nbsp;KOMO
2026-08-18,2026-04-15,company,,KOMO,"Short-lived waterspout spotted over Puget Sound west of Magnolia, NWS says - KOMO",https://news.google.com/rss/articles/CBMiugFBVV95cUxNV0JNT29MdXl1TEdyUHIyeVZ0ZnVsV2Q3QzlocVE0bU1Cdk90bUpQZzNvUFJmb3lIcGVOTEUtbnF1V2FBZFRvLUE3dHdmRWlCWldlaDhEYXMxOFVobjNxcXE3cnF1RTUwRjZQUW1iMEJ4M2RCX0xXTFJKMFJ3XzZlTHRrdXlGSFc3Ny12eXR1ZmhjZ2lXRjBLcDUwdl94ZnVzYzR1aFQ4UUd2dXBhU3hJQWZOZ3Z1Wkd5QXc?oc=5,"Short-lived waterspout spotted over Puget Sound west of Magnolia, NWS says&nbsp;&nbsp;KOMO"
2026-08-18,2025-12-28,company,,The Seattle Times,Behind Puget Sound shipping industry’s push for cleaner fuel - The Seattle Times,https://news.google.com/rss/articles/CBMitAFBVV95cUxPTGZGLU1ZRGNKVlNWME5QT2NUY20yYlRrbnBSV2RGb3NCSDFxQjRWM1BPUGR1WkVBVFo2V3hOTlg4UWtYNk9BMEI0NmE1TVJKRmFYX3luUF9aMHVGZnpOdDVMTm5JRjN6T0I0RzJPTFpyUVhCeTdQV216bzVLampPQnJ1LVpJRTl6SUFIODFPUDlIdTBBMm0wZ19HaVZYUU9XenRkdFBHSklhR2xfTVJxZU9RTTA?oc=5,Behind Puget Sound shipping industry’s push for cleaner fuel&nbsp;&nbsp;The Seattle Times
2026-08-18,2025-10-27,company,,MyNorthwest.com,High winds and fallen trees: Utility crews working to restore power to thousands - MyNorthwest.com,https://news.google.com/rss/articles/CBMiuAFBVV95cUxOUl85LXJfQ1pqMmxVVjhwSWtwRE1IZ0xpcDd5MkNrbW9kY0lMeDFtelU4TnZOYmFKN2k1Rno2d2hqMkM0NFBSY0dnbHB3NkFFcWQzVXNfZ2U1VlM1ZkVOcmRkaDZLalhxVUE4c0MxaFRSRTBKYVJ4OG43SmUxd0JpcVVKaGRwVmVUU3hLenRVR0ZqbEVUVEZ4Tml4N29RdThSZ2pQRmRHZWg1cFhNNDZ4WGY4RWFBV2Y2?oc=5,High winds and fallen trees: Utility crews working to restore power to thousands&nbsp;&nbsp;MyNorthwest.com
2026-08-18,2026-02-17,sector,PacifiCorp,Reuters,"Berkshire-owned PacifiCorp, citing liquidity, sells Washington assets to Portland General Electric for $1.9 billion - Reuters",https://news.google.com/rss/articles/CBMixAFBVV95cUxPSm5lclpndDhSY2NpV2sxOW5GY3ZXVWxJUnZnX1hIOG1jYTlhbVlYenI4R25UWHZHN1lUVTZyOEdYZTA0Ti1TRW54cEhwSTFySzlvTVljUVJVNkJaRXFkZktjZTlHdmJoUWE0OFM0eWJ3dm96UGRtdmU4NUpBWGJTdGxGdV9vUzQyNi1pOUJEQl80T001Ri1QY21CU1A3QV9BRjhCVkFfLWxIRld1OHlWdlk4VnpvZFo4VGdRd1lTckRIT2h2?oc=5,"Berkshire-owned PacifiCorp, citing liquidity, sells Washington assets to Portland General Electric for $1.9 billion&nbsp;&nbsp;Reuters"
2026-08-18,2026-08-01,sector,Portland General,Statesman Journal,Why Portland General Electric wants to raise customer rates again - Statesman Journal,https://news.google.com/rss/articles/CBMivwFBVV95cUxPdVVkN29MQnVHZGk4Q1V5enJYd01CSklDUXM2MklhbWV6Y0FiYnlOTnhOZEgtcXNKQmRaa08yblhsUFlCQjY5WTBMMDdsV0puN2JHLUxVaGFwTmpKTmNxXzBNdzF4dlRGSnBrWTR2MnVaNUNObzZsM25zeGJGMld0V0NWSFo0WXZvMktFcENYTHR0UEpzTnMyOGE3UXBxa0poVi1ZaDZ3VnJCd0Y1YTAtUmo1UnVkM2lqZC1FRW1zZw?oc=5,Why Portland General Electric wants to raise customer rates again&nbsp;&nbsp;Statesman Journal
2026-08-18,2026-07-29,sector,Portland General,Yahoo Finance,Portland General Electric (POR) Stock Looks Reasonable On Earnings While Dividends Look Stretched - Yahoo Finance,https://news.google.com/rss/articles/CBMiogFBVV95cUxOaS1uRk80am82ZkZXcVB1c2lteVdzdTNnMXA3blFQUTJBTVhiOGtCOTZkc1hIc0ZYa0V2TWlJd0phdkpDQWtBS01GMG5YT3NfR3hyVFBqc0xLc2NudGt6RTZ5V1NWek40RE4zR2U0a1puY2MyTzMyVWFnQ0tkVHZnbTNLcV9OWFZ4b0djZGFXLXZVMjlORTIzZGRTSzF1bmZXeXc?oc=5,Portland General Electric (POR) Stock Looks Reasonable On Earnings While Dividends Look Stretched&nbsp;&nbsp;Yahoo Finance
2026-08-18,2026-07-10,sector,Portland General,KOIN.com,PGE’s plan to remove some Forest Park trees could move forward under agreement with city - KOIN.com,https://news.google.com/rss/articles/CBMijAFBVV95cUxQYjVyQ0dSRTExZzY4Z2E2Y3o5bjVtVlJzZklVdTlNVDJLZ0ZLamxWY09lTU9MWDNaRE9STlZRVHFxOHJfSDlwcHhJZzZCYmcwSUpFYXl4UEliTUoxMFRyWnJKMjE1SWVSZlV4c1padGJFLUJ1S2RTYTEzYXl2VXJjazBoZVZrNUdhY3NXatIBkgFBVV95cUxPdmliODlXYWJHbzRlVU1fZWdhdHY2anRaSnEwZmVWMEhVYlY5RmNSVnAySVRhMnRfNE5mUDk1dUE0VVdTZ3YxckhrWUZVNUFoWjVTRnpKemFyUWc2bzI1dDJrSmZ4TVdPWjllUklzbVEzcFhrTUF0dXFIODM0X1lZNHlESE4wX2dmcTRHckpCY01Ddw?oc=5,PGE’s plan to remove some Forest Park trees could move forward under agreement with city&nbsp;&nbsp;KOIN.com
2026-08-18,2026-07-07,sector,Portland General,KOIN.com,"Newly approved PGE rates increase fees for data centers, reduce rates for residents - KOIN.com",https://news.google.com/rss/articles/CBMitwFBVV95cUxPQlhsZzMwOFdScXRObkRyUVpUVmQ4VUlrM1I1V3Q2WU9PTlRPN0xWNFkxWHRlMjNzNERLVUZidE1yNWpwZERtU25TVXhUT1RSYWl3OEFpVE1oMUI2SFQ0VlVNT0NmUVd5OThCRmZGdnZvbGF5OFRYYU9YWmFURTFXWDBoZHg1LVc3bXJnZWRDaUI2dWxfU2pLRGdBV08zVnJIcDk3LUJveGN0b2RkYnV5YTc3akYxeXfSAbwBQVVfeXFMUDVkVlNGdHhwU19ldmpmZDRabGNVZnNrVDl5R25welZMR3FPS3dkdFdzSXM5enV5RlEtREdMaFV1akhXeGlSdjlXTHlpUE95dnFUV19maUhRY2UxLXBLSE9vV1g4UHQ1UlpZdmEzU0NzRkprVWV1QmNJVHNiY2RrSWZXR0I0SjZUSFJMNGFMN2dYbjhMZHEwUjZkckZpc3ZVSG1jRnBZQ0ZKYXNQSi1sdHJYcEtUZjdacHVkck8?oc=5,"Newly approved PGE rates increase fees for data centers, reduce rates for residents&nbsp;&nbsp;KOIN.com"
2026-08-18,2026-06-06,sector,Portland General,Statesman Journal,Salem has more EV chargers on power poles than other Oregon cities - Statesman Journal,https://news.google.com/rss/articles/CBMirgFBVV95cUxOd3dIX2tfXzFYSFE4UmRPQmR2TDlHdElxakFmY053Sk14eEtDZVBCSDVkbzRtOU42SkJEeFpvR3hvUHF0UzVfeGlEYjBKWGpsemk3QXUyQXZBSnFncDBkalF3Q2dPZzlSX1dvTWdYMWRGclhsaGdNWWxVa05BdnNrdzJTQV9nbV8zSS1xOE9ZcnVHTUx5ZnZyOHdYMzl4WlJNOTJPYjNIaVJQSk9lc3c?oc=5,Salem has more EV chargers on power poles than other Oregon cities&nbsp;&nbsp;Statesman Journal
2026-08-18,2026-07-16,sector,Portland General,OregonLive.com,"Lightning sets power station ablaze in Cornelius; 1,000s without power in Portland area - OregonLive.com",https://news.google.com/rss/articles/CBMi1wFBVV95cUxObUwtRzRqQnlVdlhkR1NjRV9xY0JyajFidkhGd0M1UnJsZDJ6NndFREtwUmUtUGZ0WWtwX2hmR1NzYWVUbUpVNU5vcUdvZWxYR2xfaTFWeDJOWEJnc3piRmNTbVZtT0N1ejdQZVlTajNlazliUXZJVmU2SU56ZlZ1c3VRb0Jid09XNTNKNHo4SXNlQ1VJTUtid1hjbzlySVBtWUJPMjNVVjJYRGZjb0kwUExGeDk5Wkx4MDBEYkFKUkpQOHlDRTVJSmJicDZuLXdKbWVINHlZUdIB6wFBVV95cUxNZW5ZUnN0Q21LWGxJTUxHbUxXN2FxVDM3TC02WjhPRS14dzBIdzJqZ3hGOW84ZjdSLUNUbF9VSnpoTTlCa2o0a19RN2xwNi1faE1Db2Z3OVRLQ0llQXF4bjBhWmJJT1JGdjZSQ2pHS1FUZmdNX2UtSlNYdlRfSkxTRTJFTFdDTU1UMEFhOXBHNWlKM1J0RDhlNjZVUDJBQWNWdG51WEhFLXVkZ2dvZ1BsZEtMX2d0UExCWDdiYzBobWZyN1hDSklINGJQeEpuLWdhUVZ1UXpBcURKbHd6aXV4NkhlT0hURng4amdZ?oc=5,"Lightning sets power station ablaze in Cornelius; 1,000s without power in Portland area&nbsp;&nbsp;OregonLive.com"
2026-08-18,2026-05-14,sector,Portland General,kgw.com,Investigation launched after 1 person dies in workplace accident at River Mill Dam - kgw.com,https://news.google.com/rss/articles/CBMi0gFBVV95cUxOQnFMX2hhNXRzdi1obEpFQVp4cjFqbWlWOTd2Z2NHR1hXcHFJOGhTVmZmN2RhakJObXNRdWlmVnU4WURzd19QRVphVVpiQVNEMk9oc0xDT01IUnRNa0lGaU10bDNSZlE4RGVoQUxGaHU3bm52MUQxVF9jNmV5Nk9aYTBUY2NMUXE0NVlDTEdlYno4WUc1TmtIRGo5eWdvalVpdVR5dXh2VU12TURYcG5McXpLX1RSeHIydzVNcUtxem1CZ2g3bjd3a1RLVEpuOEh4Snc?oc=5,Investigation launched after 1 person dies in workplace accident at River Mill Dam&nbsp;&nbsp;kgw.com
2026-08-18,2026-05-14,sector,Portland General,Estacada News,Contractor dies during testing at River Mill Dam - Estacada News,https://news.google.com/rss/articles/CBMijgFBVV95cUxQNHNSalZDa2JXRUlSVU1jQ25yOFJaZnRVN3FpSmZnbmFTbEUzY2M3MkVTVnlBeXAxMzlaMWpSTjZRY3RUNEtpUVpIMlJxNVlyRDhEYkpRTGpQQkY0NUpVTUh5ZVlicERReHU5d2dzNURYWTc4aG5KdllaemlYYkhBVlVpeHE1bVlBVjV3Y3N3?oc=5,Contractor dies during testing at River Mill Dam&nbsp;&nbsp;Estacada News
2026-08-18,2026-04-02,sector,Portland General,The Business Journals,"Ken Harrison, who led PGE through the 1990s, dies at 83 - The Business Journals",https://news.google.com/rss/articles/CBMipwFBVV95cUxPMkJkQjhXWVVWdjVtMzZyZkR2bkRDRWdFZFdGMDlJYXJMQVZIZlJaNHlMZHFyVFhsS3hQMFRYNGtkaEVfa0RyYl95ajRYOVE3MVJJMVhqaW8tdWRzb1hSTmVvOTZmZlB0RDRBbWkwZTZMTWlJTGh2dE5vOEdaOVlhdkJJMjBXSVdmdjhncEdzYWwxVkFfczRyd3RzU19nZUFQdXR6OE5vWQ?oc=5,"Ken Harrison, who led PGE through the 1990s, dies at 83&nbsp;&nbsp;The Business Journals"
2026-08-18,2026-01-15,sector,Avangrid,Factor This,Avangrid invests in more made-in-USA power transformers - Factor This,https://news.google.com/rss/articles/CBMipwFBVV95cUxNRGRRaTFiS1h1cnN0aEFBaVFqT1ltdFBFd1VqMmZnWndMNDJ1Mk9LNm1YSmlMaGdwekNqNVczbmpwRjYtcC1zYmp4aHoxbW9PUkt2dHBjOHNnS3o0UF94amRYOXN4b01zeXBNbXA4bzNyRTloRG1JVV9zeXNlcWVUYlJ0eGNHa2dfUnB3WGRYMUpjZjdnUDNueDQ1Yko1LVB3WEhMdXJQcw?oc=5,Avangrid invests in more made-in-USA power transformers&nbsp;&nbsp;Factor This
2026-08-18,2026-08-18,sector,NV Energy,Tribal Business News,"Walker River Paiute Tribe, NV Energy settle Greenlink West rights of way - Tribal Business News",https://news.google.com/rss/articles/CBMiwgFBVV95cUxOM1ZkbnVYMUdZYTItOW5CS2hmN2RiU1hhb05iR0lNc191QmZ6MFo5cmdEQnRjNEhQdlZpN0dxVWh5TmxvaE9rWVJWaFRvdzZwTHJ0OThEQzhPM1VnWm94VThCUFdUcXc0ejVuTzVodVlFU0FNMXNxU0pReGsyM2JjOWc0REN6dnZJWThYN2VBZFVPYkZ6VkV1MnpmaHlaeFJfZ1YwRUZXMzktMmcyckVmbndLNERKUjZJMjYtRHZqU2dOQQ?oc=5,"Walker River Paiute Tribe, NV Energy settle Greenlink West rights of way&nbsp;&nbsp;Tribal Business News"
2026-08-18,2026-05-12,sector,NV Energy,Yahoo Finance,"Nearly 50,000 Lake Tahoe residents have to find a new power source after their energy source looks to redirect lines to data centers - Yahoo Finance",https://news.google.com/rss/articles/CBMiekFVX3lxTFBZMXJsT1BNMEVDZzRKTGJMMFJvbDRtb1JOWXVYRnhXdzBzSWNtdFBQV2hlNHJ2czRyUkw4NmduYmh6RkdsUDY1eTZDT1p1UlRla1J4X2VVZl90d1ZzNU1QZXBXMmhKTFJJc3ZyUmVIRDN4eGVlRG5EQm53?oc=5,"Nearly 50,000 Lake Tahoe residents have to find a new power source after their energy source looks to redirect lines to data centers&nbsp;&nbsp;Yahoo Finance"
2026-08-18,2026-02-12,sector,NV Energy,Las Vegas Review-Journal,"City of Las Vegas employee suing NV Energy, others after losing leg in electrical explosion - Las Vegas Review-Journal",https://news.google.com/rss/articles/CBMi4AFBVV95cUxPZ3FTZThMNU5PSTlndXlRb2VYbUhkcEZ2eFBMMzR1U0luMV96am5SNkN0UFhLbU5xY0tJbUZMMnd5MnkxZlVLVEJTd0NNRnFsR1BNbi1HdG5mc3RBeG1MWC1YWFVPUWh5WkFRUDVpcThPblU1Q1lBYXRJYnhWRVBlVTNIbkdCd3BwMUQxaHQ3amROQUNtTm56UTgzWm1vSzJwQlA1SldsdzdmUS05ZmFUT3RNWDhpVEhHUHY0YUpDVEQweElxRnpmUU1mWVRqaE96bVJMQ1hTelZhT2gzTkRKRQ?oc=5,"City of Las Vegas employee suing NV Energy, others after losing leg in electrical explosion&nbsp;&nbsp;Las Vegas Review-Journal"
2026-08-18,2026-08-14,sector,NV Energy,NewsBreak: Local News & Alerts,"PUCN denies public session on NV Energy’s data center-driven resource plan, advocates call foul - NewsBreak: Local News & Alerts",https://news.google.com/rss/articles/CBMi7AFBVV95cUxNR1BhUjRCd0E5QjViYTRQRmwwTWV1alNtXzgxMV94bmt1UkxJRUpsX284NHotSTR4cEtaaFg5N1prSnZTQWhBNm5RSFNfQnN2d1ZaWmkxVGdRWFFucWVPUmdQcjlFUTYtcEZtTFpEMmVZMjhUbjhhYjVJMWZPUG9pTHd2R0RZWmZjaHNmOXJUeVFoNVVOYktuQ3JKRkI5azBWZ0xzVWU5dUhFblhhZURzMC1oUjhVOVh4OGFNYThGNm4wemlObjFfTzFhQkVQSzdoTHFRRVVNNjRmVVQ1dGotTUpkQlJKNTN2V1JsNQ?oc=5,"PUCN denies public session on NV Energy’s data center-driven resource plan, advocates call foul&nbsp;&nbsp;NewsBreak: Local News & Alerts"
2026-08-18,2026-07-28,sector,Xcel Energy,kaaltv.com,Minnesota Public Utilities Commission approves amended Xcel Energy rate increase - kaaltv.com,https://news.google.com/rss/articles/CBMirgFBVV95cUxQOW4xZ1FxYmdwZllBYzVib2xMbklNZUxTUlROWkdtSk0zRE5abFRTM05pejhaejJFWWJMMzE1aENrY0hGeGhKOGRVdVQtQWo4QTdxWVNXT2lqSUJXNVVYdXVqYW95YXZIaDNsQkhyOC1mOG9RM1F3bzYyQ0lBSGhHNmpSLTl1RTFveGI4LUtwb2xTR1dmNzI3OW8zdHBmVEVzUlFrMUFIdDBhMEFGbWc?oc=5,Minnesota Public Utilities Commission approves amended Xcel Energy rate increase&nbsp;&nbsp;kaaltv.com
2026-08-18,2026-07-14,sector,Xcel Energy,Utility Dive,The distribution grid can be the unlikely hero of affordability - Utility Dive,https://news.google.com/rss/articles/CBMimAFBVV95cUxPZjVHek1zTndxcHF2al9HbkdrYVV6VnBIS09iUjdhVlh6MDVPUkVndVAxYVBNd2RncWlSOXNxWkZkWExNc2JmVDVEd3hBRHBEQ1R5NVZONUh1WWNpb1p4TUVYODItejhLMU9JTUYySUtQNnZXdmZtR0tOMFZqdnNMcGJaR1Z0cDNxV3NQQmFfRXRNTUc5NEhKWg?oc=5,The distribution grid can be the unlikely hero of affordability&nbsp;&nbsp;Utility Dive
2026-08-18,2026-07-14,sector,Xcel Energy,9News,"Planned overnight Xcel Energy outage to affect 2,000 customers - 9News",https://news.google.com/rss/articles/CBMi4wFBVV95cUxPNndoc2tHbTZsUkE2eC10N2xXb2xMZXQ2b0t2QlN3RTZOM3NBczF5WlhRS1lNNndHUVRCNXFwMk1OQ082Q050WlRzX1ZBaTBKT0NjMjJfMGRFTExsMU5QMGhZUXRfM3NHS0pOM2l5OVYxelNRdVNYY3Z4eWtwNG1wWEVxN3hNZVM2aGN6VGp1dU4ta09vbTBiZFo1RjZHWXVxeFdGTEZfQmR1aVREbkxsUkNpV3lCRnNraG93N3NOS0hsdGgzbE9BNHNaUWpYc19WOVgyZF9pazRzWFhlZ0xwZXNRWQ?oc=5,"Planned overnight Xcel Energy outage to affect 2,000 customers&nbsp;&nbsp;9News"
2026-08-18,2026-05-31,sector,Xcel Energy,po-news-eg.net,"Truist Adjusts Xcel Energy Price Target, Highlights Data Center Growth Potential for Utilities - Profit Cycle Analysis - po-news-eg.net",https://news.google.com/rss/articles/CBMi1gFBVV95cUxOR0MzckJEbTM5UVlMX1UwdVVaenlZWFpvQ0FaQTZ3ZjhoSTcxTXRXYkR1cTRJdVdMU2Z1Z1c4bEF1ZW81QnhiUXRDWFBzc1AzR1JzWG1NMHVkTXRfT1MtSzFGMjZhelR2d05mNUZIcXluRGgtTTV2M0VaZ1ZaYzZrVUIwTlRwNXJlRGFhekY1dGhkN2pmNUlNVUJ4cEIyMW8wODdDQjZid1FKMjVidGJ3M3gwdHJYWFJ6WlJ2NTJBcWphWVR5ckVjTXdmd0VORlBtZHgwVFln?oc=5,"Truist Adjusts Xcel Energy Price Target, Highlights Data Center Growth Potential for Utilities - Profit Cycle Analysis&nbsp;&nbsp;po-news-eg.net"
2026-08-18,2026-03-10,sector,Xcel Energy,The Denver Post,"Colorado residents should prepare for Xcel power outages this week as fire danger surges, utility says - The Denver Post",https://news.google.com/rss/articles/CBMikAFBVV95cUxOWmNlaS1SM3FGWFhlNVlVdXBuR2hWdUg0YllBdk9RWmstcG04cHg0dnNONkk1Z3VsRVhOOFgzSHNGZzRxLWs4V0pmNXRWRzM1OWc2dllzME5NOV9kRHAzM0ZtUnJhUGZEYzdlck9tQ2hPM1U5bzVCaTFLNEtzMUpJdmlDNUlqSXZrT3NIenJiOTg?oc=5,"Colorado residents should prepare for Xcel power outages this week as fire danger surges, utility says&nbsp;&nbsp;The Denver Post"
2026-08-18,2026-02-24,sector,Xcel Energy,E&E News by POLITICO,"Xcel, Texas reach pole inspection deal in wildfire lawsuit - E&E News by POLITICO",https://news.google.com/rss/articles/CBMilAFBVV95cUxQeWwyNEkwdjRMd2kyaW5HZm84MGRMY29ZWENhZENSRDhVa1QzT2F6OXdIS2xLenlYakhzcE5VRDZvTVZ1dmoxSzMtR3FmZjdJT3dZdkVNY3Ruakp3aXpNdGhXSmp0SjFWVGtYaVgxaGV5NkYtWEpBenlKemJFVkFsU3ZUbmxBTWtSQzFiZDB2ZlAyU21r?oc=5,"Xcel, Texas reach pole inspection deal in wildfire lawsuit&nbsp;&nbsp;E&amp;E News by POLITICO"
2026-08-18,2026-02-23,sector,Xcel Energy,The Texas Tribune,Xcel will replace poles at risk of wildfire following AG’s lawsuit - The Texas Tribune,https://news.google.com/rss/articles/CBMiswFBVV95cUxPSFExOW95dS1Pd0JzU25YQThzcnVHT0ZwYVZqTFJWS2ZabnRidXVIUGtreE56eEtwaW8yeWk3bGF2bUFlVUFJV2RuX29CYlc1bWgtSVM2RnhSUEpkUlZOQU5jdTdqVlBIXzVwQ2hQNkdMMVNuVTNFTGhFOW9DV3k3QnRJR2o2eDdSZHdzTW5LMzhDTUNFemhsYm5fY0pOS3hzTlF6aVNPaUFzcHZQU3NCRUdfaw?oc=5,Xcel will replace poles at risk of wildfire following AG’s lawsuit&nbsp;&nbsp;The Texas Tribune
2026-08-18,2026-02-23,sector,Xcel Energy,Dallas News,"Xcel Energy ordered to replace poles, conduct inspections after Texas wildfire lawsuit - Dallas News",https://news.google.com/rss/articles/CBMi1wFBVV95cUxNVUg0VjlfYl9jcUExMlFYMmtoSnBtbnJ6TExsMkFjelVBMGY1dENQM2IyMFhwMjZFUnNHbEhiNmNCYzUxdzVVZHA4V09laGRxajR2S1Y5WVBlUktDSmR1VS14WGhwanhMZFdMcTNld1c5ZFdWa05JZkZwbGVUNlQwaG41QkZXWTBWSnlXYl9sajN4MDY2cjRwLUNEM3B3R2tKOElkR084NjBBa0lGUVFodW9uYUFHNmxXYnZvOUY2d1E5R3otM09ZSWhqb2M2WDVhT08wVk04WQ?oc=5,"Xcel Energy ordered to replace poles, conduct inspections after Texas wildfire lawsuit&nbsp;&nbsp;Dallas News"
2026-08-18,2026-02-24,sector,Xcel Energy,Westword,Court Asked to Review Why Colorado Renters Help Finance Xcel Energy Program - Westword,https://news.google.com/rss/articles/CBMilgFBVV95cUxOTl9pT0JOSERpRVhwbUg2S2dFU0JyNml3LUh3emVYa1dxNTBkaUgtbjhYMUp5dG5KaWk3Yi1GbVBxRkZNZW91T0dEeFJJNUVLR1dwM3UwV092azJxcExMMWlRR1E0bEtDMGttMGxONVRTRHgtM0NCTFA3VVRFbkl4T3hLSTBRbFFxMzIxUUJzU1RDUGQ5b1E?oc=5,Court Asked to Review Why Colorado Renters Help Finance Xcel Energy Program&nbsp;&nbsp;Westword
2026-08-18,2026-08-18,sector,Evergy,AD HOC NEWS,Evergy stock holds below fair value as stronger quarter and note sale reshape the outlook - AD HOC NEWS,https://news.google.com/rss/articles/CBMizAFBVV95cUxPd3JTZ3BVMlFhZ1pzUHgtLWRzNGZ5NExTX3dST1lLTF9sOGVmeThBQlpPREpEVURxWEhqOEUxQXpfVXFrWWlhVkxTUGVMZGxCSU1ZVnQ0cUx6TkRRQ0k1YTFGekxoaFIzQlpwZWlIam16M0lmU01hNHFYSG9TVFRYU0VmT3o1bTIwdHBWeW9Pb3Exa21xb2N0RzI3Q3RsNk0yVTdMb3IyaU5VTWhNelk4dWFHNVh5SF9FNzZsVGJYczFqVTdhRmw4aVh4X2M?oc=5,Evergy stock holds below fair value as stronger quarter and note sale reshape the outlook&nbsp;&nbsp;AD HOC NEWS
2026-08-18,2026-04-29,sector,Evergy,The Guardian,"CEOs of US’s top energy firms averaged nearly 16% pay raise to $12.3m, review finds - The Guardian",https://news.google.com/rss/articles/CBMif0FVX3lxTFBaR21kZUJCRFRsLS1BSFc1eDRQdm12SUhXWDFjUGVTa2FiNTZFWHlXYXd3VUVtdm5JaHQ5dXQwc2NhVEVmZ01fQjdlUU56aTIxUUE5R2hzNVoyV3VFS1Qzci0yRFVRRDJxem1WU0FUMVJtN0oya0Q1Sk1NNy15cFU?oc=5,"CEOs of US’s top energy firms averaged nearly 16% pay raise to $12.3m, review finds&nbsp;&nbsp;The Guardian"
2026-08-18,2026-04-23,sector,Evergy,Utility Dive,PJM market monitor opposes waivers for Constellation’s Three Mile Island nuclear restart - Utility Dive,https://news.google.com/rss/articles/CBMimwFBVV95cUxQNnl6RUhGTGM4VGtlLUVWOEZicE9iOXRtdFQ1MVZVYTNNeXd6dlV0X2RDOEFjckMxWUpsT1p5LWFTaE1JMTFHWU93Yk9QNDRyaHZpbGdDXy1MQ0JydF85cmo5RFhGNV9HYktlR0hadWtCV0hKaDhJQnVwZ01sVXlQcVk4VnlRWGwtWm94VmJBSkNHaExSMDI5SlhwQQ?oc=5,PJM market monitor opposes waivers for Constellation’s Three Mile Island nuclear restart&nbsp;&nbsp;Utility Dive
2026-08-18,2026-02-25,sector,Evergy,Barron's,"Alphabet, Amazon, and Other Tech Giants Are Paying AI’s Electricity Bill. Why Utilities Stocks Are Big Winners. - Barron's",https://news.google.com/rss/articles/CBMiekFVX3lxTE5OdTdRS1RKVmpWb1BqZTY5RGJ2dUtrT2NuTl95SnpGMm9BSjBqT0pYazFlbnloR040QXhuSnh2QUwtY0RjSWwxSmM4cXVrMDZMTzQ1UmxOeW5NUDVBOHRRUEFPYUVPLU1ZSHh4VE0tbTZDYUVuYVYwM1hB?oc=5,"Alphabet, Amazon, and Other Tech Giants Are Paying AI’s Electricity Bill. Why Utilities Stocks Are Big Winners.&nbsp;&nbsp;Barron's"
2026-08-18,2025-09-30,sector,Evergy,Utility Dive,"Democratic House bill would reverse Trump energy policies, bolster RTO oversight - Utility Dive",https://news.google.com/rss/articles/CBMiiwFBVV95cUxQZDRBOUZ2UDA4SkUtSjFpN2wwOVI3VmF3Y041SkItRWh6azdaaVJoQ1JwdTZSbm94NGVpbEdScTdfUHBHYzZDZ2JvRWdvS1h0MmhuZVJkS2w5NzYybm9xUDJPc1F1M29Ra2g5UHVsZzBWZG9fMFJLcng1Q1VrQW40eE5oMHJULW9YbDZj?oc=5,"Democratic House bill would reverse Trump energy policies, bolster RTO oversight&nbsp;&nbsp;Utility Dive"
2026-08-18,2026-04-22,sector,Idaho Power,Daily Energy Insider,"Rocky Mountain Power, Idaho Power propose new transmission line segment - Daily Energy Insider",https://news.google.com/rss/articles/CBMiswFBVV95cUxOeDVMNmU2UE1FSlc3N0V6WmFmd1VQM1JsbHNBNnRxVmxfdkVwbmxaUEhJU0Ztd2hobTdOdHBUb1c4a3Z4aUFUWUVEMWZITUJOV2JoYVg2UFUwSDZrT2NVQW5BNVBneDA0MWVDS3lGcmNaeDRiYkxHWEQ1UW5nTWxmRUVGa2M4YVR0TUFGRndXeDhINWZUT3Y2d19tNzJidndvOUhFYURCTUZnd0w0NjF4S29CVQ?oc=5,"Rocky Mountain Power, Idaho Power propose new transmission line segment&nbsp;&nbsp;Daily Energy Insider"
2026-08-19,2026-05-21,company,,Yakima Herald-Republic,Washington’s largest utility moves to add more wind power near Goldendale - Yakima Herald-Republic,https://news.google.com/rss/articles/CBMi-wFBVV95cUxNMkk1UV9LUExEbDV2UzBzU0ZkZ3hJT0dwamhLamt0NHZtcFpjWVlRSUpXLUZXWkJFWmdmcWZ5bC1vNmEtdzV4YmZUSnZtZGhWakM4LXNfc0taaDJiLUtlVldvMTBEdWZKdXlxTmVsVnhLdGJ5aVVpT3ZVTVJadXc5bjBWdEZqLUctblNOVE9LN18ta1V1THJ1eU9EUFpZVDZSWWVuSXZlVkZkWTV2SXFldEdhZ2JqLTlGTHpjRHBmbEhkV3lyYnNYdXRqWHk4djZKMEhkUnJOVFp0ZGtTd3p0WmxuS2JFSWMyUnRkNUh6cWtxblJlMWVKSllVNNIBgAJBVV95cUxPYlpfNzFMS2RpMl9LR3gwaV9kQ3VBQW5WZmt5Z0Y5MFhsTEdwOWhYMkdRaWlMd1ZwTW5sOG14RGJxNHl0YmJpX0xVN21kalVsTFhoTXgxRUYxUmgzSkVyeW56OU4yVkhEb18xbDdjZVEwUXB0S3d6WS02RTcxVGNHWVZsVmtaQ08tSU1ZWEtDV2pYRmxFRktFbDVzTEktVFIxU0tJQ1duUk5oa1VsbG9NdUhTRGpfOWp2eDBOd1NmLWpPcVhYN2x3SW5KZjg4amljVUpKVVd5NDAxczBHYkR1Vm9lQWc2emd6bHJ3MFJ5WGdnZDNhS1ZvbTVzWkNpeUZt?oc=5,Washington’s largest utility moves to add more wind power near Goldendale&nbsp;&nbsp;Yakima Herald-Republic
2026-08-19,2025-10-27,company,,The Seattle Times,"More than 17,000 PSE customers still without power - The Seattle Times",https://news.google.com/rss/articles/CBMiuwFBVV95cUxOUGJ3Rk9IcUhzaUpmT2R6RU9LakU2WktjeDUxQVFTXzR4X0hjS3RBOXZqOXEtZ1hvb2JSenJJVnV1YzIwdWpMNVFpcVJQZ3FqVDlXUEU1cVFVNXJCRDEweGgxb0hhaFlGSUdfcTFjMXBCMC1ZMGZodE02ZlotbUllbkdsclI1blJ6V1YwdWtmM0RTZ280SWV0TjhLYVhkTWhVS3lpYVlQaFBJUENVTEJ1QUZ1X3BIY3hXdjE4?oc=5,"More than 17,000 PSE customers still without power&nbsp;&nbsp;The Seattle Times"
2026-08-19,2026-02-01,company,,KOMO,"$489,000 state grant backs Thurston County’s salmon recovery planning in south Puget Sound - KOMO",https://news.google.com/rss/articles/CBMilAJBVV95cUxPLWZ2RkJqT2VYNnlmUFY3OEdHb2hXRzVRempxb205X21DdVFsa3pBNGpWQ0NSYnVka2lSZlVjS3hqX1M4QjRmWWFsbWNLNjBENGlEMGVMZVJOd0VFRkRoYU5OdGxuSUpLNU5UX0JyaGF6b0FZcm5hMHhPdUJOU1BEMkpKdWJLTm5IOWV4UzFpTEx2cVZRd2lQcTg0aG5nS1I1SnFFUEZxcnA0UklBOXg1dkFjZGpPdUZIcHVmWUpVMnNGelNpQThJYTJyTDluMExnajRSSThnN1Q4WVRSTVlLT1lnQnNTbEJSV2RXYUxwaGc0VkhhOHppdGJIYk8wVUZ5VkRGUXUxazcyOWdJOEt5aVpjWHg?oc=5,"$489,000 state grant backs Thurston County’s salmon recovery planning in south Puget Sound&nbsp;&nbsp;KOMO"
2026-08-19,2026-07-26,sector,PacifiCorp,WBRC,Pacific Power requests rate increase; Utility Commission invites feedback - WBRC,https://news.google.com/rss/articles/CBMisAFBVV95cUxQQ19QYk1vaE51VHFKM0NQMnhFTnU1RVViWUkxUFIwMTVITXpLMzAwV0c1VDdGZllkNVZ3WWZVQWhHeWlnalAxdXlJTEh6MlJLUGxkZi1WQnZKODJ0ZzZnWTgxUXhQN1lEYkVDRkp1cFFCNG5LNkh0bjE3X0NWWFgyRGRNXzJ6SjRyUFJMTDMtekszSFZxTndWWThpLWV5UWF3MngyRk8yQUdWYlItU2lzOQ?oc=5,Pacific Power requests rate increase; Utility Commission invites feedback&nbsp;&nbsp;WBRC
2026-08-19,2026-05-27,sector,PacifiCorp,Live 5 News,Oregon regulators want full review before granting PacifiCorp utility rate increase - Live 5 News,https://news.google.com/rss/articles/CBMixgFBVV95cUxQZTJEQXZOSE9vNWNoUGpkTnl0b1MtU2taUnhxX3JNRWMwODVfTFNCdVVkLXQxdnhsaGlmclpVaExSa2M5dXJWWUNWNVpFdnpMT1BMYXNBQmF5VFdxZUZJSF9nSk02T2drU3JOUGZHR1lmSU5GcVE4Um1WYTVtT3RHQl9vVDM4NTdHaXhFdHRldjBFaHZXaDBQdHBPRW5BY0NYaUppcFhzMUpVT043YTdjcGhlVHUxbGtDU2MwMnl6N0UxaWtyMGc?oc=5,Oregon regulators want full review before granting PacifiCorp utility rate increase&nbsp;&nbsp;Live 5 News
2026-08-19,2026-04-08,sector,PacifiCorp,Reuters,Berkshire-owned PacifiCorp utility wins ruling that could reduce Oregon wildfire damages - Reuters,https://news.google.com/rss/articles/CBMizgFBVV95cUxQRXBySERYVkNVQjNqdWpBNlkzNElOazRhNVJnYkN5M1FhQVJQcjdBTENQY1NKbkxZdzdrdEs5MU5FY2tESWpzQ045T19SeVA1TUh2eHdUekJ4bnZIQkJBTk9uNmNDYXRkSV9RWDVMSmJSdlZnN0c5eU5UQ3liay13akdqSVl6X1Vmb3BFeEVJeWhXM1ptcVU4bkxxWWhEazQ5X2tQazZSS1NLSU1TVTZLRXZlSDlGYU9FcC1uaEJBT0JTYVhWMzVfTGFjWXROdw?oc=5,Berkshire-owned PacifiCorp utility wins ruling that could reduce Oregon wildfire damages&nbsp;&nbsp;Reuters
2026-08-19,2026-07-08,sector,PacifiCorp,Energies Media,Portland General Electric acquires PacifiCorp's Washington utility operations for $1.9 billion and reports 2025 full-year financial results - Energies Media,https://news.google.com/rss/articles/CBMieEFVX3lxTE5fVkhJSF8tWktQOTVvTlZ2WGIxY1VoSG45T2xHdkFRZUF1QmVEQmFKNzhHSWVTR3NKUGFwVzR6M2VzSjBMcHZWRmcwS1F6ZV9QSktxUmZ0NUppdG0ySnNuNEw2T1lHUGhrZkNPSi00NzlkVXhDMGl4bQ?oc=5,Portland General Electric acquires PacifiCorp's Washington utility operations for $1.9 billion and reports 2025 full-year financial results&nbsp;&nbsp;Energies Media
2026-08-19,2026-02-22,sector,PacifiCorp,Jefferson Public Radio,PacifiCorp reaches $575M settlement with feds over 2020 wildfires - Jefferson Public Radio,https://news.google.com/rss/articles/CBMiqAFBVV95cUxQUE5GTUVsS1BPNE4tWV9DSGNKeU5DRE54VWYwMjI0dXVWdHlvZ1NTWXh5d1A0akNMdldNdjdMR2c2aVlsTTB2NlFieVJpZE9kanNCZVVETnE5NDlqbmY2c05QNnpYT2V0bHVKT0xueVBwQVlIZjc2MzZYYjBvUWhBRm5lOTZydmZiSVlMTjc1ZUN3TW1LdC1RSkFCUXN2eVNNcVUwNmFSV00?oc=5,PacifiCorp reaches $575M settlement with feds over 2020 wildfires&nbsp;&nbsp;Jefferson Public Radio
2026-08-19,2026-01-14,sector,PacifiCorp,oregonlive.com,Oregon electric utilities have strict green-power deadlines. They’re way off track - oregonlive.com,https://news.google.com/rss/articles/CBMi6gFBVV95cUxOdkN6QTIwMTRXT0l0RG5ETmlLblB2MDVqbmhzcDByZEliVi1XNm04YXVhYkFiY1pDcVRNWDVFdmNUam9GTHJ2OWU4YzN3RTF0ZXpEVENFLUNhQlVoazBuZms0dG1Hdjh4S2RYa1FDM2xNakZLbHhiSmdEN2FOV01qZnhyNXhnZEZneTU5dm9ROUw2LV81bk0yOWNtVDFTay1hYXR6aHdqV1VOYzB0WngyeWEzOF82c3VqbHFVQnA5SW9qVmRWZUo1MTdLMnJSZDVPWllodjdZdjlWUmp6dVhyeXFIbTE2RGVKTGfSAf4BQVVfeXFMTzFRVEkybEk0WkEyUjBZYWFjLXlvaGVNVWRxSldoNHdNN2lzREpmRHg4Vi1OMm9wZ2lUSHUyYmZZckZDcEo5QnlZRjNtT0R2N3kxbWNGR2duMWVCdW9qMGhUbnZwalBIYmdIenpqRkJkeHg5VkFncUs2aWlwbFUwM1VuOG02NVR6eGlLNWdweDYzU3VYZTV0WDlaRElEVF9hXzBDNzhwbW9zWU51RWZKTURnN2g1bzBSREM0ckRUeVBWWDNXaThKM3hwNlN1YVUtcHJuMGFlV25CMEh4X1NvN2JLVkw4dUpRS1p0U1Qxd0RUdmJuV1NtaFkxWEx1S0E?oc=5,Oregon electric utilities have strict green-power deadlines. They’re way off track&nbsp;&nbsp;oregonlive.com
2026-08-19,2026-08-19,sector,Portland General,Seeking Alpha,The Sell-Off Of Portland General Electric Provides A Renewed Opportunity To Buy (NYSE:POR) - Seeking Alpha,https://news.google.com/rss/articles/CBMivAFBVV95cUxNajZzWjlZT0VwdnYwRFFHLTVLM210NFh6dFR0YXhBaEVwOWxFVl82ZUpVYVB4dUNwRFIwWDdlZFRsS1p4V19DYXNHTHJ5dGZPTTl6aWo5anVtUC0tbGxUN09YZjhZN1RWbFNWQ2djRXZ5U2pQUjFGTDhGNnJpekhGSkR3dXN0X0JUQkd3YnNnbl83MW04bVVrZVBzaVpfRTVpdUU0eTg4TEd1YlRlRzltLXVCTjR3MlhMcFNlVg?oc=5,The Sell-Off Of Portland General Electric Provides A Renewed Opportunity To Buy (NYSE:POR)&nbsp;&nbsp;Seeking Alpha
2026-08-19,2026-08-19,sector,Portland General,simplywall.st,Portland General’s EDAM Fee Waiver Might Change The Case For Investing In Portland General Electric (POR) - simplywall.st,https://news.google.com/rss/articles/CBMi2AFBVV95cUxQTjBWU2hUWmg1X1JLUm1FemVVSTRTQ1JEZlJEdk1XeTNXa29mM3h2ZndBTHBRZ1BpT1JpcWxfcHIwNjVOZTBGLU9yY2k4YlRHVDdpeGlaTG5PSnljOWlnaENFa2JBU0FTUzVWNndfeXlhV3gzc2Q3TWpETFNjTGQwcHc4NXlrRWJ5aE5FTXMxbG5WWTh6dmZmSTZESVdRczN3R1Q0WGFicUp0cWNMd0pGdjd0NTRYV2c4ZDJ0M3l6UHRmYlFvWm9xVEtDb0dIU0ZMai1zY09WbXHSAd4BQVVfeXFMTXdXNWNDbGpJOUJwMTVZTm4wY0wwWnN6NmhxNmxMRE13OGJHWHU4X1dXSGZUbEdaemt0bk9zZFdoUVNJQU5xZGx2XzZ4MVA5S1FFMm5aRlljZm9UYjZvYWh3clRrd3MtWVM1NWItOWpvbXVUSnNIUUdMOF93WXdFSnh5NlNIM19SVTY2Z19fRlNMUlJnY0lBYUQ2SW1EU01ycXBzREIzMkNwS2NxcVJvam8zSmVpTk5xLVRKY1l5SWY2Qk0tSldlTVZ6d0NVaE90ZnBaMjA0THhHc1BRd3BR?oc=5,Portland General’s EDAM Fee Waiver Might Change The Case For Investing In Portland General Electric (POR)&nbsp;&nbsp;simplywall.st
2026-08-19,2026-08-18,sector,Portland General,MarketBeat,Nuance Investments LLC Increases Stake in Portland General Electric Company $POR - MarketBeat,https://news.google.com/rss/articles/CBMi1wFBVV95cUxQUlF4OTVWWkxuOVQzZ0hYb1c0TjQ0MGFhVXhKOXNVcWxBZmEydGh2eGx3Nk84eU9nUXVIdk8tS05mYkJZdTJVWFZIbVRMMzRYN3JfQTcwc3RJdzgyYUVlY2l4bnVPZ3V6eDNVMndBZXZFX04ydDFtN1dsWGk1bVZwYi1CejZYWkNZSXNvZkVSMDB6WFVhR25iVmtzclNfdlZKWFotUEhsN0lwOTIydGlmZjVVblU5NWR4U2VhTWh2Y05mem5DSzg4Ukc4ZTlCcjdBR0I1amdVRQ?oc=5,Nuance Investments LLC Increases Stake in Portland General Electric Company $POR&nbsp;&nbsp;MarketBeat
2026-08-19,2026-08-16,sector,Portland General,marketscreener.com,Portland General Electric Company Submits Tariff Filing to Federal Energy Regulatory Commission - marketscreener.com,https://news.google.com/rss/articles/CBMi4gFBVV95cUxNYXdvZHNQQkhveFVDYTE1WFhJV2ZRcUlkZGtSY0NTTFBiNFRFMURGMm44RUpMd2JPRTkxOWNkSS1faW1YRW5SYVRPUHhDRUNKWVRjT0hDR2ZXWDNhcXE2M3prVUtfUW5KYVVVRm5QX3B0am5qZU1Pd0s2X3ZvazREa3RnSFNBZW5qQ2xoVWwta1J5YjhIZVdhVWkzUk5BQkZQX1BQNjlDT1JNeEVWa0hZVW9CdlZMV1JwRjNPV1gwbFRrTjJ3RzBTT2cya1FwYUtJX1RxTmlsc0E4cDNxTF8zY1NR?oc=5,Portland General Electric Company Submits Tariff Filing to Federal Energy Regulatory Commission&nbsp;&nbsp;marketscreener.com
2026-08-19,2026-07-22,sector,Portland General,KATU,"Over 8,000 without power in Portland metro as temps near 100 degrees - KATU",https://news.google.com/rss/articles/CBMi5wFBVV95cUxQS0xkUW9SV1FPcWhZR3FJTVl0WmswMXJwYmF1X004bXY5Nk9YV3BCSy1jeWRVRGlfN09TWVM4dTdtbW4tYmdTaS1Lak51LWNaaWt4VlozczdpVC1GT2VUNkR4M3VXNnoxV09mTzlBZUpaNEZiSmZ6eFRVZTZhVURvZmdfXzIzYmZ2UFNQckhCNlB3TUkyRmtMTlR6QmlBNjhJWHlKcURrMXBoWG42b19RRC1DZ0RiZFJNV0lLb0pWaE00bkVTTUh6SG5XTzZGT2c0a0JMeWZMdVpmanF2OGlvVXB5SEh1SXc?oc=5,"Over 8,000 without power in Portland metro as temps near 100 degrees&nbsp;&nbsp;KATU"
2026-08-19,2026-07-09,sector,Portland General,The Business Journals,"Amazon, data center coalition challenge PGE rates - The Business Journals",https://news.google.com/rss/articles/CBMirAFBVV95cUxQTUhyNGpweFdYcU1QSEs1Y1ExRzJBMVY4LWJ2ZXVCU0RQUHNrZnlELTE1WFpFa0JJS3A1bXVXZ1YwUUNxdmxNX0JJOWFHdms0WllGVVhGNTVLOUh5ZW9TRmlRa3hsWUVjZl9BR0M3dkQ5eGFwa1hXVjJPQUlUUktYdzkwbVlJWm9tMjJkalduVC1zajR1Yk9pRDRERUdFU194ZTFDcDJ2NVRfRzJV?oc=5,"Amazon, data center coalition challenge PGE rates&nbsp;&nbsp;The Business Journals"
2026-08-19,2026-08-04,sector,Avangrid,CT News Junkie,Willa Hightower Joins Avangrid As New VP - CT News Junkie,https://news.google.com/rss/articles/CBMigwFBVV95cUxObkl0ZTZ1S1RJcUhOaUNmSXZjSkkwUlRNQkgweUt0MWhyVWhxOXJINkc1RXdSNXYyamx1T1Babmd4YWpJM3lDb2taaTJvTUl0NTVMajhjd25CbEZ1emZqS0pNVnJ4OEw5RmsyZUc1dGkzcGFISmU5bDZuZmpXYjBKUFhHcw?oc=5,Willa Hightower Joins Avangrid As New VP&nbsp;&nbsp;CT News Junkie
2026-08-19,2025-09-19,sector,Avangrid,Utility Dive,FERC orders New England transmission owners to give more info on upgrade projects - Utility Dive,https://news.google.com/rss/articles/CBMijgFBVV95cUxPTlRjbS1KYkRaSk1RdGw3Zmx6YS1GWHgxQ0FIbXFHcXZfcjBFcDRlTkJzUm9FcEFlUWQ5QXp2YmJKeGIwc3pMRTBrLW5vMnhKdjZLZURIRHgtZzZBNFB1ZTdpemRhcEpSTWNMZGEyTEV3RDkwRzBSYkQxS1VwbXpDMExiTFVUeWJaeUs2LW53?oc=5,FERC orders New England transmission owners to give more info on upgrade projects&nbsp;&nbsp;Utility Dive
2026-08-19,2026-08-19,sector,NV Energy,ktnv.com,Nevada lawmakers decline taking on NV Energy's daily demand charge - ktnv.com,https://news.google.com/rss/articles/CBMilgFBVV95cUxPY2hPbWc3YnEzdExteUxGSDJyZkphX1VGRXJ4bGl1Um9qaWt0bHdTeEpzcTA3QVV4N1ROTjJYRzFyTkRocTJ3c0I0VHRMYVUxOHdtTFdaMWJzQlpFQzFwOUc4UnFGdXFnWFRJRG9hXzZJM2Y5MC1BckJWNG5BWHJLQzVUbWkzcWZiZF9UUmk4V3J1Q1ZOeHc?oc=5,Nevada lawmakers decline taking on NV Energy's daily demand charge&nbsp;&nbsp;ktnv.com
2026-08-19,2026-03-25,sector,NV Energy,Las Vegas Review-Journal,The data center ‘tsunami’ has flooded Nevada. Are lawmakers too late to regulate? - Las Vegas Review-Journal,https://news.google.com/rss/articles/CBMi5wFBVV95cUxOV3JoRnE5bGQtNThFekhUVEhzNW9XUFViRE0zVWhkejRES1RaaENpaFp6Zi1tOWtpTzRoYURRQTRXcVg3UTY1dGdoLTVRbEs1REdWbDFLS2U2d2hibllpajFGNm9lS3o3S3h6eUo4UjlZTUZYVE5GYmVzNlpuWDJqV3AybzU2ZVBRU1BEb0dfZENvT0xISXhTaDk2emNwMnp5aEJqY0o1aEdEUFN3WUhIalczVnN1OW01QTZqM1RVbDhmWmNnam5SVnZ6dkhDWjM2SFMtSU10MlhCU0FlbFdXanlGeUkwS3c?oc=5,The data center ‘tsunami’ has flooded Nevada. Are lawmakers too late to regulate?&nbsp;&nbsp;Las Vegas Review-Journal
2026-08-19,2026-05-27,sector,Arizona Public Service,Sedona Red Rock News,APS' Shutoff Zones Grow - Sedona Red Rock News,https://news.google.com/rss/articles/CBMib0FVX3lxTFA3VFlJZ25MOEtwVG5PMmk5OWl4RTZMem5RZmRuY29EN0Q5c2FqOUlIdDZrNjR3X011bS1CU2Q1Ry1TYUx4QjY2NW1HcldUNVRSNVJETGZVVTRpTDV0WXJEN0dSWmhQOEU4QWJ6bW1wb9IBb0FVX3lxTFA3VFlJZ25MOEtwVG5PMmk5OWl4RTZMem5RZmRuY29EN0Q5c2FqOUlIdDZrNjR3X011bS1CU2Q1Ry1TYUx4QjY2NW1HcldUNVRSNVJETGZVVTRpTDV0WXJEN0dSWmhQOEU4QWJ6bW1wbw?oc=5,APS' Shutoff Zones Grow&nbsp;&nbsp;Sedona Red Rock News
2026-08-19,2026-07-28,sector,Xcel Energy,MPR News,"As central Minnesota coal plant edges toward closure, massive solar project keeps growing - MPR News",https://news.google.com/rss/articles/CBMinwFBVV95cUxQVU9ZZUxHNG9TRFhlSHR0YktXcVYyd05MNy16U2Nvd196R0lnU1NQREYyNHMwRVJtYVoxQnoxQ3JKZC1nX3RVZEZEV0pKcWt0QjdWZkNvYkdZVGRITVVsNS1pTmJJUUpNQWhKNWZBSEg4MW1JREd0OTVyTlppdFJBdFFwU1RINDYtZTh0VHB6NUhwaWJXR2llc05vUDBxa3c?oc=5,"As central Minnesota coal plant edges toward closure, massive solar project keeps growing&nbsp;&nbsp;MPR News"
2026-08-19,2026-05-08,sector,Xcel Energy,Daily Camera,"Under new rate request, Xcel Energy electric bills could jump 33% since last increase - Daily Camera",https://news.google.com/rss/articles/CBMigAFBVV95cUxOaG5nb2h4R0MxNUdzTTdoVEJOcWIzXzYxMWVFcURrS1RuWWtkWTJYRWFHb3FJZFhrYU1BZFhqRk9DaDk4QkRGQ2pLT19pUFpKa2R5M3RFZFRON1BPbGtrY3NvSjBJSnFSdUhWOG9fUzdqVUxuUmZTdTFqdGV1OUpMRw?oc=5,"Under new rate request, Xcel Energy electric bills could jump 33% since last increase&nbsp;&nbsp;Daily Camera"
2026-08-19,2025-12-10,sector,Xcel Energy,CBS News,"Elbert County residents continue fight over Xcel power lines in Colorado: ""We will only reap damage"" - CBS News",https://news.google.com/rss/articles/CBMisAFBVV95cUxONTk5YzlVM3hIckZRaFBoc2NmOER3cGROYXhCTWVTckJzTmg4T2ZWSndyWXkxQ09kanZ4czNsRVNHOC16TUFPbTlaTEFyUXRTYlQ1Q252S2RJRTRDcmh5RUx5OEU5c2Q1eDRuSGdyQmROVVNaR0dHUmc0ZmNUTzRKY0dPd0xacTZmLVR0czc4a3lsTWVMS05qZl9MRWhHeUtrWlB6NlhHZkQxUkw2SmlncA?oc=5,"Elbert County residents continue fight over Xcel power lines in Colorado: ""We will only reap damage""&nbsp;&nbsp;CBS News"
2026-08-19,2026-01-30,sector,Xcel Energy,CBS News,Colorado Public Utilities Commission to establish rules for planned power outages in state - CBS News,https://news.google.com/rss/articles/CBMiuwFBVV95cUxOaWJzdW5KS3BHcEp4WnBiOC1YQ0d4U1diYjEwVXhGdlZCYmNLRUlnY21QTDJUZE1aczlzUTVQUERPbnRZUGpCM1V5MHUwb1o3d3ZBcUV1TTlYcEtQNGk1VWRFa292anYteFg1T1lfVXoyeWJ0YXVMZTBlVkRwSGRHc0VNVlNMUHE3OHpLNk0zUF9ZQTJJeXF5b1JnQ19uVVBjLUwydXl3WWl1eUtCeTRSRkVqYklmd0EtRnNn0gHAAUFVX3lxTFBlTWNBcG9mczVudG80c0p1aXUtM3lWSHBCT0Y5a3piWkIzTUF5aUhkV2M3NWZHZUFTOTZIbVY2Z2tZenNHMHhfclFKbng3bjduNmNsejhwUDQyN25YLWxnbDZCcER3aEhlZFNrTDJuTEZ3VlU0emlTMms5MVVMTU55eGd3ZzZVRjlwQkVURVdqWDFUcUJwNGFYWW5RcEd3NENmcEczb29UQ2QzTEUwSjZBdm9oanZsR1NOQXJBcWxIRg?oc=5,Colorado Public Utilities Commission to establish rules for planned power outages in state&nbsp;&nbsp;CBS News
2026-08-19,2026-03-31,sector,Evergy,KBIA,Rising utility prices prompt calls to break up electric monopolies - KBIA,https://news.google.com/rss/articles/CBMirAFBVV95cUxNWVJ2MldjRFhYTVZZd1U5TDk1d1lTU0hfWDVJSVBSV3B2NEQ4bG9mWURIaHZrbjJTeGhkb1I0ZUNuTERRN3EwQzNwTWJyT2ttNF9EaDJ0LWdnTktQWVFGc0JFVmozVjh3Vm9ObzlKTF9ZbWdWbldjZUo1SklMXy1Jc3F2cHMyWndxOEZrTU1uNHo0Y1ByNFM1WnFYSmxCemQ1N1BpdjJ3UHdTZktE?oc=5,Rising utility prices prompt calls to break up electric monopolies&nbsp;&nbsp;KBIA
2026-08-19,2026-02-18,sector,Evergy,Utility Dive,Southeast utilities lag national efficiency averages despite ‘low-hanging fruit’: SACE - Utility Dive,https://news.google.com/rss/articles/CBMiiwFBVV95cUxPZS1pRXJqeVRPVUZfWWhaV1NWTXJQQ0lNMHpJRzhwd3RCQXJKUW9hZmh3QWZjOWZ6X2d4YS1ZRWJzNDVRVjhPaTJmVWJfRExXaG8xYjQtRGxYQ19Mc3pKMF9Wd2xoN19mWll2X29lSjgzX3lkLTYwbzdTVEdRUlQtSjVHYnAyeEZybUpR?oc=5,Southeast utilities lag national efficiency averages despite ‘low-hanging fruit’: SACE&nbsp;&nbsp;Utility Dive
2026-08-19,2026-08-18,sector,Idaho Power,Daily Energy Insider,Idaho Power seeking approval from Idaho PUC to sell Oregon service territory - Daily Energy Insider,https://news.google.com/rss/articles/CBMiwAFBVV95cUxPeGRJVnZhZzJRaThpTWlTaDdGY2lOcGdVOHZqeFFPVjhVVW5jNjh4WFBGNUNocTNoT01uT1ZOZ3ktaFh0YjVGbUNpVmsway1rdjhOVGVGczU3Rlo5bHlaRHluTWMydE1VV3MxZUMzZFRnbkdqV3paYThWbTFXSTVteml6NzMwOTlRQWJpaGo5NEU1Sm9EVC16bjFRU1JqVzY0Z1JsSkduamhMYU5XZUtNR0VYeFBlZXd4MmxWM3otOEQ?oc=5,Idaho Power seeking approval from Idaho PUC to sell Oregon service territory&nbsp;&nbsp;Daily Energy Insider
2026-08-20,2023-03-07,leadership,,The SeaTac Blog,Samantha Le named Executive Director of Success Foundation - The SeaTac Blog,https://news.google.com/rss/articles/CBMimAFBVV95cUxQMExkYzdsbXdtWmMwNzlwVEpTWXgxbWkyLUcwbGJpSjlORGZoSURhOExMaHdQU1dhV2trUjRrc21ndDlrRnNhWWZUdlEzVnBHX1pBdXJSTmEySU5PckxaUjJweDIzZTlGNGctcVhxeTJwUmkzZTV1cWRlY3ozZ2NxVDU4RW5TZUZ2eVVGVEtrVUpvM0dpZHh2Yg?oc=5,Samantha Le named Executive Director of Success Foundation&nbsp;&nbsp;The SeaTac Blog
2026-08-20,2026-08-18,company,,Whatcom News,"Bellingham power outage impacts over 2,700 Monday - Whatcom News",https://news.google.com/rss/articles/CBMiiAFBVV95cUxQRWdxZW8xX1JXUUhrY2tuZU9wSDlXWGV1UGpBYU9kMm9NZFd3U0hwMGNvaEQ4WjktZ2tNR2haQkkxXzRjQWRhTUROOVlmLVhVTXRkeWx5OFJIVEJrMlVobkFzZm9CVlczVS0zbUVnYjc3MEhTdGZlOUcyc0tzRVZncVR5ZkhpYlBE?oc=5,"Bellingham power outage impacts over 2,700 Monday&nbsp;&nbsp;Whatcom News"
2026-08-20,2026-01-02,company,,Snoqualmie Valley Record,"Puget Sound Energy electric, natural gas rates go up - Snoqualmie Valley Record",https://news.google.com/rss/articles/CBMilwFBVV95cUxNRHpDQkZETTVnZ2tHNlMtUk9SSFcyVGhvNmlzVldjaExKYjItX2FHa2N2TTUyUGpvYzVCWGg5NzZCdHJmQmN2QXdVNHhNdFhYQnNuTm9ZU0NGZlJWdTVkMGJyN1MybXFhLUtZSld4anlQWk50VWRnN3RlejJDZ0hHckVmWnp0d0s3T2wwdnNTYnpBcUlFdmlj?oc=5,"Puget Sound Energy electric, natural gas rates go up&nbsp;&nbsp;Snoqualmie Valley Record"
2026-08-20,2026-04-21,company,,KIRO 7 News Seattle,"More than 6,000 customers lose power across Sumner, Bonney Lake, Puyallup - KIRO 7 News Seattle",https://news.google.com/rss/articles/CBMiywFBVV95cUxQTFBxcGZrTGFaOEVOZFJabjRiMVpRUFJ4ZjRLWXVsNWpuYnZaWTg4ZDVPcVZfYVhvYmp0alJEbjRIOE0xcDdhb2tCMGpFSzBsOTRYY29CTGVVaFc1WEFwQkkxejR5UzNTR005bVFZUjVIeXNCNlRtMnlBdHlxZEQ0Tkp1S3g4VlhNM0tsRjBBUXUyUHJaZzZ4ZmR1VGZXYUxGUzZOaTlGSUJpVm1MTi1GZWlsVFZGY3NpVkN0eTlvX2ZHbUhuY0VjR2stb9IB3wFBVV95cUxNak5lbndlMWlhMTdVVVlqMEZRd3d1cTFuZFZtSTZ5TFRKVU1WdXBwSUlkLXpDZmc0eGlxcmRaVFYwS2k2OUxUN0NHZ0w3bjl3aEVmcXBzTWRRT2hiektQWmtHWFREazZrN2dWVHlNWW1jTEZKLU9kdHoyM0Vabzd2d2Y0NmM3cWJjeG9EaGFrcnhvTXJrTFlINUFqVUJwT1pRcTNFbzkxdnphV3pWbDRQemN0aGxxTWNKbTN5ZjdyRXZpYVlEcjdpeFV5MFJHMHA0WnE2bUtCYjBnY1hkTkZj?oc=5,"More than 6,000 customers lose power across Sumner, Bonney Lake, Puyallup&nbsp;&nbsp;KIRO 7 News Seattle"
2026-08-20,2025-10-06,company,,425business.com,Puget Sound Energy Has a New Operations Training Center - 425business.com,https://news.google.com/rss/articles/CBMi2AFBVV95cUxQUWJDNGZLNDVCUEM2MUJlUlhRaHNMOWNKR19GSG8teGE2RWJVUjlMZ0tLU0p5WTJZUm10S3JVNTB0OTNWRjE5RzNzSjBVTDRkazdoeXNfTmc0UXhwQTlUcDZjQ3RzZkpsdnk2MFRON3FCTC1mdGlNR2FCdDVHbDVJSmxlWExPdW5LZDNwQmZHSWVFTG8xWV9sQ29YY1FZOG1IVFdqQVpsdXRNRlBUSi1Cd2Z1WG1qSlRyTzZCSVJnWDU0ZDBSQlhjeFBwZDJQTmpoU25kWEtkSTM?oc=5,Puget Sound Energy Has a New Operations Training Center&nbsp;&nbsp;425business.com
2026-08-20,2025-10-01,company,,KIRO 7 News Seattle,Over 1K without power in Issaquah - KIRO 7 News Seattle,https://news.google.com/rss/articles/CBMilgFBVV95cUxOZDBnOGE0TE1qQ21SRktwaDhDVnFPNUswSGxyM1JVS0ZqVGhVQ25UcUNnejBINTY4LXJTV0FTVHhTN1VWQkRqVUo2ZlpMNnFlUHdSdjhwdmFya1d0RFBja053TzF5MnVvMXVocXFXYUpRUGJfQTByc0FZTDJLX2QzcEFoV2ItWmZJSVozY0Z0X1MwVENzYlHSAaoBQVVfeXFMTV9CSU1PaTg1U19hWFRXa2g0MWVDUTFYdjlYTG9WOC03M2hQMzlVRWJPOE1ZeU1VMFhlSUlNQ2lhZVZSY0hNc2pIa2JFSHhaODhGbGQ2aVpwNEtELUpNSmNJSVY0cDZsRmJJYkw1UkpRUnF2RnM2UGF4ZWhTNVFseXZtNVFFNXpSV3VnTjRmV1AtUk9lRDlUMWFnb1JDaHYtdExDakhlX2dPLXc?oc=5,Over 1K without power in Issaquah&nbsp;&nbsp;KIRO 7 News Seattle
2026-08-20,2026-04-29,company,,KING5.com,"Snoqualmie asks King County, PSE to reconsider battery storage site - KING5.com",https://news.google.com/rss/articles/CBMi3gFBVV95cUxPd2xESkQwUWpCOW1haHdLMUVJQzdLMG1XOEd6cWxaamhKWVlLN2lMWFJfMThld1VMU29FMTRkVWRWbC1CU1o4dmtBRmt2cUVUOTByM19WNjd5WFhQQnVDVkpzZ0VMLXd0R1lGb2Mwb3UzMXV6MDhzWWJDcWF0Q1U2UUlmcklMRkFRNFlJSkIzWHpwYVJQbkRUMS1qREZWU2ViM0FGQTRrMjdTY0l3aGtod0JuMnd6d2lWUUswU2hFZTBJR1RqdGtUSjJBc3hxQllKeHFHNmd1eFoxcjBfaXc?oc=5,"Snoqualmie asks King County, PSE to reconsider battery storage site&nbsp;&nbsp;KING5.com"
2026-08-20,2026-07-26,sector,PacifiCorp,WTHI-TV,Pacific Power requests rate increase; Utility Commission invites feedback - WTHI-TV,https://news.google.com/rss/articles/CBMiswFBVV95cUxOamVCUWJQR2ZLT0xvOGt6NVN0RlFqelF4RXMtaHExeDZkR3c0cVc2bFoyWnlhWGNoQTZnWm1mVHlfeVUwX0h0dDRPXzRoUlNnM0NXaVdUTWcwamdXcl92TGFpc29mRjNfTDQxcDBOMjVDZzJYS1k0YzAxV0dldTNXTDJ5SGQtbVlyTmFMSzVxeG94eFQwYnBUQkZ4U2ZidElIWVBGRS1FdW82RGFDSlpnYU1Odw?oc=5,Pacific Power requests rate increase; Utility Commission invites feedback&nbsp;&nbsp;WTHI-TV
2026-08-20,2026-08-20,sector,Portland General,MarketBeat,"Great Lakes Advisors LLC Acquires Shares of 149,638 Portland General Electric Company $POR - MarketBeat",https://news.google.com/rss/articles/CBMi4wFBVV95cUxPbUNVMVhMaEFFOVJFdTZBOWpSV2Ewek5VOFcwb1JUcFF5ZE1TTU4zTGJWWEVuRnBBUjFqNTZUZ01tWmVUSjl0UlRNel8zcHlubmh3VGdYaTZ4QVVoSk1USmlsNzY2dkR4blNsMmp0eWxLU1hMRGFkZEhWS010ZFA0dVNRbWlUTHA0NG81R3BrbURUT0g1elJ4N1VTZjJEVUlWUnQ4UGpyaUpNdkZCNWEybC13clRGNnV1WjJvcGZYdnZ2QlRxN19fclJoak1yX0VoN0VIWFdRNWhPUDlFRDJRZVB6WQ?oc=5,"Great Lakes Advisors LLC Acquires Shares of 149,638 Portland General Electric Company $POR&nbsp;&nbsp;MarketBeat"
2026-08-20,2026-08-18,sector,Portland General,MarketBeat,"Trust Co. of Vermont Buys Shares of 39,717 Portland General Electric Company $POR - MarketBeat",https://news.google.com/rss/articles/CBMi1gFBVV95cUxPaTdYZnFUSWVQeFUyMURvUFFYRko5OGZZRFB6YlgzN0lvbjBOSkhyMFZrNHNxd2pOZmMyQXozZ1lZQTZpZVFlZlllWGN6M19HUWZWbUdMdkFqWS1FT3JMaXIzRmZpNmg3YkM4ZVdiZldLODB4bXJqRkUwUlNfbmxuUU1XV05sT3I1YTIxa1V5STBCTjJTMVc0VXV6Q1o0OXFCSXBKRFprdGI3RmtFYlp3Q1QzcjBzbFROSE15UG96WHNDdzQwN1UwNlpWQmJUQUFzSU96NTZB?oc=5,"Trust Co. of Vermont Buys Shares of 39,717 Portland General Electric Company $POR&nbsp;&nbsp;MarketBeat"
2026-08-20,2026-08-13,sector,Portland General,Moomoo,Portland General Electric on Pace for Largest Percent Increase Since July 2025 -- Data Talk - Moomoo,https://news.google.com/rss/articles/CBMirwFBVV95cUxOOF9KMlgwNjVtdzFDeV84WjNpUXlmYVNxSW9zVm9PbWN1RE5uUm5kOGNtaXFPMVNkSU9IR0hURHc2REhsRzdydkU3WTlLWWVwZUVHNng1NkhkbnlLbnB4ZEVuREg4WF9iTnRhWUFhOXRUWWJyVjAxdU16cmFnMWhjczFIa0Ntb1ppOE4tdWN0VEdaWjdiaW51XzJGbFdFYzRNOWR2a19zdFA3SE5tWG1n?oc=5,Portland General Electric on Pace for Largest Percent Increase Since July 2025 -- Data Talk&nbsp;&nbsp;Moomoo
2026-08-20,2026-07-31,sector,Portland General,KATU,"Just weeks after bills dropped, PGE wants to raise rates again. Here's why. - KATU",https://news.google.com/rss/articles/CBMi_AFBVV95cUxPTWZJN0JTRmtfNzhYX0ZRZnVlSm5HU3dmTF9LaFg0VS1HdFpZWmFCNnJ0LWdtNEl4aFNVWC1HZXNZc2ZlNU55RXRhSEJfUGZEYnBfVGJPVmc0R1VST2hkMjRrcmVsZ3YtRk5YTW9GbzBCT1BuVHhFZUYxeF93UDFiR25xLV9KTXNjWDZicWNhR3JsUTh3WlVkVlFObkVpb2U3XzhOcFkyLXZPQ3ZXSEdqZUg3My1HVmtuQVFZd0RvdVNOZEF5M3o3UVl2QW1YalYtQnlmdFNYVEFsT19GTG5TUTgzVkhYb2UtaEQ1Z1JjS1RyTEVnZGFaNHdLUUk?oc=5,"Just weeks after bills dropped, PGE wants to raise rates again. Here's why.&nbsp;&nbsp;KATU"
2026-08-20,2026-07-01,sector,Portland General,Stock Titan,Portland General Electric lines up July 31 earnings call - Stock Titan,https://news.google.com/rss/articles/CBMivgFBVV95cUxQX3lYaW9tVEt2cHVVUlBIa29nSmN0MWwwWG14UWJPVXJaMFlRRzZyZXAtY0VxSEpIb2dGUlB4N1BWWDRrUzRhcWhqZUcyRGZQQXl0NzNZQm80LUdIQlZaVGFtX0NKWHg4RnRtWktxU25pM2R6a3ktS3pRZ3Z4Z3hVVDRCRVc5RVZSeGNPSkp2X19zM0QzZ1RjcjNMeHZLOW5lTmFoR2JUaUpOckhlRTg5TTQtcExZLWlNMkc1YkVB?oc=5,Portland General Electric lines up July 31 earnings call&nbsp;&nbsp;Stock Titan
2026-08-20,2026-08-20,sector,NV Energy,This Is Reno,"Nv Energy proposes rate changes: Lower electric, higher gas bills effective Oct. 1 - This Is Reno",https://news.google.com/rss/articles/CBMiZEFVX3lxTE13LW9fTUowaFJheDZ4MlhBVWxOV3VfMHlaNHVHRkhoaTZpVmlCbFhTWUR0ZGVOczh0c1RaYXhFOWFvdHc5Nnd6VWV4XzFyUzVKdlloajhUM1VnV0VLZmx1OHN4cDc?oc=5,"Nv Energy proposes rate changes: Lower electric, higher gas bills effective Oct. 1&nbsp;&nbsp;This Is Reno"
2026-08-20,2026-08-19,sector,NV Energy,FOX5 Vegas,NV Energy files to cut electric rates for Southern Nevada Customers - FOX5 Vegas,https://news.google.com/rss/articles/CBMinwFBVV95cUxPY05PREVuSW8yUzZpX1lPc3ItZ3o0MTNRcmN5LWFNN0hqT094Nk5fWEliUDJiSGo1b1ZLNkRidEdvTk02azFoZmhIdmlLWE5VMVJ3R3d2VlFGXzM5aGYzWE9nVC1ESy1TNjhuMzRNcnNFbS1xam1HV1BWM2RyT3FoSUM0YWlkNEtYQzAwTldpQmlIZm1mdlNQWXBya2Vncm_SAbMBQVVfeXFMTlFpcGlWUkctQUM4alVLVTJfVUtZNnVxY1Z4dVhNSGs1bGRHNjF4WXNZTzRWYS1HR1lzWnMtZ2E0dHpGb3JHWm44a0lhcUk3Q2RWU25wTTNWa2VPa1NnbWpCMk1VRTRFY0hPT2lhZ29HTkw1alNvZ09QV2s5WDRUalFpZEJlM1FYdnVSNE5Fd0VnTmV5SDByT1hhbE9SSXdQUU1VTE5wbGNRaTA0cUlXMjhuVk0?oc=5,NV Energy files to cut electric rates for Southern Nevada Customers&nbsp;&nbsp;FOX5 Vegas
2026-08-20,2026-08-19,sector,NV Energy,Las Vegas Sun,NV Energy asks regulators to lower Southern Nevada electric bills starting in October - Las Vegas Sun,https://news.google.com/rss/articles/CBMilwFBVV95cUxNT0dQcjNLWTZDT29wUmIzRkMxQ1d5ZHMxb18ySDF3N3F0TnZ4ZGcwNHZWR3Y2cVJDN05OVWNIQ0U1ckZZRTJrVnY4LXpnV3hTWWJxNTVhVVYwWG9vWkNXMUtidnJaZTlIdmFuMmtPcDFLNHlrakVlT0xUYXB1MDlMOGFReHZ4clRFZUZLNmp6TWc5U0J1dHZ3?oc=5,NV Energy asks regulators to lower Southern Nevada electric bills starting in October&nbsp;&nbsp;Las Vegas Sun
2026-08-20,2026-08-19,sector,NV Energy,KRXI2,"NV Energy seeks rate changes for Northern Nevada; electric bills may drop, gas may rise - KRXI2",https://news.google.com/rss/articles/CBMitwFBVV95cUxNWGxvVk1LUWRTYnh6MnhXcXRVbTdpYUFGb3pfcnZCWEpVVHZoMnMzSWZrMjZrVS1pOGxHRlBaQXBVYlRxYmxXRF81aThOTTB2dzFuVlM0NktwZXRqOUUwU3NWeDRpRzRmSVV4NGNRMWxRdmoxVFVIb2tqcm9IVDVMTVRSSkdaZEpBZkVNUUd2S1lvZ1ZVazFmdGVyeFBoUGljN0ZfbzJMNGo5bDEybU5BVlJyZ2pqd1k?oc=5,"NV Energy seeks rate changes for Northern Nevada; electric bills may drop, gas may rise&nbsp;&nbsp;KRXI2"
2026-08-20,2026-08-19,sector,NV Energy,KTVN,"NV Energy files electric, natural gas rate adjustments for Northern Nevada customers - KTVN",https://news.google.com/rss/articles/CBMi-gFBVV95cUxQNzNZckpCNkNBOHFFNFY3OE5ESnFLZWl6ZFZSRUppeE1NQzk3T2lzT29hSVNMR1VoSC1LME1DajROc0E3RHIyZXZxS2VYdTFHWDlFN2k2STV2TXg2RWRHWl9TQkdXZ05seFVSb2FfclM4R0NGQVpjb3dhYXlJMXFlXzhiY2pleWpqaFVVTEFUUEFWdU5QZUlzTXdqaTBiTjFocGExekdfYUdoaEltQjV0ajV3VzdFZGNDR3Nad1dNMEJGZGlIMzJhellqc2NLalp3d21jdVpnUWNYNjNRanJCdTVHWFZsTGN0eDlvN01ydFc1dTdEUWxlSHBB?oc=5,"NV Energy files electric, natural gas rate adjustments for Northern Nevada customers&nbsp;&nbsp;KTVN"
2026-08-20,2026-08-19,sector,NV Energy,ktnv.com,NV Energy asks PUCN to lower electric rates for Southern Nevada customers - ktnv.com,https://news.google.com/rss/articles/CBMioAFBVV95cUxPazl1UmlHTnVILV9zdXFrelh0a2plemdhR0RIblpXRWw2NDExeXJhX09xLVFYZVk0bWRaNFk5M1hQM0FUMk5pSFRTcGZUT1IyU0xGUkI3TTJuS0ZKenF0S1BQd0ljQkZJbmdPeDZINlRzUDctbEdWbUxGQmxDOFdCMmNmdHY1SW5zQXZsbl92V1JuOF9fSk5mREY5R1FLQ3Bi?oc=5,NV Energy asks PUCN to lower electric rates for Southern Nevada customers&nbsp;&nbsp;ktnv.com
2026-08-20,2026-08-19,sector,NV Energy,KSNV,NV Energy files to lower electric rates in Southern Nevada - KSNV,https://news.google.com/rss/articles/CBMinwFBVV95cUxOWXI5SkRFSmYtQ1RRSlN3TFN2eHgtb1BiUklJaEtnVXlxallIRERpa0FibGJZYzZyVkowSnN1Z2Y1YUZPQ2MzWkljQS00NVVBZVBtTU5URm1QR3dTYU11YlN2N1JlWEIzSFZuQkl1LWE3T2VjRUV4YXlkaEx1cTdsa0hlWGdxMFJDbi1jdm9lVEZtZE5CZFRsZDZxX1haUXM?oc=5,NV Energy files to lower electric rates in Southern Nevada&nbsp;&nbsp;KSNV
2026-08-20,2026-08-19,sector,NV Energy,KLAS 8 News Now,NV Energy files request to lower rates for Southern Nevada customers - KLAS 8 News Now,https://news.google.com/rss/articles/CBMitAFBVV95cUxOMGQtVFI3dlBxNWxNWDQ1RVo4TGJyaUhwMEV2Q3U1cXVzN09MT2F2aDdrUkRwZUtIVTQ5eFkza2RrZ3NwRzcwc1BucXo1T3NDUnMtUS1LdHNQRC1rUHhjZ2IwYWJubzlUdzJhUk5mOE1FN0cxUkxuWmhSVXhTNXp2T3dVVkM1MzROb0YyTlNSY3NTY2prdEJWaFlyLXctS0NhblBWSHdGU082NlM1UzlXcEV0dmnSAbQBQVVfeXFMTjBkLVRSN3ZQcTVsTVg0NUVaOExicmlIcDBFdkN1NXF1czdPTE9hdmg3a1JEcGVLSFU0OXhZM2tka2dzcEc3MHNQbnF6NU9zQ1JzLVEtS3RzUEQta1B4Y2diMGFibm85VHcyYVJOZjhNRTdHMVJMblpoUlV4UzV6dk93VVZDNTM0Tm9GMk5TUmNzU2Nqa3RCVmhZci13LUtDYW5QVkh3RlNPNjZTNVM5V3BFdHZp?oc=5,NV Energy files request to lower rates for Southern Nevada customers&nbsp;&nbsp;KLAS 8 News Now
2026-08-20,2026-08-19,sector,NV Energy,pv magazine USA,EDF power solutions secures PPAs with NV Energy for 400 MW solar-plus-storage project - pv magazine USA,https://news.google.com/rss/articles/CBMiwwFBVV95cUxPVnVhcFk4MGRCem9udGNqN3FEZWt3b3pGRFc2dzhNMU83cVh1a3czNndYU3U3Y240VkF3UGV1NV9VeVJFdFJFYjdrS0xoY2xGS2pwbFEyN1dheTI4Z2hYXzVVY1JhZ3hQWUhLUW5RQ1RlZjdPUWQySUlQQkhtZTBCZlI0Z1M5OEdPdXZEaHJFUWFFalh4T1VZRjQxdEpfLThxbms4T3ZuTzlPdW5JV3YwWUZBWUNReW9ZWld1R01ubmdGSVU?oc=5,EDF power solutions secures PPAs with NV Energy for 400 MW solar-plus-storage project&nbsp;&nbsp;pv magazine USA
2026-08-20,2026-08-19,sector,NV Energy,FOX5 Vegas,NV Energy files to cut electric rates for Southern Nevada Customers - FOX5 Vegas,https://news.google.com/rss/articles/CBMipwFBVV95cUxOcGZkOEhWVkd4S1FEZHU1UFU0LTFsa2V5ejdvbVAzc0R0QldUeEdYb0lGa2tmQUtEQnF3eFppVVFPM2JScGd2a21uelRyLUhFbjBmNXllV2hudk5fNHlweFI0THFaUTFiekZDS1g1MXo0d0hLZ0NlZTcyTldWNzYyS2g3S3hUTEhaNWl3bUNXTm0wZU91ckVvS19uWjBRRE5LQ1lLRmpoOA?oc=5,NV Energy files to cut electric rates for Southern Nevada Customers&nbsp;&nbsp;FOX5 Vegas
2026-08-20,2026-01-20,sector,NV Energy,KRXI2,"NV Energy reverses course on refunds, proposes to repay customers dating back to 2002 - KRXI2",https://news.google.com/rss/articles/CBMitgFBVV95cUxPMUE2aE9KeVVvMUFOLXBteEtOcnVBT3p6djMxSkdfdUViTV9sS0Jub1NKamJPNjRzSGVmNmdRNU9OMGxXckJEM25GMHdNV1hqdnA4aEZyM0I2MUE4OGlwVW5LZ0ZqSDZLcWdVem5IU0RveE4yTUVBTDVRVy1BV2o1WnJqbm1vbVUxdm91THVTUE5OYUlRLW8ySUlZandDazA5MXRoV0VsWGplVUNscmRodVAySzVfUQ?oc=5,"NV Energy reverses course on refunds, proposes to repay customers dating back to 2002&nbsp;&nbsp;KRXI2"
2026-08-20,2025-05-14,sector,NV Energy,KLAS 8 News Now,PUCN claims NV Energy overcharged thousands of customers over $17M - KLAS 8 News Now,https://news.google.com/rss/articles/CBMiqwFBVV95cUxQRzVGR0RDalVXWFZHWk8wZE1PUndLNEdWUmZBbGpKU3BiUVFEMWN5NG9vZ1Fwb0ZVYVlkWWJaYk1hdnJNV0RIaUhtbVBuRG0xSm1McWExbTVWZDZBSEZXaGlJb1Vsak95QWsxRm5oSEQwOFB4Z04tUFhUdW5aN1RNalN3RHhrMEtqcWJNbGFXT0hBMnlodVVZOGJqRUpVcWJNOVVpX3cyV1JSRFXSAbABQVVfeXFMT0Z4LWJPOG11VFlpc1gwYUNLcU9fOFBrbTVkT0swZzhEQWxKQ29KNjl4dTVxMjlPUEN6aHBLcFBTeERwLXVqbTJudXNjYTJvY3BwVElnLVZQSmpORUx3T1FiQXB3SEI1b2gzSmdsaEVIRGxUR05CMi1wTk5fa1dPYVBYSDl5MXI1VjhNeW81aHAyNjVfV05TbXFiRUxRd2l4TDluUGt2NUEtR0dhVGRxSHc?oc=5,PUCN claims NV Energy overcharged thousands of customers over $17M&nbsp;&nbsp;KLAS 8 News Now
2026-08-20,2026-08-20,sector,NV Energy,Hoodline,NV Energy Seeks Lower Southern Nevada Electric Rates - Hoodline,https://news.google.com/rss/articles/CBMirwFBVV95cUxQQTFqdFFxM3A2RTJ3T3VIOGViRS0wbVZ6ZHNCN1U5R3JIZ29TWXlDRzFWNDZyRkFwdG56emZJWTRPMlNENmZkelptNGt6RG5LazhaZWJTOUdzbDJrZjQ0T2o2b2l4OEl0YnVvQ0J6YjB1TEJxTXQtUVJUbGNqRG9scHhWbDNVTkFwNkRQSDNjbnBSOTdYeVVkNUZjMUZPUjBkOFVCbkg0RVVHOVVRempF?oc=5,NV Energy Seeks Lower Southern Nevada Electric Rates&nbsp;&nbsp;Hoodline
2026-08-20,2026-04-16,sector,Arizona Public Service,KNAU,APS agrees not to cut off power for nonpayment when it’s 95 degrees or above - KNAU,https://news.google.com/rss/articles/CBMiyAFBVV95cUxPMTA3bE0yZmZySGZYV2M3OUg4a0FQUDdIaHMybkJ6WkNfN3p2WTY5YTkwUzVuR2xzanlZNnJtU0xRbmRWUHNNYi1MVDJ0WXFBMllndkJ1b19oR1VTTVBZZEJTemdZNVU1UklHY0FmNWlrMFNaV1pmTy1ZN1BfM05sVy11T3E3MTEtcGpFUktkMGl1Y1ktWVRWU2R5NWdkaWU0Y1FscjdKMkNpRTVvSVE4cE5pbDhzNTNHVWp1bXcwNk5TZFk0NUtoXw?oc=5,APS agrees not to cut off power for nonpayment when it’s 95 degrees or above&nbsp;&nbsp;KNAU
2026-08-20,2026-01-22,sector,Arizona Public Service,KJZZ,Arizona Corporation Commission hears public criticism about APS' proposed 14% rate hike - KJZZ,https://news.google.com/rss/articles/CBMixAFBVV95cUxNQ0YydUM2T2RsQ0tCQ2ZacDVUNmtwZG5yTlV1R0pKVzYyUldhNWNoOUdPckx6dWJVU3lWV0toRzVtNlphYXJWQm81UnRsZHNQMDVIMnYtY0trWVZqb0dEaUpLUk1BQy1QaHBseEFscFk2Z01yTC1KTEdyd3FTYmZITkhUNkcwOFBHRDQ0MUxFQTFMak1jcFBEVnI1djlYb2tJcVJqeWdmZ0RhcWc0WEE1U1VEdkFrUXpLWThKajkwZUs4dDlS?oc=5,Arizona Corporation Commission hears public criticism about APS' proposed 14% rate hike&nbsp;&nbsp;KJZZ
2026-08-20,2026-04-16,sector,Arizona Public Service,KVOA,Arizona AG Mayes wins $7M settlement with APS over heat disconnections - KVOA,https://news.google.com/rss/articles/CBMi3gFBVV95cUxQb2VMY0FSUXNwa1F4ZjJMVWF6REw3WHJKbGF1UUZlTGFaM1Jzc1M3MTFRZjllZkRTMWFYdWU1Vzk1S1JGeGs3OG84M3k2MGhiTUltUGlwM2FhVjYyMmFaTEs3dXoyN3ZmM25WLUVlVmMxaWdEcWZDN0xETGJ5c0FlZW4wMEJ5N0lpTk5tZ3V3VW81R1FvTzBKRWJXSE1aRTlObERaZGRiU0duLWJLdmZ6RXJOWTlDM2N3dGViNWYyVmlXQm93VGc3dzh3TW1xZ3l4WVA5LVJzRzNNNThKZFE?oc=5,Arizona AG Mayes wins $7M settlement with APS over heat disconnections&nbsp;&nbsp;KVOA
2026-08-20,2026-08-19,sector,Xcel Energy,CBS News,"Colorado regulators approve Xcel Energy rate increase, raising monthly electric bills - CBS News",https://news.google.com/rss/articles/CBMioAFBVV95cUxQdld4RlRxTnUxWWZzeEhPLVd2LWtpd042aTNHZzdqUTV5c3VrWGhaWHpEZGwxOXVobmVKX1A0ZklfVzc2V09SblVkS1lPbTZyb3Jfd1pyZ1BGLTU4eVJvOEotXzkxTXlDV0lxbE1SUjk4NFZPeFhyRloxTC0xWWV4QzdVM2VPUEZaLVAxMDRFTUhDRG9uWTRxYVNLUUtFS1o3?oc=5,"Colorado regulators approve Xcel Energy rate increase, raising monthly electric bills&nbsp;&nbsp;CBS News"
2026-08-20,2026-08-20,sector,Xcel Energy,The Colorado Sun,A judge told Xcel it couldn’t condemn a farmer’s land. Now the utility is headed to the state Supreme Court. - The Colorado Sun,https://news.google.com/rss/articles/CBMimAFBVV95cUxPc3dmUm80R3VmRGJ0c2NTZWxTVTdGOGNSRHl1UXhPTkUzc0JTcEpjU1d4czZHRk9jR3V4c3BXMFEwdEYzOGFwLUFBdFpjMTRPRUhuOWRfUFpLalZHaVJ4UE9BOW9hQUdESmJKSzN2RndZdzJKWXZmNFFmQ3pBMjFhSjBqRnZ2UGs3Vkp6Y1BoY1UyWm53QjBQdQ?oc=5,A judge told Xcel it couldn’t condemn a farmer’s land. Now the utility is headed to the state Supreme Court.&nbsp;&nbsp;The Colorado Sun
2026-08-20,2026-08-20,sector,Xcel Energy,Denver7,"Colorado regulators approve Xcel Energy rate hike, raising monthly bills for customers - Denver7",https://news.google.com/rss/articles/CBMiwwFBVV95cUxOUVVNcmxObTVSTVF2Q1Y5NjJmaWV5OHhnSERwY0hVMDJnUE1UTXc4Ni1COHNRVEh4MjhkVFotal9CVGlmdXVqQ3UyV0V6ZHFJLUJLUklfUG4wTWR1c01XNVd1T2Z6TUVZemt6QjRFc05hQkRqX3dUY05wWW1hdTJ5cVRTOFpLQUN6ZHR4MFpwb293bkN4LVFlN1RreHFGdjVweFRVYXR2NVVCUmpnWXNNUnlSUUI4RWNOVzd0b1EtTkxNVk0?oc=5,"Colorado regulators approve Xcel Energy rate hike, raising monthly bills for customers&nbsp;&nbsp;Denver7"
2026-08-20,2026-08-19,sector,Xcel Energy,The Fort Morgan Times,Xcel Energy bills to increase estimated $5 a month for Colorado residential customers - The Fort Morgan Times,https://news.google.com/rss/articles/CBMikAFBVV95cUxPcUxlb1FyTmRYSTlaaTBkVmtyWmpuWTdaZXNPZzFjMzNrUGd3dGdIcU9aNjBvb2JhaW9QMHFIRFI4dkVfeFNHUk5ZNF9jMk5jek1ubXNnQlR2Unh0TWlTT1ViTzhqS0Y3Z29jN0k4MldHSTVkeUVtbjFVQTc4eDh6MmxoODlCU2I4UTRNMHk2Q1E?oc=5,Xcel Energy bills to increase estimated $5 a month for Colorado residential customers&nbsp;&nbsp;The Fort Morgan Times
2026-08-20,2026-08-20,sector,Xcel Energy,The Colorado Sun,Colorado residential electric bills will rise $5 per month — about half what Xcel requested - The Colorado Sun,https://news.google.com/rss/articles/CBMihwFBVV95cUxQTWQ0U0FqdHBTaElUZHJOemFiOFJra24tVE9NbzU1cjlYWjV6S0RKN3dVQmpqempLQjc3dldLb3l5MFBFekgwTGMzN1Jpbk5HcmE1QlhXdlZDNDRUcE0xRWxIMzBwdzQ0cmxheWdpTGo0c09kQWdVVlVrMUFoVnZuUy14WnFjc0k?oc=5,Colorado residential electric bills will rise $5 per month — about half what Xcel requested&nbsp;&nbsp;The Colorado Sun
2026-08-20,2026-08-19,sector,Xcel Energy,Ad-hoc-news.de,Xcel Energy stock holds steady as institutional buying supports outlook - Ad-hoc-news.de,https://news.google.com/rss/articles/CBMizwFBVV95cUxQRFVmNTBjcVk5VkI1T2JaSTdkVUgycVh4dXRzLVdVZkZlQWhjcXQ4OE4tYlJEd24tdm1VRjJrMUJLYVJYb28wZWg1X1FqU2ZqV1dBYU1seWxYVFpuLXVHZkoyRmhQeXl2c05Gc0tPSHlYMW1helRmdGh2RVJLLWg2d1JaNW5aY3NVNHlDYXN4MGFlZHB4SkQ3WHByMzFZcS14ekVPOFpEZUNXTlFsa1F5NGhfZVRpbGd5X3RxblFLeVZhUzNmUWJmN1RNQUpzSDg?oc=5,Xcel Energy stock holds steady as institutional buying supports outlook&nbsp;&nbsp;Ad-hoc-news.de
2026-08-20,2026-08-07,sector,Xcel Energy,CBS News,Xcel Energy considers another rate increase as some Colorado regulators question methodology - CBS News,https://news.google.com/rss/articles/CBMiqAFBVV95cUxNLTgxdm1uMkNfWVl0cUtlb2pVTk9vdGpfSjI2cURNSmNIMEM1SzlKNTFlT0tZTGcxUTJuV3cwLTRKOXgwTFVKcW1NRDRDMGpOVUx5QkhYbS12OVJEZTgzdXlFS3ZpdEI0RE41aFFzdE5JZTU3UWlYNlp2Z1hVdERJVjBWSGpBaHg3d2JYQllUOHdjVEVDdktkM2wzNC1wM2dwYlJyOXV1b2c?oc=5,Xcel Energy considers another rate increase as some Colorado regulators question methodology&nbsp;&nbsp;CBS News
2026-08-20,2026-04-30,sector,Xcel Energy,Business Wire,Xcel Energy First Quarter 2026 Earnings Report - Business Wire,https://news.google.com/rss/articles/CBMipgFBVV95cUxORjluQVhWV3VmZGxlVEsxY3htNWtyMDFmZEc0V2VtRlRBQUJ4c1Nia1ltU0FINE5jbDVjaTZsRjNNdmx2RFd1R2kzaTZaSGRrdzVISkZQUWR4MElLc2diNEszR1gyaGN0cVhESTRsdExOS3pSVk5PcUlCRUJHeHFOZ1Yxb3RnSEEzSHViWUEwXzFqSEdtVGdZaTVEZ05HYnhhR1dIak1n?oc=5,Xcel Energy First Quarter 2026 Earnings Report&nbsp;&nbsp;Business Wire
2026-08-20,2026-08-19,sector,Evergy,Utility Dive,Home buyers want more information on energy usage. Utilities can help. - Utility Dive,https://news.google.com/rss/articles/CBMirgFBVV95cUxQdERJeTFFN1JlSHpKSnFwdWhUMjdFcmxGV0JNOFVfU3ZqMGJ1bWE4R2VHQ3RpSnM3NlFuYWpkQVFLdzFqdTA0WkN0WVJ1cl9uQTFmejBOcG9nRl9ROFN6M2UyRlU2QjJodUFuaUQ1Vi1VNDdmS2p6VnM5MUJCQzlnRmk4bXN1NmJ5a0U4Q0xDZXNaX1BrMmFPTTAxRnNJZWdmbURKcWU2NTltY2IyVlE?oc=5,Home buyers want more information on energy usage. Utilities can help.&nbsp;&nbsp;Utility Dive
2026-08-20,2026-04-01,sector,Evergy,Utility Dive,"PECO seeks $429M rate hike, partly to reduce power outages - Utility Dive",https://news.google.com/rss/articles/CBMidEFVX3lxTE1HOHNyNVFLMVkyVjhCMEFoLU1adkZiX1dDUFNIUkN3Mk9TbUJEb3N3VU5CYVFtQ19JU0s1MWMxSkIyRnlUU0JvRUh4WjNZbzF2eFhDRElFRUEySUJZenh6NFJrTzdSZWdpVVp6M1ZldHA5OFds?oc=5,"PECO seeks $429M rate hike, partly to reduce power outages&nbsp;&nbsp;Utility Dive"
2026-08-20,2026-06-17,sector,Evergy,Utility Dive,NextEra to pay $150M to settle charges related to Florida political misconduct allegations - Utility Dive,https://news.google.com/rss/articles/CBMilAFBVV95cUxPNHhHVFRtbzk3TEI5MUpDTGVWdWRSSmFMaWE3RldyUXBEbC1sdGZZNDhCMWhBUGd2VHUzS2pVNkJTaVhocmxya1ZGWlpqTVlHbHFJRjdWZjREd0dNNWRqbE9MTkZxTGphNEVZUkpCQWNUSmV0Mk11T1hhelUyNGVqU1Q0dmVWWlVQTk15NVVHTWtRY3ds?oc=5,NextEra to pay $150M to settle charges related to Florida political misconduct allegations&nbsp;&nbsp;Utility Dive
2026-08-20,2026-06-02,sector,Evergy,SolarQuarter,SOLV Energy Highlights Over 4 GW of Utility-Scale Solar and Storage Projects Across the United States - SolarQuarter,https://news.google.com/rss/articles/CBMi1AFBVV95cUxNNHh6bml5RmlIelFzV1VodnZDaW9IOG5kenRUd0s2a2I0R2lKdmVDM2VZRlltUGdqT3BKRF80V1BISkJwdi1YdmtPTk1fZUFzbUFsWENYYm80LUFZOHNmR3FUTTZraDF2djNEMjFuLUtrSVQ5UFZWXy1fWFFOejNKaWxzalVqdS1tUTRweTVYNUhrSG9wT0RtY3I0UGJfTDd0VUhmN091ZnV4N0lmYU9lbG5oMzh0SDE1cm5sbEdtbFY2TmpnLVN5LWxPN3VHT2VzOXF6Yg?oc=5,SOLV Energy Highlights Over 4 GW of Utility-Scale Solar and Storage Projects Across the United States&nbsp;&nbsp;SolarQuarter
2026-08-20,2022-09-29,sector,Idaho Power,Idaho Statesman,"Idaho Power wants to pay less for homeowners’ rooftop solar, new report says - Idaho Statesman",https://news.google.com/rss/articles/CBMidEFVX3lxTE1UVmViUXVQYW5XemNrLUI0MVRjSmxUSGdaV1lEcDZBWWVwbG54ZElVd01BOHN3NENDMWVmSWlkZTE3aEZKTG8wZGpPdEpYUUpyQjQtNWNIR3ZvaEdURm1udlNxeVNSZjZ1S1kxWkF6aE12Smtm0gF0QVVfeXFMUHl6MU1ObHZpNEJhcjFKYVNsbWsxeTEtTDVjRUtPckh5bEpVdGZONkx2Q3hOSFNHMkJiblh6MFp5OWtQR0ktU0lnMXZKY1M1bXI5WHpxOUpkenZhUllDZVdaWkw4YWRUMFM2UUUtV1l2dW43U0Q?oc=5,"Idaho Power wants to pay less for homeowners’ rooftop solar, new report says&nbsp;&nbsp;Idaho Statesman"
2026-08-20,2019-12-21,sector,Idaho Power,Idaho Statesman,Idaho Power wanted to cut payments for solar panel electricity. See what regulators said - Idaho Statesman,https://news.google.com/rss/articles/CBMidEFVX3lxTE52VzhiczVkVnNoS0c4YktZcUx1MzJWdmQ2Rk5POU8ySTFmMDg2R1Bkc1NubUpOeTZuQ2tyTjNuZ3lRTU56Y3RpYVdDbDlKR2lLaTZyVEY2RlpPblM1SlhwYi1uQmYzaGlKWWo1NzdjbmNQYjY00gF0QVVfeXFMT0czMlhwc1JWUVQyYWliczZBRV9CWjlJOFhkWDF5TFBVY05lMUFQOHh2LTVHWDFhSnoxaTI1djZ1TDl6SVB0LWppYkZKX2JKT3lzT1NLLVowdVEwWUl1alAyYWUwWVZaYzR1RmZXNmFCMFVoU1A?oc=5,Idaho Power wanted to cut payments for solar panel electricity. See what regulators said&nbsp;&nbsp;Idaho Statesman
2026-08-21,2021-11-17,leadership,,RMI,RMI Adds Veteran Talent Executive and Corporate Sustainability Expert to Leadership Team - RMI,https://news.google.com/rss/articles/CBMiuwFBVV95cUxPeXNJcHluWmhnNGllSHRycE1YT3d6RlVtYTItZFdlQmluaW1MRHFMN1Bsa0pWWmIxNFd4Y1I2TFlTcnhFLW5CQWwtNVBVekZoSXlEWUJQZ3ZwMThNcVhrV1pzSEhZZXZtYW1wdWtuZFNjRkZ2R0h1RHA4dUQxUnZyMENrQUlKdzhuSXNlLVF6Y3VtN0lzOF9IQUxMVE51MGhSMjZ4S1ZXNF9YOVppeENUd0REcFZhakllX2FN?oc=5,RMI Adds Veteran Talent Executive and Corporate Sustainability Expert to Leadership Team&nbsp;&nbsp;RMI
2026-08-21,2017-03-15,leadership,,The Urbanist,Go Green Conference Will Delve Into Sustainability Issues Tomorrow - The Urbanist,https://news.google.com/rss/articles/CBMiXEFVX3lxTE11SUJGU2J3enp5VXA2bnhsOXdYRXUwMVVzY2QyM3ZKV3FYeDI3VEtRMFMzdEhsMld3UEVJazB6QTRJd2pFTXF5MHItMkp4LXgzY3ZZOFZvbDN4SEli?oc=5,Go Green Conference Will Delve Into Sustainability Issues Tomorrow&nbsp;&nbsp;The Urbanist
2026-08-21,2017-02-23,leadership,,425magazine.com,Columbia Bank Appoints Interim CEO - 425magazine.com,https://news.google.com/rss/articles/CBMiywFBVV95cUxQRC1KT0JfVm9BWmowdENuZkI0NU9LYTdOMWdnYVpNWTZVYzJ1eENBd1BubGVMLUFITl9Gbk5OOV85YzFFM1R1TW9UVlhwdHJXNTdqZjVONFlMcGlaSEhBaTVxazRLMWcxQVVGZm9OS01TX0gxMEg1TE13SFpBWDV6U1VmdnVEZnFpOFM5NDlMYy1uQlVmX2pBTFdiSEZyTHZwbDNRYVY2WDIzX0J1aHJHcUJGRjljTzhySlRURGFrYV9fc3JXQ1N3akl5VQ?oc=5,Columbia Bank Appoints Interim CEO&nbsp;&nbsp;425magazine.com
2026-08-21,2026-07-20,company,,MyNorthwest.com,PSE Flex program faces first real test as heat hits Puget Sound - MyNorthwest.com,https://news.google.com/rss/articles/CBMiYEFVX3lxTE56Y0taalVYVGc5bnVTQld2eE9uQmROemdfc1FUMk8zbUM4ZEM5WjMzRzlzTlZJMEk2c0VXZkdDbXhQdWttLVluZy01c1dmUTFoZ0RDNGI4TktEeE9aOXRQaQ?oc=5,PSE Flex program faces first real test as heat hits Puget Sound&nbsp;&nbsp;MyNorthwest.com
2026-08-21,2026-03-11,company,,KOMO,"Winds, heavy rain leave thousands without power across western Washington - KOMO",https://news.google.com/rss/articles/CBMi_gFBVV95cUxOenczZTlETXgzcWF4RHNieWk3WW94TFM0aUEwSWJvQy1tOV9EbEJ4VTlUTDY2OC1DbWk1VXBieVQ4RVhCUXRZdDVJem95cnlzOXNtOXkyRHZycEhqcEFDSWV4aklKUFZUNURuaDJULXJNOXpSbnlIbk9WZEZPWkRnWVZGd1hVQm5vRDRfLVVMZGRQb0VGallWeUYxQ1EwbVo4YVJ1d2JPNlRRYnEtNTdVQ3FPTFpfdHhjWi1TNmQySVNWbTNjOENLdHotN3NnR0Vadkk3VXZmU3N3WXRDTlduWEdjWTNkZW1hVEJuU2phV1BOQkRTQlAxXy1ETUQ1QQ?oc=5,"Winds, heavy rain leave thousands without power across western Washington&nbsp;&nbsp;KOMO"
2026-08-21,2026-07-02,company,,KOMO,"Buildings ventilated after gas leak secured in Madison Park , 2-block radius evacuated - KOMO",https://news.google.com/rss/articles/CBMi5gFBVV95cUxQVGFPSXQzbXp2VGFNYnZQUzNGeHBvcnNrbFBmSkNhS1VmdDhBd1lSYTE4cnlxbUM0Z1k3bEIyU0R2dXU3ckowWFhMUjdGRGZqdjl0WUVqWGg1bzUyWllzTnhKSmdwMWNzMHh4TVB5bldSQkM0RnIxNVVxZ0FIdmdfSzRuVGpyRmljbXhHQ3pXYTNwSVVlRGptWDZiekg5QlZualRhUTlId3hmZW5zOThTbm1CcUgzS3pWMk84em9CeGV4bjBuODNRWEdJLUI1a01qR0NoTFVtenRUOWJqeUl1U1hWU1Rtdw?oc=5,"Buildings ventilated after gas leak secured in Madison Park , 2-block radius evacuated&nbsp;&nbsp;KOMO"
2026-08-21,2025-12-06,company,,KOMO,"Two western Washington school districts debut electric buses, boosting grid reliability - KOMO",https://news.google.com/rss/articles/CBMihAJBVV95cUxNS1hDR1VRcTFWZXBQOEVPbnJicm9ZNUNJdzFqVVBDekVtQkpqM2t5cUdLMFRHR2h2RkphVFZ1cERjdE0tdDkwSnBEWlNRRDl0OHNZNXJlM1JRWU1aLS1ZRm02X0c3Ul9KZklublJ2ZXo1blJwbHE3d3NQUGhUdjBrTTJIY3pBd0N3bGMzZEgwNl9YNjBOZjRuVnZVVTRDQkRRVTAzVHllSmU1YkZReEN6MC1PSDBrSlcxbktUalNkWHIya1RpZ01NbC0wdmVOa0NMaTc5aXFWbnVhLUxLdDU1cFE1X1FVdEZWRWVpdUdPamtxQUdWczNSVWljMWNHTFR5dzA2aQ?oc=5,"Two western Washington school districts debut electric buses, boosting grid reliability&nbsp;&nbsp;KOMO"
2026-08-21,2025-09-04,company,,425business.com,Puget Sound Energy Begins Construction of New Utility-Scale Solar Project - 425business.com,https://news.google.com/rss/articles/CBMizgFBVV95cUxPSldkdkE0NDVPNG9kclh5RUpCeUVHSzc1dzRHS1JFVFp4eUk3eVhwb3FsV09ISFd5SVV3RE9FSWRjX1ZMMTZrVy1PcndKU1UxakxpRGZVNjd4Q3hSZjY5V3ZJTjVfYkxjSkd5eHpycEhjVm5kejllVGxhQV9nZG0zRkdMMGViMXpsNjlyd1ZIZnRLd090VXVMSlVzQWYxVko2TVY3SU5tZWJGeElGbHFPVEVXS29wbHdreXdIVDJNZV9DbmVpSlpYTUVQSllzUQ?oc=5,Puget Sound Energy Begins Construction of New Utility-Scale Solar Project&nbsp;&nbsp;425business.com
2026-08-21,2025-10-13,company,,KIRO 7 News Seattle,"Once over 10,000 customers without power in Kitsap County, down to just under 1K - KIRO 7 News Seattle",https://news.google.com/rss/articles/CBMirgFBVV95cUxQamF1VDdDNUVXU2daaVdWWDFKeC0teUE5cE5GNmZJcWZEanNlWmF6VkVHS1NUNE9BelNsNnlYNGxBNTNlVHVhWjV0aXFYQ09EMFZvSnZ4Z0JDbzg2UlAyMkV5QllFRDlhNjRCcFJJS3lsTlg4TmthUTBXN1JjWDJka3FBbmNWdzhUaDBadzVzSk5wRk9obHFLclhaQWpoek5kamU3aEJIME83M3M2aWfSAcIBQVVfeXFMTk9pblUyTnhzTnZqRHQzT0ExYVNoWk9CYVNKU3huQzJVcG1KYWEtX1JMc0JNc2FubzI3TmxVUk9aX3hBdjR2MFFjTUswTGxESERHREpvODNZZjA0V1ZRdnpNVVVjN0luUnRkUlB2SE01VWU0OXg4cEZKanlPSXJjRmU1VTRhR2Jpd1pLTkJSUWVQdGlKVDgyTVNHQklYUmZ6eFNmVnJBM3pDdE12UjIxdEtqM3l6S09pOHROVHR0UTVaX1E?oc=5,"Once over 10,000 customers without power in Kitsap County, down to just under 1K&nbsp;&nbsp;KIRO 7 News Seattle"
2026-08-21,2024-02-17,company,,Seattle Weekly,"Puget Sound Energy files two-year rate plan for electric, natural gas - Seattle Weekly",https://news.google.com/rss/articles/CBMirwFBVV95cUxPWHYzLU93ajdLN0dYZkY1eDFhZmFPRVhFSS15QnBySGh1QzdEN3Q3VDhjUS1QX3NPc0QwcnpMaVRLa3VvQnc3OHA3b3lVbnpaWmNHdEJobjJRZzMtUlZOYVkyc25MUDlDa0JuWXExSzRXMGxjbGZNWl9DVDh0cFlFSnVkeUJIY3g2UzdGRzl2MnNOT3FMRl9TeGtDSlVsRzJ4SzVQSTJyazZLNEg0NF9r?oc=5,"Puget Sound Energy files two-year rate plan for electric, natural gas&nbsp;&nbsp;Seattle Weekly"
2026-08-21,2023-11-16,company,,Microgrid Knowledge,Puget Sound Energy Expands Virtual Power Plant Partnership with AutoGrid - Microgrid Knowledge,https://news.google.com/rss/articles/CBMi9gFBVV95cUxONkNnOWU2bm9UNU8zUFZ1WGRITk5vZHJUWW4yeV83ZzVjVGVZTHpwRkNkdDU1VElfNHVRNjRMZjNxRW1QeGIyenl0aWNCdl9TVWxFdXgwbUFLZ2I3ek95VnZiZjdBZkswVFVJb3JUaVBpcWtCdVNfZ1Y5QnFXc1RDOHU3OXJkRWN4TDhBQTc5X1ZNbDI5M2VTUzJ2bGlZS3lXYWk0dm1xQ1E2b09ZM3VLU0dvU1U1ZWZMc3NvVUxSZHdpOEdFNFkyS1MzU1VxUWg4MFplakhTMl9fdWdST2xuaENVbjdYSHB1Rm1XNTFOUnFxdFFGWWc?oc=5,Puget Sound Energy Expands Virtual Power Plant Partnership with AutoGrid&nbsp;&nbsp;Microgrid Knowledge
2026-08-21,2026-08-05,sector,PacifiCorp,OregonLive.com,Oregon utilities cut power in some areas affected by wildfires - OregonLive.com,https://news.google.com/rss/articles/CBMisgFBVV95cUxQTDdBVTg1ZnV1T25BN0Q4VmlOdXlySlhrM1N5LWRSUzZabzU5R3FCNHRvNFMzb0QzcjNVbl9sTl85VU5XV3lIcVJaRFYwM3RYMXBRSTF4WHlFUzVZS0JlYjFkT0RZZGxRSU5kSE5FcVk1SDAzQWhYTDFYd3kxcW1DYXVjM0FaTGY4cmFGLThSRDNQNkY1WHlNd19pVmJ1czQ4aFpKRUN0Q1RhaHg4OFFGUTBn0gHGAUFVX3lxTE1PM3RtQ0s1TWlhSnB5cGVndVVES2ViXzU1ZXlOdmk5MHJOSk5MVDJMSUFHdmRJYlZ3X2lFbFlyREs0Sk1jRjNLaUluX1J5NUcwNURENzUzTmlvU2dhN2V6dGVKOFMxcnBDR1NNWGY5ZTNxMHozOTNxR081dlpBa0tuMmxiVGo4My1OWURMamM5Q1FZdXJPeU1jNWg0OFBmblNiT0VCM1doRXd1V1B5NjJFSUJUSm5FUklDMnhzODFIc1lsODh4Zw?oc=5,Oregon utilities cut power in some areas affected by wildfires&nbsp;&nbsp;OregonLive.com
2026-08-21,2026-07-26,sector,PacifiCorp,WMBF,Pacific Power requests rate increase; Utility Commission invites feedback - WMBF,https://news.google.com/rss/articles/CBMitgFBVV95cUxNd2doOHFZcHc4Yk52X0tNeUI0dGNudkRkaUo1MUg3c05OWWM4UE5TdjJkT1g1Sm9IbWpGYVZRRWNmd3M0OHliVlYyTGhJNFhsZUwzWGFCSmhYaUtYdFVyTmRBSGFsMnQyeGh5VEdZTkNGa0E1ZDl3cnk2eDVGcmNnUnJZU3ZMMTVsTTJDVDM5Q1AyLVE0MUZJSjlka3MweTRrZUNZS2VDM2Zvb2RNRVA0Nlowbkpxdw?oc=5,Pacific Power requests rate increase; Utility Commission invites feedback&nbsp;&nbsp;WMBF
2026-08-21,2026-08-21,sector,Portland General,Investing.com,Wells Fargo upgrades Portland General Electric stock rating on holding company benefits - Investing.com,https://news.google.com/rss/articles/CBMi6wFBVV95cUxPa2txdWE0aG8yTDVLMDhlMG5xR0hLanhnUHJNdU5JU05UcU5JbXVHdEJKdElsZTVJVU9SVEVPa09mRTF3XzR4SkdPWnR5Q2NyVFZtUFlyaVJsVkwtbXdJVVdjR0txYWNNVkFYTnVLeWpRSUk4ZjJwQjhYeGZZU2FCcldUaGZEeDF2ZGc3d204Z043c3VtOVB3WGdnTHkzMGI3eHN2VFVfV1V4SEEzQ2hyZXlVWmI4VXBMWF90WVI0aWRsbV9oTjJ0WFlTU0FPQmNES0dqMjZsVEtTM1FyWXdGcUN4eFNCV3NYUllV?oc=5,Wells Fargo upgrades Portland General Electric stock rating on holding company benefits&nbsp;&nbsp;Investing.com
2026-08-21,2026-08-21,sector,Portland General,marketscreener.com,"Wells Fargo Upgrades Portland General Electric to Overweight From Equalweight, Adjusts Price Target to $58 From $51 - marketscreener.com",https://news.google.com/rss/articles/CBMi5gFBVV95cUxNZllra3FKWG1IZHlxS0xMZkZpdHdyY0Fta0lZTThYbGVybmxmSWhKOFZBMmVEMUFHbkUwbDJmdTFIUXFtODkxZjFzeHBlQmFPZEF0a1pLS1IxSWdHY2xreml5OTZPdnRMaW9OaERKdENvWGk1dzdkM2RTcTMyaml0LVJid0ZRbThabDdyLVY2azdleWNZeXdTVU1xVXcxNm8tZjhPOXhralVBeWJhdTY1RlJOQWpzT0RTc01NVGx0cTJnZ3JLbHA0di0zbmJNVGpkdU1UOU05elREUncxTi1uNjFJc2Vndw?oc=5,"Wells Fargo Upgrades Portland General Electric to Overweight From Equalweight, Adjusts Price Target to $58 From $51&nbsp;&nbsp;marketscreener.com"
2026-08-21,2026-08-21,sector,Portland General,24/7 Wall St.,"Here Are Friday’s Top Wall Street Analyst Research Calls: Broadcom, Equifax, Hubbell, Marvell Technology, NVIDIA, SpaceX, Portland General Electric, Taylor Devices, Teradyne, and More - 24/7 Wall St.",https://news.google.com/rss/articles/CBMivAJBVV95cUxPVlgyTmF3eG5yX0o5Smh4U3REM3hOemVnY0VSendQVmJGaHBXVXZGZmFRMDMtel95c1dNcEQycjA3UFJhSVNhaDVMLTBNRm1WbjYyZmM5ZXZFRWwycEJNZWs0WGp4S2Z2Y2JtSTR6NENJRmhlY3JTSk5uY2N1OFBnRmd5OXZfUzRRRk1YUW5EYVo2ZlJIUjN3ZFU5N0pMOGVBekJrQ1RtcG10eVpxVnNsUGlqTG1sc0VWVzNpeTVMdV82OERGU3BvVGJLV2UxNUFyQjJERERoVThiMkZ6TElBcEg3WkpsS2RRLWtUMFY4a1dLaTd4M1FhZmIwck9yc2taN0gwSktSeU1Tbm5DenRtbm1XT0tJd3hVVC1Jem9pNGVzT2gxT1FqY0w5eWVWbXFvZU1maXMwY0Y2U1Nr?oc=5,"Here Are Friday’s Top Wall Street Analyst Research Calls: Broadcom, Equifax, Hubbell, Marvell Technology, NVIDIA, SpaceX, Portland General Electric, Taylor Devices, Teradyne, and More&nbsp;&nbsp;24/7 Wall St."
2026-08-21,2026-04-24,sector,Portland General,PR Newswire,Portland General Electric declares dividend - PR Newswire,https://news.google.com/rss/articles/CBMioAFBVV95cUxPMk43OXhpLWwySnRKLUJIcTQ4cjc2dUFvOU1NSnVmYUY1ZkpBeVhXZFVzZHZQUHJEcG1MTkNsRmQ4dWl5ZENiVzJTUzZpY09RSUNBTi13b3JYNGNGeUdvN2J0MnBvT1p5Z2QycVhnaXVoUDIwLVZaTXhjUFhyN3U0cWNMOXRXMUgwNkIzU3BHUGZSbS1QQ1k1b0dYbG13X0hV?oc=5,Portland General Electric declares dividend&nbsp;&nbsp;PR Newswire
2026-08-21,2026-05-29,sector,Portland General,Yahoo Finance,How New Data Center Tariffs And Hydro Plans At Portland General Electric (POR) Have Changed Its Investment Story - Yahoo Finance,https://news.google.com/rss/articles/CBMinAFBVV95cUxNWVprNVJHdldaeXkzRGd3amMzXzNBZmxQNU1aUXlUdDd5d2ZVbjNMMV9NUW1idkVDSmljSnhRSl8xcVJBbEQ2eFhHQUJ6X0plN3E2a2RlcjdLRmxIQThRNmNiOUtVN2hERVluX29tSlFrb3FUNHYxOE5jMXR6UXR2TG1Hb0ozX3JNdll1a1JtR25ZajY3UVlGNThTcVk?oc=5,How New Data Center Tariffs And Hydro Plans At Portland General Electric (POR) Have Changed Its Investment Story&nbsp;&nbsp;Yahoo Finance
2026-08-21,2026-02-18,sector,Portland General,KGW,"PGE, with mediation clock ticking, restarts process on controversial Forest Park project - KGW",https://news.google.com/rss/articles/CBMizwFBVV95cUxQNVRrTU1PYVVMYzlwTXB0RzFiYlpQVWE3TlZ3Ui1BM1dEcmw3SW9IQ1VYejJiS3I3b3AxeEtNNUp5aENqeFV2SHNJb0JwUFRrVTZiYURnUkRrM0dVWGNsaThkTjM2TmZKSUZYVjY3M19OQzlqaXA0aFA5anV3aC1vYVVxUFhDVF9WUVRtbkx1SG05V1lqUFpnUXl0MkRsTi11YmVpN29xdGNUdWNtTWxJNHdFWEJiNU0zdkk0UXBCVnpfYTJjS1NTRWdjTlhqZ2M?oc=5,"PGE, with mediation clock ticking, restarts process on controversial Forest Park project&nbsp;&nbsp;KGW"
2026-08-21,2022-01-18,sector,Avangrid,E&E News by POLITICO,War between energy titans could shape New England climate - E&E News by POLITICO,https://news.google.com/rss/articles/CBMilAFBVV95cUxNWW8zTFpldU9nQkNTYk1sRTdDelhpZ2pOSTFCWVNxZXI4THZsQmVXQTVheWlGd2ZJd1pqSENBal96SzBmdVE5VU5XcktaclRWS3JOcXVNTmgyZU5iS01sT24wY2MtQ2Y4UHZld1Y4ZFFmWE8wMFVEaXQ0eEVvWUtzR2pRYURGODluM24yMnkxNkdQWS1P?oc=5,War between energy titans could shape New England climate&nbsp;&nbsp;E&amp;E News by POLITICO
2026-08-21,2021-10-25,sector,Avangrid,Utility Dive,"NextEra's failure to upgrade Seabrook plant jeopardizes planned $1B transmission line, Avangrid warns - Utility Dive",https://news.google.com/rss/articles/CBMikwFBVV95cUxPMmlXTWtRcm9jLWJKSDA2X2lBNG5TckI1MDB3NkJzQkFpUTRmTlk5N0IyUHBtZ25tUVB0b3g3aks4a1BfMjJPQ2xYcGpqZ2NxMHhRY1BCVHNUMXM0Q2hwX2pzTzdJeUgzUEFxa1hnMTVTY3JKNENrb0dMeUFpN3BiRXdFY3FlQXJJSUoxQkRiV3hQUlE?oc=5,"NextEra's failure to upgrade Seabrook plant jeopardizes planned $1B transmission line, Avangrid warns&nbsp;&nbsp;Utility Dive"
2026-08-21,2024-05-08,sector,Avangrid,The Business Journals,CEO of utility Avangrid to step down - The Business Journals,https://news.google.com/rss/articles/CBMipgFBVV95cUxPejgzOUxHaUk5enhLR1BnVV9MVTBfMEctNHpRdFBYY2ZXSTRSQXlmRElJemt3Sk1pS0NoOW1JV3hMU3NLSmtFVU9DVnhGZHV5bDNycGpjMWFZVXdUTjlrUFU5b0Q5Zy02Q21UaDhmOWJpTGx5MkFrZHJOazJGSWdYSW0yaWhYQUFpeWVwMWhQU2dQekRuSkNQekdmdlJjN0hIdnp1dFJR?oc=5,CEO of utility Avangrid to step down&nbsp;&nbsp;The Business Journals
2026-08-21,2026-08-03,sector,NV Energy,Data Center Dynamics,NV Energy files suit against Tract over Nevada data center costs - Data Center Dynamics,https://news.google.com/rss/articles/CBMirAFBVV95cUxNTC1QLTlSU3BfQ2lSRzlneDA4ZEk4bjJValgxSHR0V0R1MHVRMndBcUkyVTMzdjh2Z3V2cXV5ZW80aU9uWnFsMExfckhMVEtrVllTREl4YlFES3lmaVNtakhoMUM0U3JESHFlQjZsRk4zNUE5dGpVcW8ydm5YZXFPdXB0MVRodW42NzYzU0tjWXpZNmJFa0JDMkJuUmdwcTc5SkdxR2JlaThaVWhX?oc=5,NV Energy files suit against Tract over Nevada data center costs&nbsp;&nbsp;Data Center Dynamics
2026-08-21,2026-07-27,sector,NV Energy,KSNV,NV Energy customers speak out at Public Utilities meeting - KSNV,https://news.google.com/rss/articles/CBMikgFBVV95cUxNZkdBU0F3NnFiOFdQNU5pOFBjX3dxODdPeGI4dm1DbkFySE11dVdQRGRsS2Rib1JOTU5PQlNCa3FvRG82YkhyZ3ZMSTZWVGRDRGdKTDJlel9GNkZkMGdiYTVDYW9RNlExcVFvUEJGV1FKdThkOTl4X05CbC1aMjI0LW0xc2xWMnQ4UVlJbmx5LU93Zw?oc=5,NV Energy customers speak out at Public Utilities meeting&nbsp;&nbsp;KSNV
2026-08-21,2026-07-24,sector,NV Energy,KTVN,Massive NV Energy outage across Reno caused by de-energized transmission line - KTVN,https://news.google.com/rss/articles/CBMi8gFBVV95cUxOa1lrc2NlYmRVUnpKOHg4R2NQLXdVOVZ1LTlxNTg0Rmc4RWJwX3dQUGNySjVGWXdocnptSGhubXNIT1l6ajg0R1c5LVBrRHN1aEw1aDJmcXVGU2xBa0tuRTZyWmV0SmVVNHZCbklXQVd0V3BMbkE2R3A2Z0UwRmxZYnF5MjlUTm9OZjZxS09Rb1A3WlhaOE1odGZiU0loQl94b2FBaUJhWVJzcHg2ZGpSTGQwMVRxSUJCX1VaUmJvY1FQQnA0Tk9TQ25lSUczNmhQbms0d2NVX3VhR3VKMnBoQXRRS0V3VzhkdUtWTzdHcDREZw?oc=5,Massive NV Energy outage across Reno caused by de-energized transmission line&nbsp;&nbsp;KTVN
2026-08-21,2025-11-18,sector,NV Energy,Las Vegas Review-Journal,Commission denies AG’s office petition to overturn NV Energy demand charge - Las Vegas Review-Journal,https://news.google.com/rss/articles/CBMixwFBVV95cUxOdE0yc0JKVVlObUR3YTRWSEE2TTIySEs2X1FHV09XaXV2eVFSeG9zaGlmRTY1R0pvejQtcEM3cFd2YXFtWDNtS3ZIMnB3dml5MzlFSFNDa0dDdVJiY0xxdU1iWWRFSlhpLUxBSTdpRk95MnNSZmo4eFlfMTVtNjFoblFwck14RzBEYVJZcTA4Si1GMDJ4OTFRUTFHMXNqbzQ3bzczMEZMcDVwNkpGVHdEQzhLaXVpaEVDMzZzVTg2S25RLTJ4RmlF?oc=5,Commission denies AG’s office petition to overturn NV Energy demand charge&nbsp;&nbsp;Las Vegas Review-Journal
2026-08-21,2025-05-15,sector,NV Energy,Latitude Media,The ‘clean transition tariff’ won approval in Nevada. What’s next for Fervo? - Latitude Media,https://news.google.com/rss/articles/CBMiqwFBVV95cUxPZWhIODBJd2pfNWMyOVBERHF6RjBhbk1KZDVxb2tkWmpmZmV6WjFlTks0Y3Q0MFhVdDh6S1I2U0Nhd0R5Y3BYX2tzam02TG8wcDcxbHcwYU9ISUh4Rm10Y0ItdXNBM2FiOFMzbXIwdWJFUVFjeGwxYS01aEdzOUU0TnQwRVNrZWF3aG9zc3NOZ0dxLUl2UTE4MFNXblJWX3BKR2V0QVdXQjJUUHc?oc=5,The ‘clean transition tariff’ won approval in Nevada. What’s next for Fervo?&nbsp;&nbsp;Latitude Media
2026-08-21,2026-03-12,sector,Arizona Public Service,The Center Square,Mayes disputes Arizona Public Service rate proposal increase - The Center Square,https://news.google.com/rss/articles/CBMikwFBVV95cUxOTVFvMjdwYmpRMkdQQ00ySWtXU3VzODYtT0VNa3ZaS3FzYm5aZV9FOWUzdFNWaDJfTUs0TEJhbkhqdjhxMWt2TURhbUVjUmUya09QVTEwd3ZfRlgtYWNMcF9tMkVkTldmb01qV0lWM1NWQi1QRnVEUXpKX2V0M045MTJreUY0NDczdVRCNVk5ekxJNDDSAZgBQVVfeXFMTk1IZVE3eWN4N1hoSHR6bUlKMXhIT2EwdXp0UVVJc25ydUhsTEw5SEdnWTR0S0xPQnVxTGtiYVE4U0QxZGlYdUxrZHRKSWRxdGQ3OURmYl9tU3hwTkFSVUE4YURvbE12TzJlYmR1LThZWHloM0tRWUgtV0dXU3RUdnI5NjZKd3ZnNzdjNGVtV0R6THhHUlE3RkE?oc=5,Mayes disputes Arizona Public Service rate proposal increase&nbsp;&nbsp;The Center Square
2026-08-21,2026-08-20,sector,Xcel Energy,Colorado Public Radio,"Xcel Energy bills will rise by $5 a month, effective Aug. 29 - Colorado Public Radio",https://news.google.com/rss/articles/CBMifkFVX3lxTFBMRFowRC05Q3dHVEoxVkxjekcxVkN3OGNfQkNHbm43OUg0a3Jjb2hhV3EwSU5WQVMxczZYTnlRMHhFYTk1Q1VaOUhmTF8tZlJtbVNFS1UtV2JENUJnMXFqR1lCOTVtcVZsZGZ2WW9LWDc0QnBkMkN1QVFQbUdkdw?oc=5,"Xcel Energy bills will rise by $5 a month, effective Aug. 29&nbsp;&nbsp;Colorado Public Radio"
2026-08-21,2026-08-21,sector,Xcel Energy,simplywall.st,Xcel Energy (XEL) Could Be 14% Undervalued If Its Clean Energy Growth Plan Delivers - simplywall.st,https://news.google.com/rss/articles/CBMizgFBVV95cUxQVWZhc29fcjJ2bUo4Rk1mOWZnd0ZYNWdQQ3V0dXV4WTBVR29wMV9yZEJHaXh2NllKZGdGcmxwaVF0U1NUS0hhYVBkSldSSHpSWGdFbjhLRHFXdDVmd3VTbVBhdWdFUG5EdllvTms4dFlla2F0Z1pOZm0tRTM0cUFUVnFLMnc2cDdfV202RmxuWmJHRlNVd0lab1ZYVmdxOWNBam90SnNYd005Z0xsT1A2MG1lU0xfR3dxNml3cGpHdDRBaWNVYWhabzRpQ3VZQdIBzgFBVV95cUxQVWZhc29fcjJ2bUo4Rk1mOWZnd0ZYNWdQQ3V0dXV4WTBVR29wMV9yZEJHaXh2NllKZGdGcmxwaVF0U1NUS0hhYVBkSldSSHpSWGdFbjhLRHFXdDVmd3VTbVBhdWdFUG5EdllvTms4dFlla2F0Z1pOZm0tRTM0cUFUVnFLMnc2cDdfV202RmxuWmJHRlNVd0lab1ZYVmdxOWNBam90SnNYd005Z0xsT1A2MG1lU0xfR3dxNml3cGpHdDRBaWNVYWhabzRpQ3VZQQ?oc=5,Xcel Energy (XEL) Could Be 14% Undervalued If Its Clean Energy Growth Plan Delivers&nbsp;&nbsp;simplywall.st
2026-08-21,2026-08-20,sector,Xcel Energy,Energies Media,Xcel Energy modifies operations at northern Wisconsin hydroelectric facilities as persistent drought reduces water availability - Energies Media,https://news.google.com/rss/articles/CBMie0FVX3lxTE55UGpyMzVMdHdOX0JDVlg5ZGlELVZjZnliMzI4cWlnTGFtbDFLVTdUcGJpalNPcXhKVDVicXM2VGZsdU9qc21mb0FJbktzRUp5OU1jUHBSeXBpMzFxZFpCcXJ3dHpDMDVtM2owaUlHaU91dVBXR3JsT1IyWQ?oc=5,Xcel Energy modifies operations at northern Wisconsin hydroelectric facilities as persistent drought reduces water availability&nbsp;&nbsp;Energies Media
2026-08-21,2026-08-20,sector,Xcel Energy,KKCO 11 News,"Colorado regulators approve Xcel Energy rate hike, raising monthly bills for customers - KKCO 11 News",https://news.google.com/rss/articles/CBMivAFBVV95cUxQMzJGNjVCcjJaWW1Dd0hUTHNzQmpadWNLdXowb3BhMUUyQ2JTa2Z2d3VVSk5XNUdHeHNhUzFKTC1NTzlXTmlUaThFb3R6SWlkLURSZ0JLMmJhYVpveFR6dGZma202dVBGZlBNblVVcHZSUkxndGVMOC1IcXJvNGNXMmREWnBZd2tBU3ZDREJ3dTBFTTBhNWxNaDJtWGdHaXZVUTdQdkZNeHhMREJNczJXdjZQc3Fyal82VkRRatIB0AFBVV95cUxPZ1NMNFMtd0VaclJoVWl5NHdFRjJoZ2EyN1hrNmtoUkIza2k3UmJleXJ4YWVyclZmRUJ6YjhreFVXbHlvTUpVM0p4R25UdkRPV2drZEJGWkxTNm1sRUVVUW5YcHZMRWstQVBqNUlpYTdIZkh2eXZDYTM5U1dpYlJsY1E0N25XeHRVOVZSRDdXRlM4NFhOQVR4dF9aLUpjTzJDQ29jUzlkTWY0MWhKTGtZekFJVVVuM1lMa2hpSzRtbkt2cWk3QnJKV0FwczJhOTMx?oc=5,"Colorado regulators approve Xcel Energy rate hike, raising monthly bills for customers&nbsp;&nbsp;KKCO 11 News"
2026-08-21,2026-08-19,sector,Xcel Energy,The Denver Post,Xcel Energy bills to increase estimated $5 a month for Colorado residential customers - The Denver Post,https://news.google.com/rss/articles/CBMiigFBVV95cUxNU0Z6MmhZRm40ZV9WZ2hQNC0xaC1PUW44STJWdHZpcDJxc2tIVlQ0Rjh1MVVzQTFENFhjUEdLa01NckU4WVFIOUNjYXNDOHNEbjFfUTQyMUtDcjlNNDdLZkZWMU5CdnhDLW1zeDF2MmhPdHJNYzFKTFlxaThjLUs3OWdDUTdhSzJYcFE?oc=5,Xcel Energy bills to increase estimated $5 a month for Colorado residential customers&nbsp;&nbsp;The Denver Post
2026-08-21,2026-08-20,sector,Xcel Energy,Heart of the Rockies Radio |,Xcel Energy Rates to go Up - Heart of the Rockies Radio |,https://news.google.com/rss/articles/CBMib0FVX3lxTFBFSXRibF9pNWZ0UXN2WnI2aFJVX2xLaFIzUDJDYXBIcW9SbExqT0tkXy1jQ1N3emNYM1hMLTBheGdMd1Rmd2VkY1VPNHdlbVBKeEZXd2RyVGwzT2xYcWhWMi16aTUydUNkQ05NZ1JwVQ?oc=5,Xcel Energy Rates to go Up&nbsp;&nbsp;Heart of the Rockies Radio |
2026-08-21,2026-08-20,sector,Xcel Energy,Ad-hoc-news.de,Xcel Energy stock holds steady as Colorado approves 4.77% electric rate hike - Ad-hoc-news.de,https://news.google.com/rss/articles/CBMi0gFBVV95cUxOWlp6cVJ1aDVuaEdFOTVHdDdpVGNYdk8wRjNYM01na3FYSTVEOUl4YWgzc0dWZDE3bURoMktvTG41RjRCdFJiTDJmUEwyQ2xGcnM3TldCMmFSb1NEZHAzbUVTaVY5a0NMbDRjMzdueC1HTmN2RzB2WXZfTTN2emZwZVlVd0FDam1LVlY4bG52SlZlaGREeVlKZGRyb2I1bXgtZWx2MXF0bTdidUpKdi12QlZ0eGJVcVJmQlBwLUFTRzB0SXVhU29lcnlXZl9JYWN2VWc?oc=5,Xcel Energy stock holds steady as Colorado approves 4.77% electric rate hike&nbsp;&nbsp;Ad-hoc-news.de
2026-08-21,2026-08-20,sector,Xcel Energy,KKCO 11 News,"Colorado regulators approve Xcel Energy rate hike, raising monthly bills for customers - KKCO 11 News",https://news.google.com/rss/articles/CBMixAFBVV95cUxQdlJrZ0R2RWVTNHIyek5jbnpaNnRlNy1FY1FPSFJDYmJfQkhJMU5aaHNJdndvSHZJb0hvUnVWbkVVNzh2TkJ5T0JRR3lEb0xfZ2JFS29TMFpMUG9fQjdWSFU4MFdBUlVoR0JzVFdZcDF2Q0Q4QmZhU1R3QnlYUnFSZTlaZlpRNWpPSUxPYUdMajZ3VHpSZ1pzbnlNMDJUTlpnUEVTOXQ1QmtXdjVVdjdCalNlN1hQcGdlYVZ1TjF3czN0aUN4?oc=5,"Colorado regulators approve Xcel Energy rate hike, raising monthly bills for customers&nbsp;&nbsp;KKCO 11 News"
2026-08-21,2026-02-27,sector,Xcel Energy,The Colorado Sun,"Xcel posts nearly $1 billion operating profit from Colorado as the utility seeks rate increases for gas, electric customers - The Colorado Sun",https://news.google.com/rss/articles/CBMilAFBVV95cUxNRGNISkxWclJiMnBCd3NuQjJDQ0RaRjg1X25mSTRnRUtHVVJxUUdrTWF3c0JUdGZDR2RqNERIa0pjaW8xR3dxVTNhNExCQk1Ycnl5Q1FaQUk1Z24zRWNPZVRqenhkR3VEeFp5YmFNc2daVEVNcnlXRXVqdHFKQnNPYVFsU3U3cFlSMXlzZEFPQnc4RVdU?oc=5,"Xcel posts nearly $1 billion operating profit from Colorado as the utility seeks rate increases for gas, electric customers&nbsp;&nbsp;The Colorado Sun"
2026-08-21,2026-02-24,sector,Xcel Energy,Business Wire,Xcel Energy to Power New Google Data Center in Minnesota - Business Wire,https://news.google.com/rss/articles/CBMiswFBVV95cUxPLXdaR2dYWVBxWUhBVS1WUGRHQ085bDJ0RU0tdXJjby1FNS1uck1jNUFPVDhRbDdIMEtyU0VWbGktdThURGxGdGMxYzRST2xfVHktYzdpTzk5UjEzNVphbThWaWgyR3ZtanBhVl9mc29kUXJ0OGk4Wms0cFUwSDhlUHNuVThsTFlZT3lRMkhnVG1oUEFxLTlBZ2lUMEJHQVFOYnJBTUVSTDJjZUkyZm05UFk3dw?oc=5,Xcel Energy to Power New Google Data Center in Minnesota&nbsp;&nbsp;Business Wire
2026-08-21,2025-12-05,sector,Xcel Energy,PR Newswire,"Fermi America Executes Electric Service Agreement with Southwestern Public Service Company, a Subsidiary of Xcel Energy, Securing Up to 200 MW of Power - PR Newswire",https://news.google.com/rss/articles/CBMirgJBVV95cUxOU0Z3MzdFVnpVRnl2VTJQVTJuZ3p4OXUyVFhvRjRpUjJwdzdIbVlVZVdINktEY2dfaVlTV1FoZDNPUlo4eDU4dEVna3hhdFFlb2tlMzJORVhUM0dydURUd0U4c3hCOTR2RXcyMGYzMTBDUGlkX0ZJU1VTT0FldWtvZ3l4QXkzUDdiakt0WGswRDJtckNFaW94bnRaNlRGMlBPV3BCc1dpUWVsVzNmWVI4cE1fLVVqd0dvMGVvcll1NDRnbEVVV3RXOWV4dTVtRlhSYlFWWGJ3RE5XdFNpc1RzVHB3YTMzd2NEOWFzdW5VOXdyVzcxdVM4dkJENFJhbnozeEV0UnhNTGlqLVU2WHM0NlZjYUYtRUZKOE5JUEVSTXQ0bk5aQ0tfZTN1eGdEQQ?oc=5,"Fermi America Executes Electric Service Agreement with Southwestern Public Service Company, a Subsidiary of Xcel Energy, Securing Up to 200 MW of Power&nbsp;&nbsp;PR Newswire"
2026-08-21,2026-08-05,sector,Evergy,KXAN Austin,Governor Abbott proposes ending Austin Energy’s ‘monopoly’ as power provider - KXAN Austin,https://news.google.com/rss/articles/CBMiqgFBVV95cUxNeXBuTlR4cVBDWlowcDUwZjBxaUk4RFhMNm1xWnhkZm9UdExxSzJrTmx6b2xXOHpuN3hOMXlVdFA5STZmV2FkUjVVUGZFN3R3ZXNNWUpoXzNVc2NXa1BhUE1FTEMzc3hZRnVDbXZBVVBfTmZuNHNiRFAxRWU3dDlMeVp5UUtWMnY2U1BPcnlLSXdmREdYUVRDVkJkMmhVTGt4NjJkdjB3dE81QdIBrwFBVV95cUxOcm5IdDhiVHBvVFk3ZWlLQ0lrbFUwRDM2enJJWFhmOWxvUW9SVFduTW9hRW9sVGJxMENvTUJPRGFOdl9LU2tIY0FGcTRmN24zWU5ZNmJoSTVNQkZKcHFENjhMLTVlelBtRlZ5RnM3SVFNSVRjRENPcEFmNXQ4cXE0MzE3dVpZWXFMUjc3U3VBZzVydGhHT0M2NzlCVXByR2wzODBIOVJ3Mkx2TndTYm1B?oc=5,Governor Abbott proposes ending Austin Energy’s ‘monopoly’ as power provider&nbsp;&nbsp;KXAN Austin
2026-08-21,2026-08-20,sector,Evergy,Ad-hoc-news.de,Evergy stock holds firm after Q2 earnings beat - Ad-hoc-news.de,https://news.google.com/rss/articles/CBMirgFBVV95cUxQMkI1SWl2ZGlRWTVjd3k0bm5WaGpmME4xWEhReUFmZHJ1UXVUaDVtcHptNVhGZFBYbVJrVG8wZEVmaHBJZFY0U1pGZGxHakNEUGFHelBnUGVYdDVtcVNMNmZRcklldTF0aFktNm55RzdvbXpJWE1KRUV3VHRxUGZLRkpFRlBTRnUwaGJOcWFuV2RrbW1OYzg4bmJoVklmczZMQmZfaldwdUhDTW01REE?oc=5,Evergy stock holds firm after Q2 earnings beat&nbsp;&nbsp;Ad-hoc-news.de
2026-08-21,2026-07-09,sector,Evergy,E&E News by POLITICO,Arizona repeals electric utility efficiency mandate - E&E News by POLITICO,https://news.google.com/rss/articles/CBMijAFBVV95cUxOMVNvQm1QYUJXQVIwQjVKOFdWbWdaRW1XcE5sVnpqMWVBTHVvYVp4ZGlIM043NURrZVdMNDRPYmJzemZTSENYU3h6VUhrVUhWU0pscE5ubEZZaHFUbGNsOVRGblRoQl9RWGxlZ1JnZUVWZ0NJX0xBOVBCbzdodDIyVFo4UlNYd1A4c3lTYg?oc=5,Arizona repeals electric utility efficiency mandate&nbsp;&nbsp;E&amp;E News by POLITICO
2026-08-21,2026-06-10,sector,Evergy,Energy-Storage.News,"Thermal energy storage tech analysis: Rondo, Antora, Malta Inc, MGA, 1414, EnergyNest, Polar Night and Brenmiller - Energy-Storage.News",https://news.google.com/rss/articles/CBMi1gFBVV95cUxQb2g4QVNiOElZcmtyQlJWaEREOW04Zml2a3hzRF9DbjI1TllvdjZibUlPSEJFUDQ2el9aeXhjQm5uTmZOempNbHpJajIwZmRzTktsSmZBNFRFQTREWEw5R01GaWpZTzBnWTRlQjA2bjRqOVBrdlFJc3ZOdzdXaU5LaVhpd1NQWXF1SGswZWpHak9ZZmNMcmd1TnRTTERWYVZHSnhEN3dVdFVaX2dRMjRlZjJfUS1uSjl6THpIdUJXMVBvM3RlZVk2VlE4MGtOQUlDdVRqRWtn?oc=5,"Thermal energy storage tech analysis: Rondo, Antora, Malta Inc, MGA, 1414, EnergyNest, Polar Night and Brenmiller&nbsp;&nbsp;Energy-Storage.News"
2026-08-21,2026-05-15,sector,Evergy,African Development Bank Group,African Development Bank and Government of Rwanda launch $300 million energy sector Results-Based Financing II program co-financed with AIIB to accelerate universal energy access - African Development Bank Group,https://news.google.com/rss/articles/CBMitwJBVV95cUxQcnB0MzFLUHdtaWZiWHZnVjRKVVJxb0xxSHJRNEl5MXlEQWJ0RHZNWXBiLW1QVmpkUUxua01IUUhaOXoyZXpzTG00RlVmMVMxd1lSNDA5bDJPVERKTDRoaHRNanJVTF9qV2lRYVJOYkM3b2RPaG5TaFdxdmJoRkJhR3RhenB2TEtFM3dMME5QbGl5Y045SnFFb2E3a2t6VF95SzkxR1d2ejNMRWd2WTk3aVVXaUdnVW84MUlFZXJ4Mzl2UEw1eGNETUxxaGktV3ZSbDJHc2F5MzNZaGE2YVVlUUlTbkJOam96b0I5czNFWXNwVTBjSGZ2eWJhTTJvampFQ2hOS3FON0pJQ0U4YzRhaDh5U3VnQkhSX3pWTE05NVRqTFNSbFRaWjhvbXlaNEpHaS1CbjF6QQ?oc=5,African Development Bank and Government of Rwanda launch $300 million energy sector Results-Based Financing II program co-financed with AIIB to accelerate universal energy access&nbsp;&nbsp;African Development Bank Group
2026-08-21,2026-01-30,sector,Evergy,Utility Dive,"Customers, don’t expect electric bill relief in 2026: ‘The cake is baked.’ - Utility Dive",https://news.google.com/rss/articles/CBMitAFBVV95cUxOZ3pTN3dzOUdUSEtpVzdqX2NZWXMyM3VfdUdmZVdPM0tpekVMUTVMX3hLZUhfNXdMWGFqdGszXzEtZUlWdWRLbHNDc181djdzSU41TXc0UlR2ZzRsU2haT0xKQmlSNmFISzU4MUhYM01CX3VFb3dmNUxzMVpNemk3d0I3TGlhcUJrbWJGdEVxRk1sOW5wd05FTGRzVV9RaHdtVEY0TzZIallLUnZvQ09XeWdqQTc?oc=5,"Customers, don’t expect electric bill relief in 2026: ‘The cake is baked.’&nbsp;&nbsp;Utility Dive"
2026-08-21,2025-07-09,sector,Evergy,KCUR,Kansas regulators let Evergy hike rates to fund new natural gas and solar plants - KCUR,https://news.google.com/rss/articles/CBMijgFBVV95cUxNcjJxOWZOMVYwNko1dENiWjdUWmEwM0ZrV1pnZ1hqMVFKdmE3cHFySTNqWE5sRTFSekJ6eW5KVEl2cXk2VGk4bE8zUmY2N1dBdTF6VUtKRk9UckJyc3daSVdxczBGa3JxTlZOeXliaGk5TEtpRGE0NE5IQWl1dlA0WERpWnFaUmdiZ1h2RElR?oc=5,Kansas regulators let Evergy hike rates to fund new natural gas and solar plants&nbsp;&nbsp;KCUR
2026-08-21,2025-09-25,sector,Evergy,The Lawrence Times,Kansas utility regulators approve Evergy rate increase - The Lawrence Times,https://news.google.com/rss/articles/CBMieEFVX3lxTE9NWGVSMTA3cEtNZ012alVZNDY4c0ZSeUdRZHU4Vk1Bc09Pc3I5R1RTeDJaVFlZeWcyelc2UE11ZDY5Q0VDbGhMRXZiTE41M0UwSWFWRVhjWkRvSktyR1dzM1B5by1Wb3M5cmFmcE9YR09rYUFzRmdXQw?oc=5,Kansas utility regulators approve Evergy rate increase&nbsp;&nbsp;The Lawrence Times
2026-08-21,2026-05-21,sector,Idaho Power,East Oregonian,OTEC files application with state to buy Idaho Power’s Oregon service territory - East Oregonian,https://news.google.com/rss/articles/CBMiwgFBVV95cUxQc2t2VjRCNHZwMDcwTmwxVnRNdGpZOFZvaXIyeXhnTTM5UHZLbnFMX0JFUi1FOTRTaEhKbnpPODk4TURUYXpEaXZVdUhJY05zQUlZY0d0b2FmTXc3YjFNYnFPYUZfd1lSYWt4a21VeTVNLUVSLVRaanVKUi12V1VWeERma3FlUkN4enlkQ3pCTFBLd25hbW1oNWFycXN2MmhDVFRrV2xZdlMzZl9fRVN5aEVrcXBEOHdjcG5EZHgtU1VoUQ?oc=5,OTEC files application with state to buy Idaho Power’s Oregon service territory&nbsp;&nbsp;East Oregonian
2026-08-21,2026-06-01,sector,Idaho Power,KBOI,"Mountain Home fire: Idaho Power says equipment may have been involved, promises support - KBOI",https://news.google.com/rss/articles/CBMiswFBVV95cUxPUExBZmFWNktENnpYN3o4QXBuMnZIZDA3WjVlZC0xeEdQUWJqTVJMMnZqa1NzMGNDdlBHVlhtOEwyZjZoOVB2Q1l1RUJvZGYzdm90R1JaZVA1emdjbEpqbUhhREtMNTFxLUcxeTktSFdhWllPUEY0V0gxSGJzdDNPVkVHUXczMGdIZlpvTkd3ZFg3Y0JNcWxjbERjQzFwbUpUb1dhREtVa2NBMVRvX2tseGEwWQ?oc=5,"Mountain Home fire: Idaho Power says equipment may have been involved, promises support&nbsp;&nbsp;KBOI"
2026-08-22,2022-06-28,leadership,,The Business Journals,Plymouth Housing names Karen Lee as its next CEO - The Business Journals,https://news.google.com/rss/articles/CBMikgFBVV95cUxNcGZ6bjVva3VOQ0pLYXZvSElkV2lzV1VYQlVUMG1MbjJXYWNyZm1Sc01wb0g4dkF3Qm9hcHFGcWdyT0NCOFQybFVvZDBkeGlQbXVEbU1HQ3JocUxabHM1R3FXMHpQeFBpRFBUVkNfYVdReEdzbDhhTmREQmhEVkdIb29qTUExMEZCdHFIaVAzakMzdw?oc=5,Plymouth Housing names Karen Lee as its next CEO&nbsp;&nbsp;The Business Journals
2026-08-22,2021-03-02,leadership,,The Business Journals,Seattle Foundation CEO will leave for role at health care startup - The Business Journals,https://news.google.com/rss/articles/CBMiqgFBVV95cUxNQ3RUeTFSY0U3cy16M0lOYXhSSW5uYjZmaWltaUVEVV91NVlRODNpb3R2ZVBUa0VVS2xsVEJoeGJzel9BNUlwMzMwb2xBODU1cldBdGJZWU1CY3pTenJ5R3JkYS02cVVjNjdqa2hvSFJZUFRLQjRNWmtlNkk3bWVLOFlfQzQtaDdZLWgxMUZhS04wdXBleURBNjJOZ2dFVWpKMEZkR2o5R0ZOQQ?oc=5,Seattle Foundation CEO will leave for role at health care startup&nbsp;&nbsp;The Business Journals
2026-08-22,2026-08-21,company,,Tacoma News Tribune,"South Sound could see thunderstorms Friday, Saturday - Tacoma News Tribune",https://news.google.com/rss/articles/CBMiekFVX3lxTE9XMnJWd1VmbjBsU3BFZ3ZKQ19Mb2VZY1pPN2YxbzJ2WEJYeXp5UkdNSXJDc3VRcHVwVVNhdFZjdXBiZG4zeUhrSE5SYkNVQ3hEM24wYTA2a21zMVF6VUZETVN3MEYxdHJ6TWpmaWV1ckRuMGp0eVFST1hB0gF6QVVfeXFMTWVtZEUxRTNSeHY4ak42OFRPM2RNc2tlS2RpN1NWUVZaZC1XRDlma0VuWnU4eklmWS1SbU0yS3RoT01xcTg4QktnZGJTd1J4NTlYTkthRWYzaDhQZ1RHdHlPekVlbllmdElYc2ZubWlneTMyZEs4ejlTaUE?oc=5,"South Sound could see thunderstorms Friday, Saturday&nbsp;&nbsp;Tacoma News Tribune"
2026-08-22,2026-07-16,company,,Daily Energy Insider,PSE says clean energy surpassed 50% of power supply in latest compliance report - Daily Energy Insider,https://news.google.com/rss/articles/CBMivgFBVV95cUxQLXM0a3NLd0tEcFViaE0xUDRzUHVZMExlTmtCQVlQaF92NkZZRzJZMnRZV2VXdUhNWXhtZXkyck82eDRldGJNd3IyZVJPR2oycnp1ZzRWQ1lpc0N4UnRYeW1rTE11YldPM0RkRHg4ZEtLd1hiVEVSUlRyUzBzY3JtdXNrQlBtRExlNUI3VjlzdFEzRGd3bXRYdkoyVjB3TFFZVnl4R3lzMWZrWG5ta2pxN01HWTlZMFNjSjNIc1BB?oc=5,PSE says clean energy surpassed 50% of power supply in latest compliance report&nbsp;&nbsp;Daily Energy Insider
2026-08-22,2026-01-25,company,,KOMO,"UTC reverses rule, now requires Climate Commitment Act costs be shown on PSE bills - KOMO",https://news.google.com/rss/articles/CBMinwJBVV95cUxOdjlCbzNWNFBUWjNheVFFanFOUmdQeWxiTWdrTzFIeFJYdDhWNHUwdklDMXBISWJ1NDVJMzU3MTBaemw3Y29OdjJLZ3ZsaFpMcDRpVVBoM0w1aWVRVHRHa2RGV0FSWExqM3dzVmFpY0tPNEt1cThBQVVoaUx2YkJCdkdQMGJDWUwwVm02SXZOSWYyZHFZRk1aM29NcXI3OVJmcjZLd0ZrUWo0c0NnemwxazdEcldNQzh2QTMxcUhzQk81WFNyNFkyRi1zQjZXRnRnRmoyd2VWNmRtQjZaUUJiQUxiV0NTRTBmT0lqV3pWN3kzMzAzb01YNkJVRTAySVp0SDVXQUlCcldWX252QmFBeWZXMVhGN3U2X1pmdmFZcw?oc=5,"UTC reverses rule, now requires Climate Commitment Act costs be shown on PSE bills&nbsp;&nbsp;KOMO"
2026-08-22,2025-10-25,company,,KOMO,"PSE crews tackle power outage in Sedro Woolley and Burlington after crash, storm - KOMO",https://news.google.com/rss/articles/CBMirAFBVV95cUxOcFZTVF9qaG0wMlRZSEZmRURfdENTNzFWd0otN2JBN3pfRTFDc01yaUZHZFRZcWEzekp3TGtoRmxLNDl4RGdDU1JBSlZDZ0lxaXR0T1dESm1aVWhNV0NKeUU5Y2NKaTZxQWFWU2ZNNzBsYWpYNWpIV09GVXZjUE5YM2FmMU9qcDFFM3hBRXdsVk9KWWVoVUtrSlZHOWhZUEcwcENaSjFoZWRrRGll?oc=5,"PSE crews tackle power outage in Sedro Woolley and Burlington after crash, storm&nbsp;&nbsp;KOMO"
2026-08-22,2026-07-23,company,,Earthjustice,Washington’s Largest Utility Can Help Meet Washington’s Clean Energy Goals - Earthjustice,https://news.google.com/rss/articles/CBMiuAFBVV95cUxQcXpkQWhud0wybFNCT2ZJVXZQMThsSHpjWERTR1hfYXNfRWFCdGxxRGd0ZzVsZTh0bUVWdXoxQmRLbmlxb2RiNU05emtGVFlQemptRjVqLTlkS2dIemhqcjFxTmd6REZocTB6LXRRTkZMaVlsRGJwZGpYZmZaSkJ1YmNKSkVsTlZBaEVJT0E2YlRPWVo3QTkyZHZFVFNiS1Nrc0JIQVB3V0RoSzVvNV9Ed0RaR0gyRk1D?oc=5,Washington’s Largest Utility Can Help Meet Washington’s Clean Energy Goals&nbsp;&nbsp;Earthjustice
2026-08-22,2026-07-26,sector,PacifiCorp,Atlanta News First,Pacific Power requests rate increase; Utility Commission invites feedback - Atlanta News First,https://news.google.com/rss/articles/CBMiwAFBVV95cUxPZUlQWHUwdVFxTXlQbjNIT0pUZjdIOG5TbzBjVGlBLVk1cG5QSC1ZbXRrMlJqZ2hnU210cV9meGdQYVJqYndNWC1ObDJBdW84VjByYm9icnl6WHEyeUNKSzNMUDJpMHZmLUdkTWlpOTczeEswaVRLXzF2bjdwcGRacTEwU3VvSTBHQkF1LUpDbVhjSnFCYmNmc1ZJZlROSko3emdYRDBXMlB5RWFZMUVXV193d2kwUzV0N2ZKVHNKSnQ?oc=5,Pacific Power requests rate increase; Utility Commission invites feedback&nbsp;&nbsp;Atlanta News First
2026-08-22,2026-07-26,sector,PacifiCorp,WTVA,Pacific Power requests rate increase; Utility Commission invites feedback - WTVA,https://news.google.com/rss/articles/CBMisAFBVV95cUxNX1QyRE1zazc0b1J3bnFKZWtNVEFCbzRUSTNRYkU1T0s1SllMTWlxNE1yQjItOU1PenBpLUFSeEJUX3FrOGE1WUZoMkd0bFh0aXRTOWpYTUtEaXRkbWF4Mm9HQ1VoQXYxcHJsOVBFUV9zdEViSzV3d2l2a1ZNcWRwRnV5XzZOVURSZnNUaS1LcnhhRXJNN096T2RJNWhqRUgwek44MHRoSVFDNHRwajVtMg?oc=5,Pacific Power requests rate increase; Utility Commission invites feedback&nbsp;&nbsp;WTVA
2026-08-22,2026-04-01,sector,PacifiCorp,newportnewstimes.com,"Pacific Power, PGE raise residential electricity rates again for Oregon customers - newportnewstimes.com",https://news.google.com/rss/articles/CBMigwJBVV95cUxQam1PRURHa18yenVYNXZJTThWZ05XdFc4V3p2U2d4bHRzUDE5TlVJaEs1SVZibUtwLUVtVWR1Wms0R3hVT2Y1QjNRV0hNanJTTi1nREttSUVQV0pxMXp6NUdaTzZ4UjgyelJycWFvMmtsZzFaWDJNOXdhb3I0ZnBBb0N1dGstbmJiVF85SXhDSlc0QUtieTBnTzJWWUJaS1dLYXpmajZUQnZkY2FjckZNR1VkQ2xpS0FSRHg1OW12Z2VqYTI3Vmg4NDVKTUtkSWZYV0ZHbll1dTNGNVdOVUJOcFBpUGFJN0VXZU9MMjNaZEZLcjRLaUpDOEtGMDMyUTd3UERF?oc=5,"Pacific Power, PGE raise residential electricity rates again for Oregon customers&nbsp;&nbsp;newportnewstimes.com"
2026-08-22,2026-04-08,sector,PacifiCorp,KATU,Oregon appellate ruling in PacifiCorp case could jeopardize $1B in wildfire victim damages - KATU,https://news.google.com/rss/articles/CBMisAJBVV95cUxPQ0lZUk9vdWtad2JJZkRpX2xETmc1TlBFQ1h4TmZfaEs2YXlvX1NmNk15YVpqSS1aYzFvZUdacDB0NC1oMU1zakdqYzRGX1RDN3pWR3pWYTlvaHFGU2lYWmhMYU0xSEZnTXVBeU5yZml5eUNCRHdfRmlxS2JkWjZWb1o2VnBieDE3ajZlYlpJZ0ZvX21fSDI1a0I1RV9ROTVrcnB0TjZLbjNaOXZvd0hPTUplRzdNV1k3WFhCT3RWTGdVNzhHSTZhbkdSM25yQk1wU2VTdmFBcHBSb1BBUmFsanNNaWZWV1p3UWxWQmVudkdnenMtRzZZRXprUHc0LVVhQ1lKbmEzQ0p5ZENJUjhrc2tOVVVmNmQ3WkVQUUFfa1NodEZBWFZxS29Fc2QxUF9t?oc=5,Oregon appellate ruling in PacifiCorp case could jeopardize $1B in wildfire victim damages&nbsp;&nbsp;KATU
2026-08-22,2026-05-27,sector,PacifiCorp,KCBY,Temporary PacifiCorp rate hike request denied in Oregon as March decision nears - KCBY,https://news.google.com/rss/articles/CBMiqwFBVV95cUxQSmRmUF9CdzlsR3BoN1pMVW55TFZ0Y3M2VklPRnpGV1hLSzBLbF9UM0MwTDI5cmZrN0VSOVkyeVpRSTg5N0k1N0NhNjY1ejRONEhicC02RUlpdHkzQ21tQ2RJYXE2LXhjNFB1Qk5YMzBjeUZDZXE3RXRZWjBUNS1TbnZWQmR1V3RybTlmRnY3dTZ5MkRJbU1zM0tHWG40ai1yaWlFNUViUkdjeWM?oc=5,Temporary PacifiCorp rate hike request denied in Oregon as March decision nears&nbsp;&nbsp;KCBY
2026-08-22,2026-08-21,sector,Portland General,Investing.com Nigeria,Wells Fargo upgrades Portland General Electric stock rating on holding company benefits - Investing.com Nigeria,https://news.google.com/rss/articles/CBMi4gFBVV95cUxNb19Zdkg5SnItQm5pVlA2cjVHYkM3RVMwUmFQcGZrRlkxbE84cXZSN0lod3huRWZsdEkxc2tBNURVdnlCNUNmN09ua3Y4V3ctSmx2MTVDNUFPMDV0S0RJODBCajVQb2JKNVlnNDVoemFSa2tXUFg2Y1NLTXBRSEQzTFB2aHM1WlRiUl80bEFaRlU2YnlMMm83Uk9VNERTalJfZEpEWUthQTJlSERHQkhoZ1pvM1RqSWZ2dkpVODJ6bmF6VXQta0wzWEtaSUlRa3hRQTFWZTYwcThvT0UwN1ZDX1JR?oc=5,Wells Fargo upgrades Portland General Electric stock rating on holding company benefits&nbsp;&nbsp;Investing.com Nigeria
2026-08-22,2026-07-31,sector,Portland General,KPTV,PGE asks Oregon regulators for another 3.9% rate increase for residential customers - KPTV,https://news.google.com/rss/articles/CBMisgFBVV95cUxPTXZpeTREdHdTNW1kS3M3cVdRU1RVa1NKdDNmcWFDTDZkV3ZaX3JOUi1TbmxOOEZNX0s0RGtvQldvUmkzMklHbU44Z05JZ3VrOTF3T1hkSVoyeF9MTXotV2F0NklIX0ZpcWhqTjlwRkh0a0RtRURYVWRKdDVaa0J4TDhxcld0OExXeWtQM0poUVNuV3M4TEpCZWdZSmZvaDl1aml3MXV5dU5kZEtQTEQyWDBB?oc=5,PGE asks Oregon regulators for another 3.9% rate increase for residential customers&nbsp;&nbsp;KPTV
2026-08-22,2026-07-31,sector,Portland General,KGW,PGE to propose another rate increase - KGW,https://news.google.com/rss/articles/CBMitwFBVV95cUxQbVVtTFFJWTNtelFBQnIzRnh6NU9SQXNKZm8tcW1wNldwSmxCVXRvNzBwaE4zQW5FaVpIczFhcU1GM1BxV05rMFZwcHhWZFZsWUUtNjlpQTQ2WUVuclIzYi0wa2hHeWFZM3pLVktLX2ctUHRTa0VYOVlaclFqWG43MnJjcTdJT3VYUXNManNhcWQ4NmtvVlhmRTFUX1o1T2tteDdMTmw2MnFwMWJxdFRfOUFjMVRUUlk?oc=5,PGE to propose another rate increase&nbsp;&nbsp;KGW
2026-08-22,2026-03-24,sector,Portland General,TradingView,Portland General Electric Announces $1.03 Billion Credit Facilities for Capex and PacifiCorp Acquisition - TradingView,https://news.google.com/rss/articles/CBMi-AFBVV95cUxORHJVSmotMVFPODV4QWcyV0R6TTFqb1ZLY1VDbmZSaVdRa0lQcW9wNmVwbDczcUJtVUVBQnhfd05seW5uenZuMnUzV0JsWWV0Q2J1a3MtcEhlbTVJMGt6b0w3dnMzRnBUQTQtRWJydXdCaHJ1TTU0ZGxEZjBrQlRyVzJlWDl0aVBGRThQdG40ZXA5UVFTOTBVd2lEMWN4UDREa1pzVTFTQ09hd1lkc2VrUFp4eDZWaHFFUjR5SVcydTJEVUMtTVU0Nm9ONG8wRmtZRWVnMzN4WGhJMVc5TG9pM0o3Um1Sdzlmb0hUdGR0bVU2NnZkWG9HWg?oc=5,Portland General Electric Announces $1.03 Billion Credit Facilities for Capex and PacifiCorp Acquisition&nbsp;&nbsp;TradingView
2026-08-22,2026-02-19,sector,Portland General,The Business Journals,"Larry Bekkedahl, top PGE grid strategist and longtime PNW utility exec, is retiring - The Business Journals",https://news.google.com/rss/articles/CBMilgFBVV95cUxQOE9CaXVncHRMM3Z3dVNrS2xOTEVlX0RUamRWNGJtQTBJQjJiV0gzaHRQQVhmQ3R3NDF3bGtrWkROSHNXR0EyeDgwVFlDcklxaXBYT3hfZVhCaDlqSUhRRHd4cUoyaE1RQUs2UXhQRXJ6Z2RfXzJFZnlIMXRwNHlBamdtZy0xckx0NExXdG9GMWRDM2praUE?oc=5,"Larry Bekkedahl, top PGE grid strategist and longtime PNW utility exec, is retiring&nbsp;&nbsp;The Business Journals"
2026-08-22,2026-01-03,sector,Portland General,simplywall.st,"With A Return On Equity Of 7.7%, Has Portland General Electric Company's (NYSE:POR) Management Done Well? - simplywall.st",https://news.google.com/rss/articles/CBMi2AFBVV95cUxPcHBDR21raFljQlZXbjZTbE9CNWVnTFA1T0lGejluV04wYmdTUzRWTlhCQ1QxdEdDWkt1TmNBbWw1SVNoVTdEV3ZyTnNtbExpdkliNHhGNEtrTzNUeEtYNXlqZ3htTHRQMnpIU3hQRHI5NU0wZjZzVHM4aEM5RlRqbzNiT3ZQOE02dUx6LTJUakU1dE5CaTZJSmF0OFNxcnFCdkVzNjNYRXB1NE1RaVR0MjdIV0FRNS12c21lOGJ6bjE3YWh3M0IzZFNreGVYeXZXTHozcm1BNnHSAd4BQVVfeXFMTWZMb3ZSb1dqcVBHV2FJXzhWTUFxb3VWNnU2Ty1pU3BoN0FSbmZLR2VmbGNlQlVfSzNzNXhpR1BtUmRSWVZ2WDhHTlJYSHBsVEg5dUNXSWpyN0JBaTZ0ZnZVa3pZWlFLWXNLNm8wWXNPTk1oLTRlM1JlZ3lSQ21HWHFJZHlveXhKbkpMVmdKeVNrZ0JWMGNMdzFFdjJzbUxFem9WRHhkYlVXWGVaUGwwUjk3dFZrTDBsS3VGc3NCcnozckNOdElyNmdxWHdBYzJ2TnFxLWxXNnpEdXk1WlRB?oc=5,"With A Return On Equity Of 7.7%, Has Portland General Electric Company's (NYSE:POR) Management Done Well?&nbsp;&nbsp;simplywall.st"
2026-08-22,2026-05-01,sector,Portland General,GuruFocus,Portland General Electric Co (POR) Q1 2026 Earnings Call Highlig - GuruFocus,https://news.google.com/rss/articles/CBMihwJBVV95cUxNcXBCMVFkeXRKVXNkMVhsMkdrS285b3dWUW5tc0JiTUtZSlp5WVczRjAtNm5pa3lHdjNGNzU4MlYxb0xBMUtwcVBtdEpOM0lHcTk2UzNSYXNGQ1pDcFhnbERPRll1M2NrTjZYZWV0djJoN2VMWTB2QzJBQUU3OVUtM2VHUm5aSUczaTR5X0Y1aTVHdmpCanBQcXVCSmk4RzhnRVhkV185WWxmdW4walF0TWhwZ1hCQmpYUEt0dmM5N2RoX3FGVjQ5Vll1aFI0RVN2WnlHb0ZqQllNNFRJV0lDSDNtRXNocXc1amdjMVRLM2w0emdnU2Nsc0FQbTMyY29adE1uSHdpNA?oc=5,Portland General Electric Co (POR) Q1 2026 Earnings Call Highlig&nbsp;&nbsp;GuruFocus
2026-08-22,2026-08-19,sector,NV Energy,KRXI,"NV Energy seeks rate changes for Northern Nevada; electric bills may drop, gas may rise - KRXI",https://news.google.com/rss/articles/CBMitwFBVV95cUxOSmdCcExMVk5wYW9kVXhVb0dUMXFVLThCS1pFaDdLM25yYUdISkJ1ZzVlWUQ4UXRqSUkzbDdZbGRpd3ZwLXRqSmw1TFI2U0hoUnYwZEVUUy01RWIyZjIwc0FrRmp5UzQxMktRaS1FbWF5YUxFcmtnTW15UmFNVlR1NnJkT3FBQ0FDUXp1ck84R181VndSamg2V2ROS3FpcWk0aUlzUXU1S1JZZHBEeUxaU3lkOUxwckk?oc=5,"NV Energy seeks rate changes for Northern Nevada; electric bills may drop, gas may rise&nbsp;&nbsp;KRXI"
2026-08-22,2026-03-11,sector,NV Energy,KSNV,NV Energy asks regulators to delay daily demand charge until October - KSNV,https://news.google.com/rss/articles/CBMioAFBVV95cUxPbUpCalN1ajJEMmx2aDlsRGM0YW5NN2FQbUFtRVl1c1NyME5idnZkejBOWTI4d0dVTTB4a3JLWllIb1JUN1VtdkFIT05LbWFHNFh5QTMyMkcyd2k5ZEx1ZklyMTdXSHNrUXlnRExRZl9xVXgzR1BDZTBWSTh4S0UxQjczV0ZzQ1h1azRERjRoWnVlOVRsODZKdXFxZlZLelNz?oc=5,NV Energy asks regulators to delay daily demand charge until October&nbsp;&nbsp;KSNV
2026-08-22,2026-02-24,sector,NV Energy,KRXI2,Nevadans to get $63M in refunds after regulators approve NV Energy overcharges settlement - KRXI2,https://news.google.com/rss/articles/CBMiuwFBVV95cUxQN1VvcXN3dDk0TTVZTHVqa0tSb1RXeC11ckJlM2RHSHlES1BCZk9fbVZJNmpoSXlieVRUN3ZsWENyV01adUJTeHp4SUNvbktldXVvYVpWVzZ6TzJBeGU3Ynd1aXVkRno5dEp5ZFhKNm5nQlEwWXhDZEJtanVUaDZMT3pMYjRRNmp4QXBZQ3NzTXdEbmZmdi16WEIzTGN3WURxZy1HamtwVS1SRGFjd0c3c0VVeUhCcmFodFBZ?oc=5,Nevadans to get $63M in refunds after regulators approve NV Energy overcharges settlement&nbsp;&nbsp;KRXI2
2026-08-22,2026-01-21,sector,NV Energy,KRXI2,"NV Energy CEO apologizes for overcharges, promises $63M in refunds in exclusive interview - KRXI2",https://news.google.com/rss/articles/CBMiugFBVV95cUxPMmRYSktzUmFOYTRiRzQxbVNPc1Z1RnpxVnFmbHdiVVFIVEZJdE9qOWpGOWxSN1dGbnZuTFBPVVBuNnk2Yl9MSjg4a0VjTzRZYTlTeVREQl92RXp2SkhNZzgzbG1fc0JRaUNkcXZ5QTRRSEJxanBTSjdrZVJGMEttakNhYnRuMEl5WnZNNXM5bFBZRG5MWmJZV2V0Si1JYk9BSmV0a195VXo5b2txQjlXV0MtTGJpc2w5N2c?oc=5,"NV Energy CEO apologizes for overcharges, promises $63M in refunds in exclusive interview&nbsp;&nbsp;KRXI2"
2026-08-22,2025-09-22,sector,NV Energy,E&E News by POLITICO,Nevada utility faces pushback for rate design change - E&E News by POLITICO,https://news.google.com/rss/articles/CBMijgFBVV95cUxOWG9NNVJ4dEx2bzZQX1BHSkNva0FkVHk4d2duRVlKVDl3a3laMThZWktUZmtnYkJ1OEFaejNrOXVIMDh0Z2JvT29TOXl2by1xYnBvOFlEUXA3UkVfRVJYRUtqam1ORlNEVS1jN25jUWdRSjcwNlBrYU1DZkhXR1RHMS0tNHdZUGwtSmNlRXF3?oc=5,Nevada utility faces pushback for rate design change&nbsp;&nbsp;E&amp;E News by POLITICO
2026-08-22,2025-05-20,sector,NV Energy,KRXI2,NV Energy CEO steps down amid investigation into overcharging customers - KRXI2,https://news.google.com/rss/articles/CBMipAFBVV95cUxPa2FyTVJNUy1YVk43OHd5V2hPeHFId3Q5T2lNMUF4cVcwamlYY052WXlZUmlJWG11ZE9DTERISm8zUUJxT3M1MEpUVHJ3SnBmb2VDUWhMWnhVZzl2dHE5dGNUT29HUW9BanoxcnlsZ1BiaEJWSUtaNXJtYzZVWEVCNV90ZXdRNWREbkNmd0NWeDlrOTNZZHFOYVhzXzFoYTVwWVliTg?oc=5,NV Energy CEO steps down amid investigation into overcharging customers&nbsp;&nbsp;KRXI2
2026-08-22,2025-06-11,sector,NV Energy,KSNV,Governor signs legislation to lower utility bills for renters using solar energy - KSNV,https://news.google.com/rss/articles/CBMisAFBVV95cUxNYXlIVkhHTE1CaHFrbXo0bWlLbk5aQ1BBNDJXb1g0bWpYVFBKd2FOWlRLeS1FNGVMaFp4MkNwSHBMZlNuM0xsVnpNNThpYzJzdGtfMV9ESFhvZkxiaEYtOWEzX1h6bjRLNVh6eEZBRjNpaXFKUmxrd3VfMnFqdkdaYzJvRU5WdlZsS2plZ01KUGxURzlNM1V5RGhwMmM4X1E5aXlVTzhjT0pONjlsUTgzRQ?oc=5,Governor signs legislation to lower utility bills for renters using solar energy&nbsp;&nbsp;KSNV
2026-08-22,2024-11-21,sector,NV Energy,KSNV,NV Energy warns customers of holiday season scams - KSNV,https://news.google.com/rss/articles/CBMihwFBVV95cUxNQTF6OFF5Ync0SmV5bERJWXZjcXNIcThJMlVrVHVJZjZPc0VBNk56R2JJWUFCS3ZDSWQ2alo4TjlmNlYxRkRWb3NFd1Rkbkd4T1JoZzVHN2poNGU5bnpZMERGbVhzYml5bm8zeDBNdkotNDZFcXNBU014MEdBTFFLcmVkVGg4ajA?oc=5,NV Energy warns customers of holiday season scams&nbsp;&nbsp;KSNV
2026-08-22,2026-02-10,sector,Arizona Public Service,The Prescott Times Media,"At 75, She’s Going Back to Work as APS Seeks Another Rate Hike - The Prescott Times Media",https://news.google.com/rss/articles/CBMi3gFBVV95cUxOTVZGODFhTmRhR0pHMjUxQmxYQ3N4SDloMHdLSXVoT0tDQUZtU2ZISTRMcklPS3JVRWVHcWFFVkJNRTFkd2hUd3FaLURTb2hzQTZGNk1rWTdlbnlKVmhEN3BlS29vcUlTLXhwZ0dkd182Qnoza1ZWTmx6b0VrVXQ1SmRtR1Y2VzU3NWVRQWU2WjlicWRySEhMazJmbl9WbTBJZjlQbFRPclpQVWxqek4yeDNwR2hnZG8weDY5bGR3dVNsSzhzYU5xbWhFa3RYcTZlWVM0RkpIM2NPZlh2T0E?oc=5,"At 75, She’s Going Back to Work as APS Seeks Another Rate Hike&nbsp;&nbsp;The Prescott Times Media"
2026-08-22,2026-04-15,sector,Arizona Public Service,Las Vegas Review-Journal,Arizona utility won’t cut off power for nonpayment when it’s 95 degrees - Las Vegas Review-Journal,https://news.google.com/rss/articles/CBMiygFBVV95cUxPMTBweTlBZ0x5aDdPSjlfRC1yRG1ROXhtYUZMUkpKOW5OcllOUmRQQjVCSHlzaDNpRnU3OXhnZTVZN1dfMDNuTDEyT2dWTE5Pc01HSkJ4QnExR2tUNzNlUVRtdGRhVjdHWFAzWnlXSGVjLXVUMzgwV2NVdmZhQkg2TkNlQ1dyNWxtWWhUQ2NPRWZXbWtLeFlCTmpEZlY5Z1VYQmFjeVhPWkgyMlZtTlJPUzhEcjVnMFlXWGpLWkNLaXJaUHVXeWNOLTNR?oc=5,Arizona utility won’t cut off power for nonpayment when it’s 95 degrees&nbsp;&nbsp;Las Vegas Review-Journal
2026-08-22,2026-08-21,sector,Xcel Energy,Quiver Quantitative,Xcel Energy Slides as Higher Yields Pressure Utilities and Colorado Rate Decision Draws Scrutiny - Quiver Quantitative,https://news.google.com/rss/articles/CBMiyAFBVV95cUxObkZwTllIN0NJTnRIU1lWclJoNjJXclJSdzIwZXQ2bFpWSXJFSDc1WWdPYkdiZ0FPOF9PTDRacjRYckstSFczQlhEOTFkQTNmZVVHMVVSd1dLZF9STlZrVzhQOXlhenhIWWt3YkVSZldNMmpDaVpfMjB5S1FaZDlBQmg1b0dlYUtVWHktbl9ySF8zcXVndlNZNVNYaEs3ZGtyWS1UeURmVURWekwzSno2ZGdGdUlWUGJ2UGR1Z2tsSENYajlhWHo0LQ?oc=5,Xcel Energy Slides as Higher Yields Pressure Utilities and Colorado Rate Decision Draws Scrutiny&nbsp;&nbsp;Quiver Quantitative
2026-08-22,2025-11-24,sector,Xcel Energy,The Colorado Sun,Xcel Energy asks for $356M rate increase that will boost Colorado residential customers’ bills by about $10 - The Colorado Sun,https://news.google.com/rss/articles/CBMilgFBVV95cUxNY0RrcFgwc3Fzb3A4dUtSZDdNb1huSnJRYTZ1U1VPeUs4eFpweEZUeHR2Nm8zNVh1V2Y5UGwzckl2d0ZWMVhISk1qTTM4cVNfWDhhODRwdThfdDM1dTZGMEF3YWdZUXEwWkdpRUNSMjk1OXhfZHd0eDVvM0ZWekhBTS0tbW8zMkNfd2txcGkwM1RhSVNFbkE?oc=5,Xcel Energy asks for $356M rate increase that will boost Colorado residential customers’ bills by about $10&nbsp;&nbsp;The Colorado Sun
2026-08-22,2026-08-22,sector,Evergy,Ad-hoc-news.de,Evergy stock holds after a $0.88 EPS beat - Ad-hoc-news.de,https://news.google.com/rss/articles/CBMipgFBVV95cUxNYU9RbjVaQlhGX3lETGhkc2oxbXp4UXNuUWpSdTYxUjFmN0RGNmNCWmFtRHRsamVSOW9FWkNEbE5JZE9Hak1VRnFvQ091YmtaanRMUkVmaDM3Qk53YmMweUVmcmoxN2ViV3Izc3JlMjhadnJrNTdPMkFjMDY1VnppeU5fS2hud1J1VVpybUFjdHNnVmZpSzdGV3QzRnZBMS1RM1RIcDhn?oc=5,Evergy stock holds after a $0.88 EPS beat&nbsp;&nbsp;Ad-hoc-news.de
2026-08-22,2026-07-18,sector,Evergy,828 News Now,NC attorney general fights Duke Energy Progress rate hike - 828 News Now,https://news.google.com/rss/articles/CBMimAFBVV95cUxQVmFwVUFTUk9WdHlCMTFsOFdZTWt0NXFXVUZWNF9CNGpvNlJVbDZlb2hPcFJQei0tOW40WWZ1YnA2RjgtTGp5QlVKYVcyV2NvaXN0eVlHclJSRkVLamxJNGdLWjctS1gxcWdkRjRDeDlHYzNmM2pZNEdLOGZ5VU9UUnlxN2dic05mN0x3TDJwTFF0MXRrem9VVQ?oc=5,NC attorney general fights Duke Energy Progress rate hike&nbsp;&nbsp;828 News Now
2026-08-22,2025-11-13,sector,Evergy,Utility Dive,Electricity prices to continue rise in 2026: EIA - Utility Dive,https://news.google.com/rss/articles/CBMingFBVV95cUxPSS1sT043OFpoWXlOS29tSktZb1ZkNGo2a3otOENNSHJaNmlTWW5EekFBcko1OG1ibHRhdVd4QzkwTEZBdHU4cmpwSVpCU20xR3ktVnZZUzVlQUR0eVNoajRaZld6NElWM215clBhaWhzbE0yVlFteUdHV05ILVY3amhPMVFLdDNadTFMZG9OTHZzUEYxcFJOSHU1MWMxUQ?oc=5,Electricity prices to continue rise in 2026: EIA&nbsp;&nbsp;Utility Dive
2026-08-22,2026-08-21,sector,Idaho Power,Idaho Statesman,Idaho Power seeks to sell Oregon service. What would it mean for customers? - Idaho Statesman,https://news.google.com/rss/articles/CBMidEFVX3lxTE5SdzAtcnlRVUZiZXpPREg3ZjRqSnZzeXNEc3RNZS1hS29wR015SzNpYU5idnZaZkdDUVY5ejZNZnpUQVFtdkpQTVBjMGdEaENxQVp2NmxQODdyM3FZbnZSVTBzM1h1aGhGZTY0ZFV2WGx3Q2Js0gF0QVVfeXFMTzRsRFI1c3BtTzh5T2JDY2owdWtWQWYtVHpoOEVteXBLZlBvRG02cno1MXFlY1NYS1dvUU9XSlBnRW1fNEh0ZDczdzMtMllfQWVtNjZCaHFrM0Eyc3pRZ25YMmNhMVlGRWRXNmxyaUZKX3B6eHI?oc=5,Idaho Power seeks to sell Oregon service. What would it mean for customers?&nbsp;&nbsp;Idaho Statesman
2026-08-22,2026-08-21,sector,Idaho Power,Eastern Progress,Idaho Power to sell its Oregon service territory for $154 million to Eastern Oregon utility - Eastern Progress,https://news.google.com/rss/articles/CBMiggJBVV95cUxPMEdvblNsLXZvdmdxdmE2bF8tRzdVWFpVOVo0WHVMQ0k3ckNydl9iamZIMG0zMGRyajI5N0RtQkN3RmE4ZEtjd0lmVWVPanJHaFhzWGd6MzlfZG1ob3VrT09nUEZaMHFiRG1LSDBLdExHR2dVWnlKYnlrSk9NVjVOQVk4UVA1WC11UEdwaEFEaFZQbEtHaWdGVHJDTXNyYkRBdnJjcVdSZUtFTFFBOW5GQXZNRFRBbGtvYXVlUUhNeENSRUM0M3VabXp6MEZ4Vm11WkFZR1E4RW1xVzlLNFZXMGRwUUMxNEdNcFprZmpRUS0wS0ZoUlBjUGhaTTgxSDJsN0E?oc=5,Idaho Power to sell its Oregon service territory for $154 million to Eastern Oregon utility&nbsp;&nbsp;Eastern Progress
2026-08-22,2026-08-18,sector,Idaho Power,Daily Energy Insider,Idaho Power seeking approval from Idaho PUC to sell Oregon service territory - Daily Energy Insider,https://news.google.com/rss/articles/CBMiuwFBVV95cUxOT2RwODh4VTRDVUdDbkNvZ1RQTjBNSDNCV3ZuV2tqeldRQW04NzI2cGJSaFZMUmQtakNKdlEyaW0tdFVtREdnLVR5c1BJQVVTVEpHVGJmeFZxZjJsS0psTm9yT2tlQmVYUzJYYjZiNHh5eWNmX25sRUY4aFBMYU5ObzNTUHhUc09XM1RFd003ZVoyYXpaTHE1aWpYUlF3SmxDeXE2NDhkUmJQU3AtbmotTjN1YXdfZkpJRjRN?oc=5,Idaho Power seeking approval from Idaho PUC to sell Oregon service territory&nbsp;&nbsp;Daily Energy Insider
2026-08-22,2026-04-15,sector,Idaho Power,KBOI,"Idaho Power seeks IPUC approval for rate hike, raising bills about $3.64 a month - KBOI",https://news.google.com/rss/articles/CBMirwFBVV95cUxOd3ZTWXV4S3hDTUQxMUt6UEQ0eGhySTNzZUlKRzJva3FRaVhZZ1FCYzJHUTFIOVJTVUF1WTZrS05vQjg4SUxtcFFPTG5kS2hJY2xCRlVsdlhCUjItZktSaTJaem9KRk9FSFRtblAwTURHRFdLRHZic0RHbEw5MlZwaFNieC14Qm01VldHMHI2T1liOVFtLXJpVVdHNWVPSGppcGR6c0tEbDlLWUliMmFB?oc=5,"Idaho Power seeks IPUC approval for rate hike, raising bills about $3.64 a month&nbsp;&nbsp;KBOI"
2026-08-22,2026-02-19,sector,Idaho Power,KBOI,Idaho Power to sell Oregon service area to Oregon Trail Electric for $154 million - KBOI,https://news.google.com/rss/articles/CBMiswFBVV95cUxQUjdGUkVVdks2LTh2M2xmY3MwanktX2twRmMtVWk3c3pxN3JLYTZvNGRLY2tCQUNiQW1EY25OQW01NnltTXlGRzhYNUZsa0wzYVRqa2dzQ0lLQU9TZG91bF9BRVZaTXdzemRGMFpGYkFYWVlCOWpGZnRva212QlBXZjEyajJMNXA0R2pqUXA2VHBUV0VnX1E0bWxwcWJXTnljNVhoalZaY3ctbi0xUTRzTVJoQQ?oc=5,Idaho Power to sell Oregon service area to Oregon Trail Electric for $154 million&nbsp;&nbsp;KBOI
2026-08-22,2025-12-17,sector,Idaho Power,KBOI,Thousands face power outages in Idaho - KBOI,https://news.google.com/rss/articles/CBMiekFVX3lxTE9GdmZIOUswdEZFWkxOYkhtUEdlTVRyT0FnNWZ6Slp5aVRha09zVU1pQ3d5bFlxUzF4SUg1b0VxR0Q0b2lTZXQ4VFJZNHlsYW5ZS2o5V2RVTkl0TE5TR2w3SUhQc09nSGFIWnh2YW1yLWRaQXdiai1ha1J3?oc=5,Thousands face power outages in Idaho&nbsp;&nbsp;KBOI
2026-08-22,2023-11-20,sector,Idaho Power,Idaho Statesman,Idaho Power expects to raise home electricity rates. See how much more you may pay - Idaho Statesman,https://news.google.com/rss/articles/CBMidEFVX3lxTE1RV0tiRTh6bU9oY3A0bVk1UUlwYnBsSndvTFpuYllDRm1KZWhrcVB0R0NKSDV6eFl2M1h1UDloQnNHMkt3R0VrT1RtX2ZUckFxZXd1WjlYNEhwZFRfSHJYem51dHlKWGUyVUlRQjk2NHRHYUgw0gF0QVVfeXFMT1RTWTNqNjVpdUdKcDR2RW93N21jU3pGZW5zY081RXUyaXBTbzBJcm1WckdfNU1KS0Q1UmZNb2ZVdm1CUm1XOEtaZEt1NzBkYXlXdDA1UV95SzZoSm1fQllRbmVSa2dCcGg3UWNvVk9ZRDVNaFQ?oc=5,Idaho Power expects to raise home electricity rates. See how much more you may pay&nbsp;&nbsp;Idaho Statesman
2026-08-22,2022-11-05,sector,Idaho Power,KTVB,Idahoans testify against Idaho Power solar study - KTVB,https://news.google.com/rss/articles/CBMi_gFBVV95cUxQVHo4ZUhXT2N4LUpFeklDUThoV2k4aDRuYjBuMGtmRmxVT1hRS3dBNWl4NGY1S1EtbG5DcGdySzJTN0M2SjlJLTJGMnBTYVBBVU4yWXJWTWh4al9iMVZ0bTlNeEhFMW5CSExjdVc1TlhFRDc4SkpYT3ROUHhKWlA3bTZwM3l4Sk5IUmEwNmtFYlY2N3hhbUQ4c0lTa05pQVVybUhTOTFOMDF0UTl4UVYtUWVubklfREhQclNXZ3VqTVhQZDF5Rk53MkF4bE1TQmtIdmhoODJlR1Ewb0R2WTdHbng1bU1ZZC1VTVdQVWVJV2wzMHZEaG1BUDZ4ck1OZw?oc=5,Idahoans testify against Idaho Power solar study&nbsp;&nbsp;KTVB
2026-08-22,2008-08-28,sector,Idaho Power,KOMO,Idaho Power: Equipment failure led to wildfire - KOMO,https://news.google.com/rss/articles/CBMigwFBVV95cUxOR2d4WWhFZ1NORnQyTDlRY2NLQTRVRU1hRWpfZzV5NWk4cWpNLU9nUVE2SmltX2E3b3RfTXdDYmdYcVFFY000bzNnSGp5c0E0aHNXOWxhSi14NlZqaVFSbTRWSUw3cWx5dXZiLWx0dDV1RUozWXphN2JpSGh5RnFtaE5WRQ?oc=5,Idaho Power: Equipment failure led to wildfire&nbsp;&nbsp;KOMO
2026-08-23,2017-02-21,leadership,,The Business Journals,Columbia Bank CEO Melanie Dressel dies suddenly at age 64 - The Business Journals,https://news.google.com/rss/articles/CBMipwFBVV95cUxPaFVER1pzZFQ4THdLbnpxOTdoVlo5SE5vd3VlRU1ITW9ESWdlZDRpV1BqaE12cUZuM3g5MHpQdWJqRXVEeXRMMk40WDNoMmRfRnB6a19pMkZLU0JLbmVqeFdYZGEyWFpuU2RhdkxlR2Q4cThUT1JpQjVjU0t3YWlXWTBDOGF3d3J0bHN0WTdEZzZPNDdGbzVLSjN5VmI0YXh1Q2tTUFNwcw?oc=5,Columbia Bank CEO Melanie Dressel dies suddenly at age 64&nbsp;&nbsp;The Business Journals
2026-08-23,2026-07-08,company,,MyNorthwest.com,Orting to have planned power outage Thursday night into Friday morning - MyNorthwest.com,https://news.google.com/rss/articles/CBMidEFVX3lxTE1ydE1ueWFJbEJiR2pYcThacUNwSGhBSER3aUZIeUd4VG1RX2RKNWdrWnZmMlY2WmJYc0FfalBDZHNpaXZKVnFSYUZCTG92Y2RfWEVlU2doekZiM0xlcl9YVjNZb01YN2ZlelBnRWVCaXBqZlNQ?oc=5,Orting to have planned power outage Thursday night into Friday morning&nbsp;&nbsp;MyNorthwest.com
2026-08-23,2026-04-21,company,,MyNorthwest.com,"Power restored for more than 6,000 customers across Sumner, Bonney Lake, Puyallup after raccoon caused outage - MyNorthwest.com",https://news.google.com/rss/articles/CBMieEFVX3lxTE9NQ244MGhnT1pBdmhQMzZMSEdHelQyMHgwNmU1Y2hPdW9Mb01xQ0FmVW1nSzZ4eExES2JxY1Q4eURPMXVOcVQ2NVZfc1lsMEFVM0dabEtkMlBSZVBoeWdGaW5CUW0ta0dLeFFqSjhiWlNrVS1wNU9VRg?oc=5,"Power restored for more than 6,000 customers across Sumner, Bonney Lake, Puyallup after raccoon caused outage&nbsp;&nbsp;MyNorthwest.com"
2026-08-23,2026-02-19,company,,425business.com,Puget Sound Energy Gives Nearly $1M in New Solar Grants | News - 425business.com,https://news.google.com/rss/articles/CBMiuwFBVV95cUxPQmZYek8ySVJJOGg2UW85Z0I0N3RZdXJORlpZTmRFR2tjNUROY2lhbVFYRGVJdEdWRE1IaXVwRldZZVVjVGhuSk5zNTQtcTltXzZFcFJKd3JDdTVDNG5LUGk0QTN4YUItTEw4THZiUmE0cDl0Q09MeThhSHVFQVNKSFpreXh1am5LMDBoalFXeEhCMHowQm5ZcmxMUUIwdkRjS2tYWVNabXE5VjhNWUdDNlRnMEU1MDlZUGQw?oc=5,Puget Sound Energy Gives Nearly $1M in New Solar Grants | News&nbsp;&nbsp;425business.com
2026-08-23,2025-10-27,company,,Daily Energy Insider,Puget Sound Energy begins receiving energy from Vantage Wind Energy Center - Daily Energy Insider,https://news.google.com/rss/articles/CBMiuAFBVV95cUxPeVFTYUdYNTR0SGtXT3ZIR3BoUTlMV3dBcEs4UDJobmVQUEY1LTVERXMwMGp4a3dMUUZPa0ZGdXVBX1BZV1J0ZkFFNzZsNEFjXzRpb1dOem9xckFDQUEwNzNXeUtqY2RNRG5ITktKZkVzZFItMVN1djlBNk94TnJWQ2hNVGwwVnBLZE84N3dQMlhQMFVSWGdxeUtsRjZ3ck12WDV4SFdZT3hYYmtxUGw2RGRoM0JkNFRm?oc=5,Puget Sound Energy begins receiving energy from Vantage Wind Energy Center&nbsp;&nbsp;Daily Energy Insider
2026-08-23,2025-07-29,company,,425business.com,Puget Sound Energy Opens First Public Charging Station in Bothell - 425business.com,https://news.google.com/rss/articles/CBMi4gFBVV95cUxNSTFjS1dIR2RNYVZuMXgzVXVxTzFsdDdqLUFWTXhrd0ZLMGxucmZqZ0lwSHVPelE5MmNqTDBTNjhrYzBpemowaUhESmNreDVKb3h2SFlreXIxcGI5Y2prc1BIbUZDX0FnTi1vVGM0a1lQYVU2OG5XV3Bvci1LeXlxak8xcm1nc1hzTTZuTEJFM0RLMGhUd0dKVk03ME5NaTkzalBTVko5QTB3bUg4YUJ0b1NPOV9mMlA2VmR1Sk16T296TC1QS0pzZXRVNUVQa0VFSHM5WG9SUTZfeS16OHprRldn?oc=5,Puget Sound Energy Opens First Public Charging Station in Bothell&nbsp;&nbsp;425business.com
2026-08-23,2026-07-24,sector,PacifiCorp,KDRV,Oregon PUC to ask Pacific Power customers on rate increase - KDRV,https://news.google.com/rss/articles/CBMi1wFBVV95cUxPazg0Ynk2NFl3dkF6a2I4dG9DVFh3blYwTUdTT1U1Rk8weEo1clYwUzBQOHRvcW1Gck9EcmJybU9tejU4WV80R3hMNnhhZmlMa3h3cmljWnBsNW51S2FMd1h1XzZxWHpoN2U0UFp2TW9SdEg1eXptaDdhWkpmemtyMHVoZkxYWGFuQjRTdkZxd2JFSFhWZmtVbF91Q2pCTXhJcm5DZUhCTW0ycTU1RVdCWklLT1dTR21CbzE0RUZPTnRSVklPQ01MYm9ZcDhCcFE5RHJpUGVGQQ?oc=5,Oregon PUC to ask Pacific Power customers on rate increase&nbsp;&nbsp;KDRV
2026-08-23,2026-07-23,sector,PacifiCorp,KVAL,Pacific Power proposed rate increase to be discussed by community - KVAL,https://news.google.com/rss/articles/CBMi3AFBVV95cUxOa2owY0RkallsMVlWazJlQ0ozbDU4MUpFeDhxTl9sSkVLZzFCWndHVXQ5MXdkSW5iT3MtS2lsOE14S3RJMGtmTmRzNXlub0lmdkszOVo4Ukp6TFBQQ1ZfU3NYazlFZFBmdUZmcW9JRHlNc29PdkQ2OENsRlo1RHRyVG1reFJhUlVlNWxoc2JGSlhub1ctcjd6Nk9ua1RYYjdsNy15c21JMTJLYjVvR3NmMjhhWTVIUnZfUGdCODh2WnQ1SllvQ0tCOURaaEhEOHJLaDRVNnB1dXlPMmRa?oc=5,Pacific Power proposed rate increase to be discussed by community&nbsp;&nbsp;KVAL
2026-08-23,2026-07-24,sector,PacifiCorp,Elkhorn Media Group,Oregon PUC invites Pacific Power Customers to comment on proposed rate increase - Elkhorn Media Group,https://news.google.com/rss/articles/CBMirwFBVV95cUxPVXN3aUtYSGNoVy1Xck04RWh0Sl85V0Nxdm5VaGtvVWg0UEk5UmtHdEV5bTBWVUZrWmdIOFZHRktORlJoMmZNbFRDZGxodlNrYzFXQ1cyR1RLWEh0NEktZDFfa0k0ZUhuUE9ydVRWcnV5LVZvQ2swNkl2ZGVFTHlOR0FQMG5SWUVmZ09Tb0pFM0d3bEFIRzZENG82WkpBeGxJYm8wbDRYTWFWUkxLQVpn?oc=5,Oregon PUC invites Pacific Power Customers to comment on proposed rate increase&nbsp;&nbsp;Elkhorn Media Group
2026-08-23,2026-05-07,sector,PacifiCorp,Daily Energy Insider,Pacific Power files general rate case with Oregon regulators - Daily Energy Insider,https://news.google.com/rss/articles/CBMipgFBVV95cUxPMmN3ZFVDLXA0QmJfWHN1Rml5bmdRdC1qaTgzbFROSDBCNDc0eVVVWjRMS2RXWmpmRkF6MDc0RmhIOU9yNkFYYm56VHdDVU1kb1VQaHdVSVIxU00zS2hubk01Q29ic2JWQjFCNGNlSnVrempWOFJRemdtZGJLVUh1WHdJbEkxSlVVb1VTRDYza3NvMGwzZmpRVnBXUE90d0tNZzlRenh3?oc=5,Pacific Power files general rate case with Oregon regulators&nbsp;&nbsp;Daily Energy Insider
2026-08-23,2026-08-21,sector,Portland General,Investing.com,Wells Fargo upgrades Portland General Electric stock rating on holding company benefits - Investing.com,https://news.google.com/rss/articles/CBMi4AFBVV95cUxQeHZLMXRZWE1pOEdLbVNXWGt0d2hxZDJST2lFdy1mV21WOWpRUTF5NEhwbE0zRzBHLUxtOFZQaHVHUUc5OXhaTm0zS3duajg4RzJVZFdZazN3eXFCUDBheDI2bnNLZGNDeDN1NmpVakk2REZTaGo4WjZSaGhYcW9kOGFuVDF3N3VSc01MODktWGdDQmFXT0l1LTlGSXU1T2ZnNkZRTksyem56U0p6N1dKbngxUk1nelN2cDh5ZDFVSmozaHFzLVRYVDJCN19CX1hUQUlzcVJSdG5mS3VBZXNMQQ?oc=5,Wells Fargo upgrades Portland General Electric stock rating on holding company benefits&nbsp;&nbsp;Investing.com
2026-08-23,2026-07-28,sector,Portland General,Your Oregon News,PGE system operators in Tualatin warn of possible strike - Your Oregon News,https://news.google.com/rss/articles/CBMimwFBVV95cUxQZ1pDcDlaVDlKcUlUZ192Rmp3bzJPc2J0RURBek1rVXEyMnpxS3lyTEg4MVdJWW1BT1NRem01aTBnRFNXbllsNTVhSjh2YWFTZmRjbFhqLWNEQUl2NmItblduaURoOTlmRklGMmdZRF9WczRSQjlGNEZMQnM1Zk9zWUZwVThrT3g2V0tEZk9RaGU4Y1B4MUxfWXBMaw?oc=5,PGE system operators in Tualatin warn of possible strike&nbsp;&nbsp;Your Oregon News
2026-08-23,2026-05-08,sector,Portland General,KATU,Oregon regulators move to make data centers pay more for grid expansion - KATU,https://news.google.com/rss/articles/CBMiqwJBVV95cUxPQlNVMDZ2UC1MbVh1TWQtckxhcTBfWTBrUjVXVHVhZmkzMVh2QWtJX1NiaEpTNmQ0c2U5bDFtNmFEV0dtMkZUYzZGLUxFVXdXczM0RHNfQmNDdDRNT0haOXd5RkZwR3VIV1FrVkczRUE2NjM3Snl2YS1pRTRpTGFGQUFySk9jWkFXNEQzUzZNOUN6LXczdWh4cnFaUUZJb0c3bzRCSFowMUtJZHVqMGVMOThXdkxfamc2alFmS2kwLUpFeHUtTlgyVEFuRDlGaXFyUVd0Mk10c01tN0VVVnZ5UGhybldNSzl2WGEyQ2g1RnlESWVpRDM1YUVQOEU5OGRmaFI4QTRySEVSWHJQSWNwU0gyd2pyeFVESEY4Y0E0ejRVXzZpME5FUFhCZw?oc=5,Oregon regulators move to make data centers pay more for grid expansion&nbsp;&nbsp;KATU
2026-08-23,2026-02-17,sector,Portland General,News Radio 1190 KEX,PGE Buys Washington State Power Generation Facilities - News Radio 1190 KEX,https://news.google.com/rss/articles/CBMiyAFBVV95cUxOZS1aSWVYSWY4MWd0dFJYZ1k4X1lpanBXTC1WZktEUjdJQzk1WE1QV0N2UWN5Y1NNa2U4TlNFTHlkcDFpa1dmUjBWeFJMVmdabXFjWHBNR3ZhVlpWMFYzSTBTSndJN2ZzV1RWSWh1VldtTGN6anM1V2lycnVsdzVoUTZYcHFVY21vMmU4X1ZmWkRzYTBSVjVkMmo4MldaR2dNUldNendrMkZsbWVPM1V2MTFVTklzLXh3RU5VcE1IVm4yeHdwc1JWU9IBqgFBVV95cUxOMU5FZ001MW1TQUVsaDgyODNKNXZfUHdBcDdBUFFhaGJNV1RIOFdyT3ZZTGtEamY5T1lUVndMWjNhQ1l1eURncUppNmNiTDg4OWMzLUMtSVBxZTAtN0JhQlVmWUNVN1VYd3FsSThMYTdhQWtzUDh5UU5hRmE0SlRFUXJJdzBWWlJWMkNfdHk3LXotZzRqT3dqLVhSeWNZcVh3b1ZkQUlMMm1EQQ?oc=5,PGE Buys Washington State Power Generation Facilities&nbsp;&nbsp;News Radio 1190 KEX
2026-08-23,2026-02-03,sector,Portland General,Yahoo Finance,Is Portland General Electric (POR) Stock Undervalued Right Now? - Yahoo Finance,https://news.google.com/rss/articles/CBMiiAFBVV95cUxPU1Rma1drQUFWekRUVndVdHdLcHA3QmszakNuRms1bU9hdFBVM2JlZ0F1aVVGUkRxTEd1R1NJbkZtdy1fdDJsUkdpWjd2WTVuZlpyZ3J3M0lmcXh2dy1xODU4SmppU2tjVDhib3FoZnA3ZWhLbG9sNVhUa2RzZjJCRUR1eXB4Ykgt?oc=5,Is Portland General Electric (POR) Stock Undervalued Right Now?&nbsp;&nbsp;Yahoo Finance
2026-08-23,2025-12-15,sector,Portland General,KATU,Oregon utility to review PGE plan over data center cost concerns - KATU,https://news.google.com/rss/articles/CBMinwJBVV95cUxPZG5PeG1HdmNNMEZOWTh5NVF1NEt3OHFYS0wtRE8tanJieTFYdGtEVURuQy1SSktOSVFSUnlaRnpCc2lvVkJzeGNjRl91LXpmNWkwRzVsTmpIVkc5ZWFKaXdkajJ1cE8ya0g5U3ZMTzBnb2pJVlFuZG5CQlZRejFQUG1kNXlQRmZpY1lvSFhOX1RCQ0pCMmhDWThYX01vcHZKNkdJTk9pVG5oOThkTVFfMGF0cW1ncDdDd2ZvWTdvZmtMVFhjamhmbUZsUE5OSTdXRFlVM3pCY19rOVU4eUpvbHBhY05XLWVCZmluVFdXMGZOUHhxektkN004NjRtTkFkaVBHSUFjTFJYaDNKVHJDNlh2ekdFdld4cGNod255bw?oc=5,Oregon utility to review PGE plan over data center cost concerns&nbsp;&nbsp;KATU
2026-08-23,2025-04-09,sector,Avangrid,CT News Junkie,CT House Confirms Two For Public Utility Regulatory Authority - CT News Junkie,https://news.google.com/rss/articles/CBMinwFBVV95cUxQZ2kxSGVrVmRTOTJSdzV4a0t3UGZDeGUzWXZGUmprQTlUX01CY0otSWt0dWY1RnV4NjVacDhpMUU2aU9QMnh2T0xBbXZZVmoxamMtMzJtRkZuTkVDTlFVUjhab2Y3ZHdFU0tqbEtCekZiSFdaOGM0OURqTDNwMnJfdnZmYU8xMFE2OWhlYTlJLVktZEhxNGJ2WG13Q3J6aTQ?oc=5,CT House Confirms Two For Public Utility Regulatory Authority&nbsp;&nbsp;CT News Junkie
2026-08-23,2026-08-23,sector,NV Energy,CBS News,"Thousands in Truckee, North Lake Tahoe region lose power due to Hawk Fire in Nevada - CBS News",https://news.google.com/rss/articles/CBMinAFBVV95cUxNd2RhcFVmaWVNTWQ4YXB4bW5jQlRPRnJpUy1zcnNESkJwUDF3ZmlCeFRuTUVJQ0RydzlEUXRXYUVrWjdoM0pWcE9BeTdXVFpnbUtwZ29iWDdGQTRYVVhNa3NabFh2a0tQTjZQd1FmNGtWVE81MEx6WG80azVwaV9BWUlzcmJwOThXTDI2aDhZbkFhRVVObXRFSV9XX3g?oc=5,"Thousands in Truckee, North Lake Tahoe region lose power due to Hawk Fire in Nevada&nbsp;&nbsp;CBS News"
2026-08-23,2026-03-11,sector,NV Energy,newsfromthestates.com,"Politics of power: NV Energy’s demand charge could sway race for governor, says expert - newsfromthestates.com",https://news.google.com/rss/articles/CBMiwgFBVV95cUxPaFFQWkxFcXVaOXc1WkJGMEZpQ3RtbzdUNlZ3dlIzYnVGaHA3U0ZDaFZ6ZXJfRHFFZVR4RThldUl2U3l3WmRWTGVlcDF1elk4NE1fNHI4VnZOS2cwbDl2emlDSlNPS0tnZHNZUnRiZ1V4ZUpJM2g1b0pfLWQweVEyODVOUWtKSERlU2treW5DTS15SlZCVU51N0E4MDRxbmtzbmxEU1Jfa2IyT0JNdGNUQ0ZVWmVDeFRYTVhyMUVwMTZ1QQ?oc=5,"Politics of power: NV Energy’s demand charge could sway race for governor, says expert&nbsp;&nbsp;newsfromthestates.com"
2026-08-23,2025-09-16,sector,NV Energy,KSNV,NV Energy to introduce new demand charge for residential customers by 2026 - KSNV,https://news.google.com/rss/articles/CBMiqAFBVV95cUxQOUVNNXA5NC01aUFoQmJpczNYSWM0T016ekFCSHJYd0ozUDdva1pPczQxNzBpZ0xsV1FtMGt2X3gtSndsZTFfdGh6UTFMVXEwZGJ6dXpqUEE1NUtXVkJwTTN6cHVsUGM4Q1hxblFCOUdtTjdJeUxGem40cU5Id0IwQ190RzRTT2xnV3d6c0RTRk5YcjVKQnJvZjNBeFZac0Vja1N5eHRtLWo?oc=5,NV Energy to introduce new demand charge for residential customers by 2026&nbsp;&nbsp;KSNV
2026-08-23,2026-08-10,sector,Arizona Public Service,GetLatka,Arizona Public Service - APS Revenue 2025: $337.3M Est. ARR - GetLatka,https://news.google.com/rss/articles/CBMiT0FVX3lxTE0tWjhCczBqVHl5eWFaYnk2eHZESC10dVA1V19rMDNWQWhMX0lfS0ktNmhhWVZzNGFONTRQRTNzbVdGQVZ1YllVejBGb3MtcjQ?oc=5,Arizona Public Service - APS Revenue 2025: $337.3M Est. ARR&nbsp;&nbsp;GetLatka
2026-08-23,2026-04-28,sector,Arizona Public Service,yourvalley.net,"APS marks 140th anniversary with community investments, record day of service - yourvalley.net",https://news.google.com/rss/articles/CBMi3wFBVV95cUxQakRJUUM4TTgzNm41T054c2hXSjRnUVppcEVBYVdFV2hJTWVJNGJSZUlMUktsZFhBZGlGRGpSZDExSXhyUElxUmpDcUtmQjVMcHZjY3BQZHBpMVFSdnAxTGVLeHF5bWl2SVFjV2xKbEptT2JhdzBBUk9FRklEcVYtdzg3U2dBdm5OZ0xIVnBNbUNpLXdDY05iV0U4VTBBSTZrdUlyaGRZdC0xa2V5WmVJQk5kaWVtSUFSekJRUFkwQVEyMXpKRnhQbjhSNFpxRThKOXpYTTgzVmJlWnpScndB?oc=5,"APS marks 140th anniversary with community investments, record day of service&nbsp;&nbsp;yourvalley.net"
2026-08-23,2026-07-18,sector,Arizona Public Service,azcentral.com and The Arizona Republic,"Arizona lawmakers, show your work on lowering our APS bills | Opinion - azcentral.com and The Arizona Republic",https://news.google.com/rss/articles/CBMilgFBVV95cUxNbnp1cnEzcGVnMEE2R3loNTQtTXlhSWtvNUdOZXk5RDFSUzVDc1g5c3JiNEhvc2NDaC1aeF9aMU5tYVIycDdfWFIxVFBzWTgwcm9hWDBPcDMyXzNBWTdrdTFYNEVGaGl1eFB5dmVZMzA0MG1uQU5iNGh6VVJSUmxGbWNCYlQ4cDc1OUp2bUxsZ2NHRGltbUE?oc=5,"Arizona lawmakers, show your work on lowering our APS bills | Opinion&nbsp;&nbsp;azcentral.com and The Arizona Republic"
2026-08-23,2026-08-22,sector,Xcel Energy,Ad-hoc-news.de,Xcel Energy stock holds in the mid-$70s as investors weigh valuation and steady earnings - Ad-hoc-news.de,https://news.google.com/rss/articles/CBMizwFBVV95cUxPQkVpbFhjd0diSFdRZm1ZR0VmV3ZoMlBPcUxlU0JqU1Bmd3c0X2JMVDVLam9hZ3dOdHBrQjVSS2cyRENOU2dLUUJFQ0J4ZThXbnN5S09GaU95REpwWXQ0LW5iUTRNTzNEYmFOcEZYZFJNN1lBNzVUa0VpV3pXN18zS3hSN0pBVWc4TWNHZHZRMEJwendvMnBLaXIwTE5BLVhWdzEtMlR3SVhSbUsybGM4b0l1anZwdE9SczlFTjFISWZGaUVVYk1yakszN2xOWEE?oc=5,Xcel Energy stock holds in the mid-$70s as investors weigh valuation and steady earnings&nbsp;&nbsp;Ad-hoc-news.de
2026-08-23,2026-05-26,sector,Xcel Energy,Utility Dive,"New Mexico regulators approve SPS’ $9B, gas-heavy resource plan - Utility Dive",https://news.google.com/rss/articles/CBMiowFBVV95cUxPd0U4OVB6WXlzc3RVZ2VxdWVxVzk3NzRmcTJpbFRoLWxEbUU2ckNVRHBUbzVRdVFBWWhWcXM3ZUdCcVppUE44NVI5aWhiQ3NITGxHYmNTbkJWZDZLRjQ4UUtydXJ6OG1OSWJmc0laRFFodmxVZmNFRnpwcmJVWXhDR29pR1FvSmQzcVNKQlJOV3RQeElEOXRCYUROTENpYTRuaFpR?oc=5,"New Mexico regulators approve SPS’ $9B, gas-heavy resource plan&nbsp;&nbsp;Utility Dive"
2026-08-23,2026-07-30,sector,Xcel Energy,Stock Titan,Xcel Energy cites infrastructure recovery behind $0.93 Q2 EPS - Stock Titan,https://news.google.com/rss/articles/CBMimgFBVV95cUxPMDdIcmVpRmtNVGhxS3haMmt5VDEzUjREOUFaUnB4eU5UWXRsZnpFT1JualZNbXdsQ2pGOFZBc1dRNzlCRUY3cXFBTUgzb2dqd0lhT2p0dTgyck1VZUlaZjdMaGI4TDV2RE1aYzhNTU5vcmliSjNNR2t3LUUzOGFOQ3JXZTljZlR6NE0yNDRlSmRpY1F3RVc2VGFn?oc=5,Xcel Energy cites infrastructure recovery behind $0.93 Q2 EPS&nbsp;&nbsp;Stock Titan
2026-08-23,2026-07-23,sector,Evergy,Springfield News-Leader,Midwest utilities seek to bypass competition for new powerlines - Springfield News-Leader,https://news.google.com/rss/articles/CBMiwAFBVV95cUxNa0QzM3YyVmdqbXVnQVprYmloMDBGSF9RRENaanZ5dGFadlpjOElFX2tITEdjcml6b09mWnJjZlZ1dUxvZ1ZIbE5LTlpKaHp5X2R5eTIybFBSLXc1M0JTcGJtOS1aV1had3dqRU1ES1BCQjVjWnQ5RmtxN3lzaGRpdTE0ejVKSzVDRWF0NlpHTE9GRVBYc0FwVUZQNVVWeGhqWUwzclBuVFYyTEEzdG9RbUVEQTBIX3NrZzFBMkhmeV8?oc=5,Midwest utilities seek to bypass competition for new powerlines&nbsp;&nbsp;Springfield News-Leader
2026-08-23,2026-08-22,sector,Idaho Power,Oregon Public Broadcasting - OPB,Idaho Power to sell its Oregon service territory for $154 million to Eastern Oregon utility - Oregon Public Broadcasting - OPB,https://news.google.com/rss/articles/CBMiiAFBVV95cUxNcTVNaWJhX1VXcW0weUluZWltWFE0YzdkVWhnYTlaZEl5Wk9FRW4tVFlNbVRhdFVpZnRJMGFZZURkQTFPN2gySmNnYTFqT1NGQzVlWEUzVDJvcjM3aER4UzUtT2s2alRpQkVEemNocEoxVEg2bExkd3BWTkFZcUdVYWdKTmNzOWRN?oc=5,Idaho Power to sell its Oregon service territory for $154 million to Eastern Oregon utility&nbsp;&nbsp;Oregon Public Broadcasting - OPB
2026-08-23,2026-05-04,sector,Idaho Power,KBOI,Idaho Power seeks rate increases in annual cost adjustment filings - KBOI,https://news.google.com/rss/articles/CBMioAFBVV95cUxNaEViZHVvVUdDUG1rU3JBYUNRMmFOMnF5UUxPUHdHRldLdG1hTUxGWkI3TDV5b0FxRm5rc1AydmFCMVhxZG41aW1pb1lKWmMtNzA5NzNiOWtnbVBrSGRqRjhkR0ZQQVNabTdLOVM2OW1QMjBMZVZJejlZZ2JJdk9Gd01BUGF5dndLYUg3MUd3aV80UmUtbDFSVnZ0QVZMUWdW?oc=5,Idaho Power seeks rate increases in annual cost adjustment filings&nbsp;&nbsp;KBOI
2026-08-23,2026-04-14,sector,Idaho Power,Daily Energy Insider,State regulators approve Idaho Power’s wildfire mitigation plan - Daily Energy Insider,https://news.google.com/rss/articles/CBMiqwFBVV95cUxPZ251SkdUaXhMcUNnU2tKaVk5OXNQbk16cFVpU0dfSFJHNkhCRWZNTVZxMnVkTm14X2RkakhsVGYybVN3UHBtZlZxOHd4Rl9wNGl1Ym5FVkpnblFiMDc4S0drbHdpN3MtWjdkTmhVXy1UMGViU0RNYmdVeVdyX0dvVUpIYnJaWHA3Q01iMThGOTFrUkowN2VCTHlscXRnZThjYlkwd0paMm9KcDA?oc=5,State regulators approve Idaho Power’s wildfire mitigation plan&nbsp;&nbsp;Daily Energy Insider
2026-08-23,2025-06-18,sector,Idaho Power,KTVB,Idaho Power adjusts operations for predicted 'severe' wildfire season - KTVB,https://news.google.com/rss/articles/CBMi6AFBVV95cUxOajR1NFY1bldKallmTlN5Sl9EaGctRzB4MFZvbEZvNnNDMWJFbTF5X1Nac0lTcVdncTk0ZWtaSTEyTExfcmVacS1QLUM2OUppRU1pc0pDUm5OSVhia0Z0Q2h1akVCdlFOZlNQUEtudDZMY0tzSzNDQVJ1T0JlVl9meHIzc0NnMjBDTlJFdEJMV2FJM3JSMVpVUHZHSmJpdjdNb2xJWkhURFA4V0h0a0J6MXpCMUJsSVR0RGJqMjBISG1qdmE5VmgwSWtpdFFzXzdjUkxqRVUzcU1teVh4cU5HSlJIMEEycDE3?oc=5,Idaho Power adjusts operations for predicted 'severe' wildfire season&nbsp;&nbsp;KTVB
2026-08-23,2025-07-08,sector,Idaho Power,KBOI,Idaho Power warns customers of rising door-to-door and phone scams - KBOI,https://news.google.com/rss/articles/CBMioAFBVV95cUxOUFZlZnFZTWxKclRDQjI0cU5JcjZqVnIwWG5hLWdVM3FZbmtqM21DTDUyVkladmV6eVBodVd5a28tQTlHS1hCMEVibFlFcUh1MTZzRWdORV9iOTdTVGk3MXZrN1VhbXpTMldSVlF6a2wzSGhkRWw4VGNlSjFJemFoTXlLU0pRUmRjeUx1cG16cWliNTBWbU5KRVBZWmxkWFJ2?oc=5,Idaho Power warns customers of rising door-to-door and phone scams&nbsp;&nbsp;KBOI
2026-08-23,2021-06-23,sector,Idaho Power,KTVB,Idaho Power to combat power outages as the heat rises - KTVB,https://news.google.com/rss/articles/CBMiwgFBVV95cUxNWnJvenZ0enpydVA3WHoyV3BEWkkwV1o1Slpod2VROW5FV3Ryd2EzSUtZS2pZU0l1NkhMX3pBTUlSZTlQMWQzMUU3Sy0wY2lEQm90c29zYUNmRkkybmt1Z05MTHl5bUZNWmVCdzk4VUZIQmFZNzMzZ29GUUlsSFUzNzJhZUVpUVZfTUNlOGhoYnlEM0pqOVR3a2NEc2V4aE5ucE1vMXlvb1F5ZTVhQXRHVDBFWWl6OUNsNlc3THJpei04QQ?oc=5,Idaho Power to combat power outages as the heat rises&nbsp;&nbsp;KTVB
2026-08-23,2021-06-07,sector,Idaho Power,KBOI,Idaho Power watching ransomware surge carefully - KBOI,https://news.google.com/rss/articles/CBMihwFBVV95cUxQNl81UDBQYWFTdnFKUEJZMTVTaVRMNURoN185SDVpdVcwdDI2Y2dpckVyRWxlU2J4eGxlVDRYQmV3YndMSTJkRWtSTzNhcVF6Tm9XWmY2T2M1ZHJDVkRQc0xKUEw2SGszOTRPNWhqOV96bGVGTWtrTlJuOF9LQmE4ZXY4TmNNQTQ?oc=5,Idaho Power watching ransomware surge carefully&nbsp;&nbsp;KBOI
2026-08-23,2020-02-27,sector,Idaho Power,KTVH,NW Energy electric rates still among highest in region - KTVH,https://news.google.com/rss/articles/CBMimAFBVV95cUxNbmk5ZW9Jb2VZOEpUcFJ5azkwMHRaTmFtN25FOVByVFktNU0xbkliYmdGUXZCMHVOSXBnYXJkSUpWLXFiTlp5Rlg5QVkxTHI1bVhiT1hxcTcwd25rbGg2RjE4anJtWjZTNFNlNEJDUWhvcEl6bEVqZkdra05QRjExbldabl9CQklZbU8tWEtrUEFHcFc1U1ZOaA?oc=5,NW Energy electric rates still among highest in region&nbsp;&nbsp;KTVH
2026-08-23,2026-08-23,sector,Idaho Power,Grants Pass Tribune,Idaho Power’s $154 Million Oregon Exit Would Reshape Eastern Oregon Utility Landscape - Grants Pass Tribune,https://news.google.com/rss/articles/CBMiugFBVV95cUxQa1lDYjBUbEUtenBJUFdkSDJNS2p4NjlKeUVWTEd6VFYtakVpTmxoeTQyUm5fZThRQ1RFVWI1Y3dkNVZYUTE3Wm1lYTlkMEVBamtHWVNTeXpfR1hURkdqY0FYaHZqdFNCSV90emRtamlYMW1DTC00TDM0cWszT01LbHdPV1g0QnFlMGZZaTZEOUVlTXZ4TEJfMThiczVVV3hhaWIxUXlTUlE4TUNaRTN4NGtzTVBTd1k5aWc?oc=5,Idaho Power’s $154 Million Oregon Exit Would Reshape Eastern Oregon Utility Landscape&nbsp;&nbsp;Grants Pass Tribune
2026-08-24,2026-05-18,company,,KIRO 7 News Seattle,Pierce County residents feeling sticker shock at Puget Sound Energy electric bills this year - KIRO 7 News Seattle,https://news.google.com/rss/articles/CBMi5AFBVV95cUxQcFhjc0ppZWgyeHZocC10MV9tcmwyM2pRQWVJVVdxOWV1QW5zbjJsd3lJZzVzMVgxM1BWaF8zVUJpTkdNWC1TMHhUUlI2c3dSWXRzYU1MNUVhVkZBUTlrNWFieFlVdlRYd0tFY210Wk13M3BfYjRaT3pYVXNid0ZNMzB0MnpmVmRsa09HTTN2b05UYXhCY0hyY0Q4NGNwbVlkVFBVMXNMNVA2V2YtRjRPLVdETUd6MWo1TmRPNFh2S0QxSWdWX283d2laVmJ2RGFMLThPRnB5T2Z1UjVvcUNIOHFXc2E?oc=5,Pierce County residents feeling sticker shock at Puget Sound Energy electric bills this year&nbsp;&nbsp;KIRO 7 News Seattle
2026-08-24,2026-04-22,company,,MyNorthwest.com,"More than 2,500 PSE customers without power in Woodinville Wednesday morning - MyNorthwest.com",https://news.google.com/rss/articles/CBMif0FVX3lxTE02M0x4a3pJTVRHQVJrSmw0MkMtS1ZrZC1LeU5NQXFSYUtYdmItdDFNMkNPajVFeWtMLUFnLUUzVWxPYy1oTTRtOUJlZ1RZWkRzQl9wM2xvNWdaT0s0T29Ldl9CN2xLQ0lwYXRrX3RxMFprWUhORG92LVotazdMVEE?oc=5,"More than 2,500 PSE customers without power in Woodinville Wednesday morning&nbsp;&nbsp;MyNorthwest.com"
2026-08-24,2002-05-01,company,,Factor This,Time-of-Use Plan Benefiting PSE and its Customers - Factor This,https://news.google.com/rss/articles/CBMixgFBVV95cUxOZHYxRXFfYTd3OWE1WmNoVlZHa3NjWFh3SUFVY1JZM0R3V0lCUHpQSnkzNDJ0clgzSE5fTTdvQWZnMTF5azdxRnJfdU9NYkFTYXgyR3RxVFN3bG5nYUhhblhKbGdNaWVhUk5GajV3RkdDTFFlVGJIcG5NNTNRNXFYRjh1cHJhd05HTEJ6NnQ3SWpoUmpVRzVJdV8zYkpycDhhai1pODdieU52LUpSR2VrVTRwcmpKZ3JUOHo0SVlQZFp1VVhQU3c?oc=5,Time-of-Use Plan Benefiting PSE and its Customers&nbsp;&nbsp;Factor This
2026-08-24,2026-02-17,sector,PacifiCorp,RTO Insider,PGE to Acquire PacifiCorp’s Wash. Operations for $1.9B - RTO Insider,https://news.google.com/rss/articles/CBMigwFBVV95cUxPYmZlSG9OcUQtM3otVEhIUjZqSFQwR3JuVVo4YzRTU1FLV0tfM1ZfZ2QzUkRJTFctZkZTX3RjM0hiVlY5aW9MR2hmb1laMzdTWkdoTXhLY1hRRHlzdkw5RWYtUjN6dlhkZHF3QWtKVUZCSXNmeVpobVBJQXhkVzBKWVNubw?oc=5,PGE to Acquire PacifiCorp’s Wash. Operations for $1.9B&nbsp;&nbsp;RTO Insider
2026-08-24,2025-04-25,sector,Portland General,PR Newswire,Portland General Electric Announces First Quarter 2025 Results - PR Newswire,https://news.google.com/rss/articles/CBMiugFBVV95cUxPc0NKZHBGaGRUQ25kZEdOQ1lGTk16MXBKaW1HWmdjQndvRnd5YlY2Zm9fbDZYWnlKejBsY1ZKTTVJNHRuWnotZzFkWFJuLUFhd3dIRldScWFTNElUTlgyVDVwNUU4NG55b3QwZkZPTjhnS1U5QjI2NlZMUXRVN21OSHRfQkNoenktNFNSWFRod010LVNSSENDTEx4Mm56TFVOSnhISGpiRkMtSWVad3EtZjZndi0xR0JKdnc?oc=5,Portland General Electric Announces First Quarter 2025 Results&nbsp;&nbsp;PR Newswire
2026-08-24,2025-02-14,sector,Portland General,PR Newswire,Portland General Electric announces 2024 financial results and initiates 2025 earnings guidance - PR Newswire,https://news.google.com/rss/articles/CBMi5gFBVV95cUxQMFlyeU5oTTZtRmIybGtvQmZRZEt5bFN1d1pGRW1XbFQ2QnpLbU1UbEZqRHhLbDVtN0dKOHdWOU5NLW03SjZ4N1pWRXp1bDVkUEc5cEIxQUhmcVN6LTN3TWlNM1VTM1M1S1hXRlhPZ25Cd0tESHZnTkJRSk9HVU5JY3I2cHpoaG1jRkJmRGViVkdrb2dVVHpOTjRIVjluaE5rYWJ1VlhDX0JpWng0d1hiX0FMelF3bV9nUGMwVlE1QmxIYVFWQkFyNVhlQnJZcC1QWFJmektqNEFkNlFrSUNlZzVzcnFQUQ?oc=5,Portland General Electric announces 2024 financial results and initiates 2025 earnings guidance&nbsp;&nbsp;PR Newswire
2026-08-24,2025-08-12,sector,Portland General,Utility Dive,Portland General energizes 1.9 GWh of lithium batteries in major storage expansion - Utility Dive,https://news.google.com/rss/articles/CBMinAFBVV95cUxQTXBOaTJncGVBdTVUdUZPMnBwRWlFMzJrRkgxT1kwMzhXT3BhWlRkRHc5UjlvMDZkN3FNcXQ5MFpna3dkR1NEQVpOTUxUc0NpMkkzZmNua3VyWVdzeEpENE5vNXB3Qi0ybWtaWFJkcFVpZnc3R2ZmZ25pNWppb2p6dnlUb1dBN21vX0hkd2I1Y2dxTG83WEdDZnA0RXc?oc=5,Portland General energizes 1.9 GWh of lithium batteries in major storage expansion&nbsp;&nbsp;Utility Dive
2026-08-24,2024-02-18,sector,Portland General,KATU,Portland General Electric customers outraged over new energy prices - KATU,https://news.google.com/rss/articles/CBMimwFBVV95cUxNZF9YbVFxRTN5aVVZdVpSYnNqSjMycktnM0lUZF9MSFNEY3RaSG9ac2ZRY3E2bXpIdDlfQ0lGTGRjTE9aeVNyZ3FfeXNsV05tVGhNeFQ1S1BWZktQcHpMTjMyZFNEWS1neXZBbVh3RVNiN2ZMRVpaVW9pR3RYYnJtaWlZWlB5cFo1WkIzLVBKMWY4cXZWVFMwd2hFdw?oc=5,Portland General Electric customers outraged over new energy prices&nbsp;&nbsp;KATU
2026-08-24,2025-07-09,sector,Portland General,KOIN.com,Portland General Electric layoffs impact dozens of workers Tuesday - KOIN.com,https://news.google.com/rss/articles/CBMidkFVX3lxTFBpMlZtNURmeTNzbjZ0WXg2UU9oWnc2ZkZpb0xxeXZ3aTRfcERrNDVXYmd5RllTbHJraHVxZFFuLXB6YVpZeTN0U2QtVEFHUFA1T2pxRzBvaEhGU3RtSkhUMGVzbkx1RGtjRG9PUEplZVFUQTMyMGfSAXtBVV95cUxPRWlXQ1Zlaml1alZpV1N1cXBRZG5pMG5rNDJRNW5ET3dkeXR4cmNyazhxOU5KS1JuREJnTm1USEIxVURmZ2lZRDhjSkExQ3dBSHNacmZLU1NiSHhIMnktZl9CQUxGdFptcXRqckFKTTZ3VEEzWWpGOFNadk0?oc=5,Portland General Electric layoffs impact dozens of workers Tuesday&nbsp;&nbsp;KOIN.com
2026-08-24,2025-03-24,sector,Portland General,E&E News by POLITICO,"Q&A: Portland General Electric’s leader on data centers, renewables and Trump - E&E News by POLITICO",https://news.google.com/rss/articles/CBMiqgFBVV95cUxPX0s5RnNVT1Qyck10MkxOeGpHQl9maDV0TVdGd05waWhYVU9aT0VkNlJBMjJlaHVfZnJKUTdQSjV3ZXRCN2FsMjZWejVJZzBEQXliX2NfR2dCLWMzTERQNmM1N1gwdXEwUUNpRHRkVWhTdzBkN1dNLVd1Q2hEM184WHRrUEpONUFkMXpIX0w5WDBwc3JTSUVBWlZlTURzNUtDaXdQT3pHakFQdw?oc=5,"Q&amp;A: Portland General Electric’s leader on data centers, renewables and Trump&nbsp;&nbsp;E&amp;E News by POLITICO"
2026-08-24,2024-01-01,sector,Portland General,PR Newswire,"John O'Leary will join Portland General Electric board of directors, effective January 1, 2024 - PR Newswire",https://news.google.com/rss/articles/CBMi4AFBVV95cUxQbmxIS1RncDVyMUdwUmJjdzI3OVB6S0htcnh0V21MNV9EbUctanJIeWFGRmdNNjRnbmZ0MzBGdWVsNEhaOUlUZFhYTC0wT3pYUWU2VV9xNHFrV2czRjltbms2dWY0RWRNYmJXNEVVVzlWWEVMc0RNekhSbWNxV29ZUVU2QWItSm1aUEt3cU5GV0hHYVV5X1hSUV9vWWtpOGpmRThGNWR6TlFYRmRKWDdHNWxsWFR2c1NCUTBlVTRkLVpjVHdkVVRmd3hTS3FESm5fNFRKTkdJd2dWSWI5MUxGMg?oc=5,"John O'Leary will join Portland General Electric board of directors, effective January 1, 2024&nbsp;&nbsp;PR Newswire"
2026-08-24,2025-02-14,sector,Portland General,The Business Journals,Portland General Electric reports big profit jump in 2024 - The Business Journals,https://news.google.com/rss/articles/CBMimgFBVV95cUxQSEhRZW5CbWpLV1J4S3NFOE1rZ1J2dUwwN3VDdjdiXzJXb2ItaHdqLWVIclNCUy1jM1NjZ2J4azh2NTkxbzM0NjBtaUZYcmpsQnV2U19ON2JkbW5vX0lqRjRLV1FVbklzSzZfaTFlMGFaa0R4SG8xbUREYzQzX2tubER0VXJHM0h4N3N5OEtaUDcxNDVNUW9NUWxn?oc=5,Portland General Electric reports big profit jump in 2024&nbsp;&nbsp;The Business Journals
2026-08-24,2025-07-08,sector,Portland General,KGW,Portland General Electric lays off 53 workers - KGW,https://news.google.com/rss/articles/CBMi2AFBVV95cUxOMUg1T212aVdKVEdFWGlWYi1sNWM3NmlOaUgyckNUUllJWFlKaHEyTURSNzB4Um1rU045MWxydklLQ3N0Y3JNcGZROGVWV2hpbWU5SlRCeFRPRURyQW1BNEYyMUJoTUJiaVJ6dWw0ci1OaFpxMElQZGNnbjlYZk91MHZXQjdrNlNIYTh0SHJweWhiR3VmelBVSngyXy1Oemsxd01KZFltT2kyTF9Kdmt4LU5XRFAtd3FqZy1CbG8yNEJ1aXp0OUxLZFVZekdPWE9WRnNQTVpYZzU?oc=5,Portland General Electric lays off 53 workers&nbsp;&nbsp;KGW
2026-08-24,2024-05-29,sector,Portland General,Utility Dive,"Portland General Electric joins Allete, Grid United on $3.2B North Plains transmission project - Utility Dive",https://news.google.com/rss/articles/CBMipAFBVV95cUxQVm1YY3RwVEZvT1RMWERpb2JRWHdDSDBCbGY2RUwtM0FOWVl3SnlyQkNkUmhId1FWdmVMc2NWV1A4RGljdzhiUERZRUhhazdJM0JNbl9nWVM4NnJWclBjZTk3NHN6aFdCNERLdkZGTV8tMGFsdEJJYW5KaURUR1djd2p2dXNLSzRUYW1yRWtYX0p3cjd0d3NrUnJBakRQc2cyMnRReQ?oc=5,"Portland General Electric joins Allete, Grid United on $3.2B North Plains transmission project&nbsp;&nbsp;Utility Dive"
2026-08-24,2025-07-09,sector,Portland General,The Business Journals,Portland General Electric eliminates 330 positions in cost-cutting move - The Business Journals,https://news.google.com/rss/articles/CBMirAFBVV95cUxNUVdvV2Rnb0ttelBYUUw0bE93Mk9NdzFYSlhvaVB6ZGljLUFtaGM1dDNCRFB3RVY5azlLT1R6TTEwZXhaaDRLX3BnMnlFTGQtMGE5UEIzUFRhdDFCY2MxVlppWVdXVktlUTZZOVpqRzB0WXUwOWhuNHFYck1iT3VrdkxmbjZKcDJvcVdtSGM1RzUtcE91OG04M29IN3lySFMtMV93TWp1dkhWaGhP?oc=5,Portland General Electric eliminates 330 positions in cost-cutting move&nbsp;&nbsp;The Business Journals
2026-08-24,2025-01-06,sector,Portland General,Statesman Journal,"UPDATE: Portland General Electric restores power for 2,000 customers in Gervais - Statesman Journal",https://news.google.com/rss/articles/CBMixgFBVV95cUxNeE1lTVc1M2FlWnhKQlFlM0huTUVJaWhZdVFkaVp6UDROYk4xN2wyTmI5Q1pkOFRIcS1PSm9NQjJjS2JLcGU0ejlWU0trNWVwajJWek1oaHpJWTJoWnpGVmUzbE5ETUcycjJ0MHl3ZEpWZHVNMmFuRFIyRFFMRnowYmw3ZlJQRGtrNDZkY0puZWJQazlQazdhaVRBdnd1MlB3c09rdV9Pb3ZwY3p6X0g1SWJoVnA5a1VQQUx3anNRREdILWhkOUE?oc=5,"UPDATE: Portland General Electric restores power for 2,000 customers in Gervais&nbsp;&nbsp;Statesman Journal"
2026-08-24,2025-04-24,sector,Portland General,Stock Titan,"Portland General (POR) Stock Price, News & Analysis - Stock Titan",https://news.google.com/rss/articles/CBMiUkFVX3lxTFBBb1Z5TTZGd0ItaFI4WEdhd0FzcVRtZ3FPZVZZTlpTVnkzR2c5R0Y3dzBhVWZrX0xra0VYUDZsSGVlZ2Z5YjFKRndTNlNncGVZX3c?oc=5,"Portland General (POR) Stock Price, News & Analysis&nbsp;&nbsp;Stock Titan"
2026-08-24,2024-12-20,sector,Portland General,KATU,Oregon regulators approve rate increase for Portland General Election starting Jan. 1 - KATU,https://news.google.com/rss/articles/CBMisgFBVV95cUxOdDhKWHNuaWRLV1M3N1RzTElvWVRPVEdpaDFzUWRrdmlfTUZLbHZjMXkyMmRvVUV4bnRrdWJLcHhYVjBCUFNpOFNPSDg1ODNCRlFFaDhYZV9rZkJXWFpIN0p2UDNVUksxQU9PLURvcGtKSjB4YmRoTTBpUW9vWFM5YV9Xc3dqbUVneEpkWVNEME5vQ1lrdDNkVEZzNHFReHFZT1JDdHVWZVg4MjExVjZKNVRR?oc=5,Oregon regulators approve rate increase for Portland General Election starting Jan. 1&nbsp;&nbsp;KATU
2026-08-24,2024-07-29,sector,Portland General,Data Center Dynamics,"Portland General CEO: ""We're seeing really quite significant growth"" in data center load demand - Data Center Dynamics",https://news.google.com/rss/articles/CBMiugFBVV95cUxNZUI3OTJQVllVMFUyYnY4X0gta19oUzVleTdiaFlmTFF0X1FKcVNkTkN4Vy1RcVRDcHlONkFTb2tfMktBcVFZdzd5ZGRETVRrZDVIWTJRZXBUamJHN0N2NVpIRW95OVJSeDVndUd2M2VwanA4dUlUN0F4eVplclVRS1ppSmVPei03bnp2ZHlPQkg4dTRGeFlDVnhlekhqNEpmU21DbUU3end0bjF2NVVJZHZsNllCVVozZFE?oc=5,"Portland General CEO: ""We're seeing really quite significant growth"" in data center load demand&nbsp;&nbsp;Data Center Dynamics"
2026-08-24,2025-06-13,sector,Portland General,Your Oregon News,"Portland General Electric faces continued legal challenges, resident pushback for Tonquin Project - Your Oregon News",https://news.google.com/rss/articles/CBMi0AFBVV95cUxQaHI2N19hWVRjMk1SNmlhUGZYZDk4eEo5dUl1bkNYdFFncHlKX1FvRzJpeXNnSmxkejhLMk9WclA5TEJ0NWVMbTA0VWJUeFZVWkwwZkltQm9XUHNubnpERWxReEpyMDNGUWVWMUNNcjVoRVcwMlh4ZVl5VXBQQjNTYUhIYjBJY0ZUbXJUa1FpZkh0Q24tWjRuNWstdlhxa2lNbW9BOFJ6ZzR4djRJZzZ1ZmpuX0dHbGFjTTFZREhQbGt2QTVmeTJfWGpmdnZtejFr?oc=5,"Portland General Electric faces continued legal challenges, resident pushback for Tonquin Project&nbsp;&nbsp;Your Oregon News"
2026-08-24,2024-02-26,sector,Portland General,The Portland Tribune,Portland General Electric expands income-based discount program - The Portland Tribune,https://news.google.com/rss/articles/CBMipgFBVV95cUxPQkk5YThDdGtzNkQ0eDVGdDFHOGd6S2JoYWI1djhyMkotU1hiSTU4OGRvU25GNzczSm1xaHA4aGprekx2Vm1HTUE2ZVB1RHo3WklsYkN0MmxHckVEblR4SlZtWFcxTUc1aWFYTXlXR1M4UGEyZmhtUEVxdVJha1U2YldlTU9pclN2UkM4N1BtTGx4R1dDYzZtVkNLZ25GbThqZm1aeExn?oc=5,Portland General Electric expands income-based discount program&nbsp;&nbsp;The Portland Tribune
2026-08-24,2020-02-11,sector,Portland General,PR Newswire,Portland General Electric and Avangrid Renewables announce major solar facility in Oregon - PR Newswire,https://news.google.com/rss/articles/CBMi3gFBVV95cUxQNWFSaVRQOHd3ZkZOaXZLQmt4dnJiR3p6cC1jR0pnVGp5ZEVSakd0ZU9mOFRIZ1BhV2w2WEpvZ3dHYXB1M0hYZlpsNVZ0NEJzaXZod3ZKV1o1U3o4MTJkVTJRM3J2Mkk1cTNTWWNhdXBxVGl2dEZwUkctbWZNdlBYYUJlN19oTFNpNUVzdVRLZ3pONDU5R1BtWHRVYnFZQjZMVWtpRjJLaDhCS0pFbFlKSWZlR3BNa3U0eDVJV2hjR3Z3OFJjT0RQc1R0Q0hEREJ5OWhZejBvdjVBMEczcHc?oc=5,Portland General Electric and Avangrid Renewables announce major solar facility in Oregon&nbsp;&nbsp;PR Newswire
2026-08-24,2023-06-14,sector,Portland General,Daily Energy Insider,Portland General Electric investing in existing hydroelectric plants - Daily Energy Insider,https://news.google.com/rss/articles/CBMiuAFBVV95cUxQVm5mY0NrV214TDdLYU84anhJanRLWVB2WU5YSUotU2p3UUV2X2ZZNUgxLUtON3B1VmZkdFlmTjN3Z1c2LXFVQXZoNEdRenpoWlZ0MlhiYUdjQ1ROdlpnODBzdWcwd2l0bEV0WHZOMjZCWHh2enU4YVpPTjU2ckN1RC1MWmUxWVpPMUpQLUwwa2hBR2lxMmQ5VGdRaFZFMExwenkzMUV3NjJWVi1tZkZZaVZqNUU5WVIt?oc=5,Portland General Electric investing in existing hydroelectric plants&nbsp;&nbsp;Daily Energy Insider
2026-08-24,2020-08-02,sector,Portland General,Stock Titan,Portland General (POR) Stock News & Updates - Stock Titan,https://news.google.com/rss/articles/CBMiTEFVX3lxTFB6czBZcnlLVW9zVFFuZjlaeGpXWW5mcmNqdHh6Z0Jad1hXOXd5a2R3OG1hSEpTdndSeVNqSlBpQ2tTQ2pCdFlfY1ZNelo?oc=5,Portland General (POR) Stock News & Updates&nbsp;&nbsp;Stock Titan
2026-08-24,2020-01-30,sector,Portland General,Oregon Public Broadcasting - OPB,"Portland General Electric Gives PPS $250,000 For Climate Change Curriculum - Oregon Public Broadcasting - OPB",https://news.google.com/rss/articles/CBMikAFBVV95cUxOOXZmRHoxbE9FRmE2TlJVSmNVS2tFcHI1Q1JHM0MyOFNBR0hrNUExYXlEanYxTUZfMEZUMXk2MmtMaVFkOUVmR0VRYmhoZmFOUnEtVmVTZUVXRVZuNTZnTURSV3hMTUpjdHEwSXNjeVZaLV83UjZyZ3FzTHFKTHhwa0UxMFB4WXUtTVMxUGtld0M?oc=5,"Portland General Electric Gives PPS $250,000 For Climate Change Curriculum&nbsp;&nbsp;Oregon Public Broadcasting - OPB"
2026-08-24,2015-11-24,sector,Portland General,Utility Dive,Portland General Electric joins CAISO energy imbalance market - Utility Dive,https://news.google.com/rss/articles/CBMipAFBVV95cUxOUF9IejFKaS1vQWZTY0ZkLXloU1JUT1BlbkFwc1RLdFRLVDZ2ZzYtdmZnMEdmTlhKYjZPZmE3Y0RPT1NZS1JqbnhLZXVSZ09wdEcwSHlLOW4xRlRjd1RFZWd0aVJwcXBrR1VzNHNRcXREZkJKRHNCQXNNZXNiZ0RzU1FqLUJmNzBIcXlDYzVMZW1YX05taXhFdUtsbUJjaE9LYWpIMQ?oc=5,Portland General Electric joins CAISO energy imbalance market&nbsp;&nbsp;Utility Dive
2026-08-24,2015-06-18,sector,Portland General,MarketBeat,"Portland General Electric (POR) Stock Price, News & Analysis $POR - MarketBeat",https://news.google.com/rss/articles/CBMiVkFVX3lxTE9OSW5RdnU3c2V0bDFJNG5lWnAxRHI1TWthc2hNZnNlOFhpbXA1MHJ1eC1DWHV3VVQ3anNQTEZhb0E1S3BhZHVtaXRrTUtsaTZtaUJ3WVp3?oc=5,"Portland General Electric (POR) Stock Price, News & Analysis $POR&nbsp;&nbsp;MarketBeat"
2026-08-24,2026-08-23,sector,NV Energy,This Is Reno,"NV Energy says 10,000 customers without power due to Hawk Fire - This Is Reno",https://news.google.com/rss/articles/CBMimAFBVV95cUxOa21VZndWNk5SdjJTTDNReWpSXzNDZmtSemd3S1lKU29sTGtnd2lBUUNVWlVtM2ljUS1kMHFnNEZxZ2t4ZV84d19uN3RTUUR2TkZlbWtrRFNsV0stQkZCaDJUMnpaTGhEQlVPREwxV2JpNVJPaklYUUlNX1BjdzY2TmNobWhNZkNZWFNwcHpueXAwQ296ZV9fdw?oc=5,"NV Energy says 10,000 customers without power due to Hawk Fire&nbsp;&nbsp;This Is Reno"
2026-08-24,2026-08-07,sector,NV Energy,KRXI2,NV Energy installing taller poles after construction blamed for Golden Valley outages - KRXI2,https://news.google.com/rss/articles/CBMi3wFBVV95cUxNdHUtcWdxMTFDOHRERU5HX2ZONlJwTUllLURTejJnNEN4UVFVOTVScmVLTl9fQTBCUGVtRDFrRC1EdHltd0xiT1BWcHRPWUxsM0hDSm55aExqbnFBZmZ5T0EzeEE5b1NBenNwUGI3d1dFeGx0eGg2TlpmMi02aHF0ejM5RWh5NzlfUFBBcHJPb2RaakxiYk13SnotdFY4Q1F3VnFWelhjQ25pS0g5bDQxeUt3Sm90NnB1X1NQY0RXVk9WRG9nb2NIOG93aEdjcXNuWGRjbE9tVk83aEZkOGJB?oc=5,NV Energy installing taller poles after construction blamed for Golden Valley outages&nbsp;&nbsp;KRXI2
2026-08-24,2025-12-21,sector,NV Energy,KSNV,NV Energy faces $1 million fine for alleged cost recovery violations - KSNV,https://news.google.com/rss/articles/CBMinwFBVV95cUxQTHE5Mk9VWHRrcFkwVmlDZXhBdDA3cnB1QUFaRTFPckdNM2IwT2Eza2NWbElJamUxMWJvRkl6MXFYbzUzSnpBX0J3S0VjZjUzR3hxd1hLbmoycTJzS0FFM1dwM2g2ZnlKTlZVWThxWkhCLWdfdG42M1pQalF3N3FaVE1ieTlhVXd1dXUxcVRaTTR5TDlBRkpGcmVNbmdSWGM?oc=5,NV Energy faces $1 million fine for alleged cost recovery violations&nbsp;&nbsp;KSNV
2026-08-24,2025-05-26,sector,NV Energy,Northern Nevada Business Weekly,NV Energy CEO departs after 6 years - Northern Nevada Business Weekly,https://news.google.com/rss/articles/CBMif0FVX3lxTFBCQUNTTWY1cnliZkgzSWx4OUFaODhTWmFDbGNWT1c0aEJKRDZWZGtFWEl6T0hlQUYxUi1wUnFXeDZSeXB0OVZGb1NMeGdsS192N1hsZzVkYVZuenhzQUVMNFJ6dEpnY0p1UFZWVzhsZjg2UGRjaEVaSVZsMmY2ZVU?oc=5,NV Energy CEO departs after 6 years&nbsp;&nbsp;Northern Nevada Business Weekly
2026-08-24,2026-07-31,sector,Arizona Public Service,azcentral.com and The Arizona Republic,APS wants more money. Don't punish struggling families | Opinion - azcentral.com and The Arizona Republic,https://news.google.com/rss/articles/CBMiwgFBVV95cUxNc0xRc28yMzU1Tm9hckdicS11bDU0STZ5OGNCNFZJQS0tcHcteEdBMHdqdmk5T2EyRnl4cEZsbVRlMExQdmVJczJYRTBJaEhNcmVSTDdSQVRMOFpyRTNnd0xYRHFRSUp5ZnYyb191bjFxY05hTENmWDBnY2pGR2w0YzBHa1Bnb3lEcEx5N0Q4U0lYRnV6N0hKNE1ycWNvNmVtQUNRcDc5aUxIS3VkMHJ5TUo4MDNGTDBTSG9wUlNLZ1hSZw?oc=5,APS wants more money. Don't punish struggling families | Opinion&nbsp;&nbsp;azcentral.com and The Arizona Republic
2026-08-24,2026-08-21,sector,Xcel Energy,simplywall.st,Xcel Energy (XEL) Could Be 14% Undervalued If Its Clean Energy Growth Plan Delivers - simplywall.st,https://news.google.com/rss/articles/CBMiyAFBVV95cUxOcVdaNG85LTNVd0I4cnEzdGFKZ3NTLVpMRDVma1NNZFQ2MnI3TXFYSWJMUGxXX1dQWWp5TGtQSndHZkRXeHBCMTY4VDFwUkRVMzQ0VG0yZHFlRjZKaEJhUmt6MzZ2YVRuX1ZPcnhiUGp5Wkwxd0hOalhTZWtGcnk1ZFhTUTh3TlUyOC0yakc1SW9oNE1OblVqQnQzdXp3SVI2LVJNMzM0U1ctMHRSVEk1QUNLQ1VEaExoUGZmNzR3Z29pQ0FOSTJlNNIBzgFBVV95cUxQVWZhc29fcjJ2bUo4Rk1mOWZnd0ZYNWdQQ3V0dXV4WTBVR29wMV9yZEJHaXh2NllKZGdGcmxwaVF0U1NUS0hhYVBkSldSSHpSWGdFbjhLRHFXdDVmd3VTbVBhdWdFUG5EdllvTms4dFlla2F0Z1pOZm0tRTM0cUFUVnFLMnc2cDdfV202RmxuWmJHRlNVd0lab1ZYVmdxOWNBam90SnNYd005Z0xsT1A2MG1lU0xfR3dxNml3cGpHdDRBaWNVYWhabzRpQ3VZQQ?oc=5,Xcel Energy (XEL) Could Be 14% Undervalued If Its Clean Energy Growth Plan Delivers&nbsp;&nbsp;simplywall.st
2026-08-24,2026-08-24,sector,Xcel Energy,Ad-hoc-news.de,Xcel Energy stock draws fresh institutional buying as consensus points to solid upside - Ad-hoc-news.de,https://news.google.com/rss/articles/CBMi0gFBVV95cUxQQW90dEc1VkoyeXlGd3BiYU9nSEpIYkhzMzdUei05ckc5THR6YjlEU1dHZG5WcFV5NlpnRFhXXzhkZUlDcFU3OHpaSmtxUEh6MnpyRmZJaGlYR2ZENXc2Zkd4My1xdng1Z3hzbnF1RWwyTzBQVDRqV0MzcVc3S2prUHE3dUtsZnlia0NhWTBwTFplVWJtcnZMN1F5Yi1icTJyYlk3dDhzMGRMUDlFTEgtOEVHRzNVNlFvc2NxZWFVT00ybmZPSDhUal9iWEdvQUZyakE?oc=5,Xcel Energy stock draws fresh institutional buying as consensus points to solid upside&nbsp;&nbsp;Ad-hoc-news.de
2026-08-24,2026-08-24,sector,Xcel Energy,5 EYEWITNESS NEWS,"1 dead after utility pole falls on car, starts fire in Hopkins - 5 EYEWITNESS NEWS",https://news.google.com/rss/articles/CBMinwFBVV95cUxOeEVHcVJnVk5uTzdHZHBjdzZlQUxkYUNwa2JpWS01NEpjU05COGFDYThKSmdZOHF1SUZUaW5CTWcyaE5hbUxjeUZjZDZscU1yX3VQeWs3b3BrV1hyRXJyMlNOcTdvcHI3ZEh1ZzNtdlVWZTJUZjk2NzJlS0d5ZHJ0NUlHYmZqWmtzX0R4NjFZa3F1YVc3ZFJTejNrdnRZYlk?oc=5,"1 dead after utility pole falls on car, starts fire in Hopkins&nbsp;&nbsp;5 EYEWITNESS NEWS"
2026-08-24,2026-08-24,sector,Xcel Energy,CBS News,"1 dead when utility pole falls on vehicle in Hopkins, sparking fire and power outage - CBS News",https://news.google.com/rss/articles/CBMingFBVV95cUxPTno1QUpTRlN5X0FEWGdEejFEWEU2ZUhQV0EzNmttUmtEQ0RuVGpHWko2QklMZHJ5SnlWUTFGcmZTZWg0d1lwWU53NGY1SWhDTF9hVVRERW9DZENualEzMkM0Z1czLWdOWU4yLWhMU1psZG9GSXlnNlhub3JsR08ybWpuWUZmY3Y0VTN3N0pMakNVSHp6NjhhbnpDRWNldw?oc=5,"1 dead when utility pole falls on vehicle in Hopkins, sparking fire and power outage&nbsp;&nbsp;CBS News"
2026-08-24,2026-04-07,sector,Xcel Energy,FOX 9 Minneapolis-St. Paul,Xcel Energy CEO: Data centers won’t impact your electric bill - FOX 9 Minneapolis-St. Paul,https://news.google.com/rss/articles/CBMijgFBVV95cUxNQW1sWlg0cURITUd2ajlRbGlzSFNyb2wwenlFbldBbkl2MVR3b25CdjVjaGozN3pNeFRlWl9ITmt4ZmpTR3BZWDBudWljMlg5a2NzazVEU2VKcU5hODFmS2dPc2RKSWhUa0xFLXUtMHRQT2xWQ0JadXpNWGlhSzJ2bmNVeTZKS1VWWThpcmJR0gGTAUFVX3lxTE9GSDFRZlFHS3RwbjJzR01ULXNMTGZkXzF4Y0ZJWWVHbnZuNlg2enh2VUNBN2FMdVhCWmsyVTZzNlZtWmRXaVUxbzE2cVU5V0J6RmJxZmdobWtRcHc0OHByVWdkRGdMMjVPU0pBZlBvZVd5LXRGbUZQdnB2MHZ3Vkw2VWRreVJLNkNSNnRzV0VRTk9LYw?oc=5,Xcel Energy CEO: Data centers won’t impact your electric bill&nbsp;&nbsp;FOX 9 Minneapolis-St. Paul
2026-08-24,2025-08-13,sector,Evergy,KCUR,Missouri customers can't shop around for electricity — because energy companies are monopolies - KCUR,https://news.google.com/rss/articles/CBMinAFBVV95cUxOeXhRU3JUR24zeWUxY0NycWk1cHgzR3NMM3pvX3k5VmtrT2xFOUtGTzRya0JRekVjc0xXcTdwQktwMDB6MXdmajZvTWlkSnFUUU13MmtjT1J6OE5KdEhUdk03ZEJOeVFJV3g2cmJBRTYzblgwVDZNc3kzYUpzLXdsVDk1ZmsyMnd3VWdqaUlyM004bUpncGRVRE9sbUg?oc=5,Missouri customers can't shop around for electricity — because energy companies are monopolies&nbsp;&nbsp;KCUR
2026-08-24,2025-08-28,sector,Evergy,Axios,"Data centers could cut your electric bill, Evergy says - Axios",https://news.google.com/rss/articles/CBMilwFBVV95cUxPbjl5QkdhU0ZYWnVxejkwQnlIektqaDM0UlI4ejAwRHk3VUtrQ0NXYmF3RVdWN0VGUk9oazVzUld2YW1QU2pNOG4xVDVNMnppeWlwT0MtcmluZ3l2ZzBfejRrcjc1MFkzejZUbV95azltTnk5R0xTcjhndjdBRlNLYmtDV09EYTJEa1VqUHlqVzYwSFJUSjM0?oc=5,"Data centers could cut your electric bill, Evergy says&nbsp;&nbsp;Axios"
2026-08-24,2026-08-24,sector,Idaho Power,Idaho County Free Press,Idaho Power to sell Oregon service - Idaho County Free Press,https://news.google.com/rss/articles/CBMi0AFBVV95cUxQb0ZRVlh3Zl9ZSGd1TDVFazRveGVKSktRM1gycVljX0Rlc292aldSbk1Td0R2ZEN4RXpMWG9fTE1QS29VV1NGSU9aVE81STFIY0hJMDBHTUNnS0JfNVBmVzVvdmpKSDJ1SlZEVE84TDk4TmdYYkZrOUdacEVaZk5IdTRzV0FWdnI4d1pneEVNSlMyTkFubXE2RzFvZ2dXWkw1MDhxUko1OTI1dU9jRWd4QUhPU280cS1BTXRMcGRPOU0zbHpwRlFUQ2J6X2wtaDBp?oc=5,Idaho Power to sell Oregon service&nbsp;&nbsp;Idaho County Free Press
2026-08-24,2026-08-24,sector,Idaho Power,magicvalley.com,Idaho Power to sell its Oregon service territory for $154 million to Eastern Oregon utility - magicvalley.com,https://news.google.com/rss/articles/CBMijAFBVV95cUxNaFE2cGRXS1N2Q1V2TWUyWUtzQnFTVVQxUGIxUzE0dEJ5enlNamszSkU1d0p0Zkt5dWZsYzRLbi1xSFVsMTQ3MXZCWGpUQk12Z2JZZW9tTmJTckt2ZnJ6dHBrQy1waFNiVmJqbkg4a0VVVnJJbzBqd0xWeDI0bnc3NTlTSFcwWWxpZnhIbA?oc=5,Idaho Power to sell its Oregon service territory for $154 million to Eastern Oregon utility&nbsp;&nbsp;magicvalley.com
2026-08-24,2026-05-21,sector,Idaho Power,Daily Energy Insider,Idaho Power seeks to sell distribution system to state electric cooperative for $154M - Daily Energy Insider,https://news.google.com/rss/articles/CBMixgFBVV95cUxOZzgtdWFpTGVLaloxUl85MHh0X2NwbzJwZkkxbzRZUTlVS2d0a1VQbmx2NVhWdTRhbE5zYVdNVGNVYTBWUFFZakhibXA1N1g2UzUxYi1fUW1VZmNKOTB5cFZuN3NGaEJwbzdPNlhhMjZxQzFLZVRKRGIzWnFxZW1LSjVRZjdOQjJTUGRkTVo3d3c3TjN2UGlpS2k4VTNFTDdpTFVWWktEREE4VjlHZ3JIMDVHang1ODNoZGJWUE1IR0xtbkduUlE?oc=5,Idaho Power seeks to sell distribution system to state electric cooperative for $154M&nbsp;&nbsp;Daily Energy Insider
2026-08-24,2025-01-03,sector,Idaho Power,KTVB,Idaho Power receives rate increase approved by Public Utilities Commission - KTVB,https://news.google.com/rss/articles/CBMi2wFBVV95cUxNU0tyOU9ib0MweWJuUDNqZml4NWtQOUlDSTNnblJjMlBHNEFMMEV4cTFId0o5MWVyOXQ2MWg0aE9aMmliZ2Z2QWZ4bk1Mak5aYU01SGFCeDZXUTFHaVM4V2tmeEQ5VTM4TGd6Vk9FSy13V2JjR25aQ1Y2T3NIeTNfMDR2dmdnTm9wY09aYXVUWEVMbW14RFJWX3BmcWw3T29QNWhVa2ZDSjNtVFVRcHplamlVMlRsbVlUXzhkNXNpUW1HZUVobkZlMXZDQ1ZRdmRLaHJDcHZQdG5FeGM?oc=5,Idaho Power receives rate increase approved by Public Utilities Commission&nbsp;&nbsp;KTVB
2026-08-24,2021-04-17,sector,Idaho Power,Idaho Statesman,Idaho Power wants you to pay for added costs. Here’s how much your bill would rise - Idaho Statesman,https://news.google.com/rss/articles/CBMidEFVX3lxTE5MZmpReUtmNVdUeUl3TUZsdm9rRHI4U0l5aHh5czJ3VlpLS1pjcmRMWTFtM3VpLUxCX3RtR3dOYzd1SW1ubGpON1JoakV3c1pfcDVQaHRnNUxTS3pTeVV6ZExWUzF0bE1ISTh4bHd1TnV3QWFq0gF0QVVfeXFMTTVVa2xMYzVteUN0Vk9lVUlueTZqeVk1Y0NmNmpRdDNpZHRlaFZic3l5Qi1UZ0E3R0l4N0lxbVpmWERZUVlFdXpQSnp4ZE01WXhsaU9nNjBDc21CT0tPaV8tWDZnOGFWeF90QURxRzNrNlpJVzg?oc=5,Idaho Power wants you to pay for added costs. Here’s how much your bill would rise&nbsp;&nbsp;Idaho Statesman
2026-08-25,2022-12-10,leadership,,Lynnwood Times,Executive Somers visits Japan to form investment opportunities for County - Lynnwood Times,https://news.google.com/rss/articles/CBMiZkFVX3lxTE9DWW82b3kwbFlhUHU1dWk3Zjc5NVh6MXlrYmVSUmtRMTF2eFZQcFZxd3E2dk5fYlhhM3BEVW5yQkZyZGVRN1FHNXBjQ2RpNlBCSGF3QmM4dVdYQ0tWRXJhdnhSRGtoUQ?oc=5,Executive Somers visits Japan to form investment opportunities for County&nbsp;&nbsp;Lynnwood Times
2026-08-25,2020-12-09,leadership,,The Business Journals,Jaime Bodden connects public health and civic leaders in pandemic response - The Business Journals,https://news.google.com/rss/articles/CBMiowFBVV95cUxPcWxjam5kWm5FN0RMRFVPZlNROGg4SjhMUFB3aVczaExpcHdhODZKYUdOdTJvZllpeUlJcWxKMjItbG9OcFdBREhfOF9YTnpmd1ZUNW9ySGJWUnpZUlF6THRrR2ZYaC1XeldhUksza1hHQ1hBY3Y3Sl80bFVoUmNQb3pUTC00YlhveUNrX1RsZl83TlRYYXhLVDJod25ydC16MXQ4?oc=5,Jaime Bodden connects public health and civic leaders in pandemic response&nbsp;&nbsp;The Business Journals
2026-08-25,2026-08-24,company,,Mshale,"Puget Sound Energy Working To Restore Power To 386,000 Customers After Windstorm Goa Vs Mohun Bagan (ZEeH3sswcy) - Mshale",https://news.google.com/rss/articles/CBMiW0FVX3lxTE43MlprTEowcU5Rc1hzbHFQQS1ySnNldElXMkpKeEsxSHZYcnQtVWYtaENCZUxtdlc0OWlxWnltanpJZnNqXy1XeHllT3U0SDM4QldCVVByT1NLcmc?oc=5,"Puget Sound Energy Working To Restore Power To 386,000 Customers After Windstorm Goa Vs Mohun Bagan (ZEeH3sswcy)&nbsp;&nbsp;Mshale"
2026-08-25,2026-07-30,company,,NonStop Local KHQ,Brown challenges PSE rate hikes as public hearings approach | Spokane News - NonStop Local KHQ,https://news.google.com/rss/articles/CBMizwFBVV95cUxNcDB2VFdmVmNZMTVNZWhiYXgyS1pIT3pnUUFxQ25NeFZRYU9QRnZvdlZXMExJaWV0aGtsdXBaQXdWamRQRUtYblh0LWRycDktcjE3SUl2Tko2RUQwV1hPRFZLVGpXYU9IRVo5VmtOTXZ5dUNGRnV4SzVJR0FZZ0JXM05DRERsaThLQlg4N19KbEYxZmk4QWdiaVQxTURjdkQ2RW1hQXFhTkZjelA3S0JWU2t6UF90a0lLT3FoZHNXa19jeTJibUJxZFp0VkMzUDg?oc=5,Brown challenges PSE rate hikes as public hearings approach | Spokane News&nbsp;&nbsp;NonStop Local KHQ
2026-08-25,2026-07-25,company,,Whatcom News,Crash leaves 2 trapped by live power lines inside vehicle - Whatcom News,https://news.google.com/rss/articles/CBMilAFBVV95cUxNWUh3M2JkMUJFZlZLX2o1ejhLNjlFUG5BQnZLY0RqUnRzbWpQbEdDRGtNV0dKanEtNHVfSk5LWDRYWWVvOHRGamZaMlkxWWV3b0ZVVFpjMXR6cS16SDVZRGpjMlhnM3R3bUlhS1FlMHZTQXJucVR0TXE4ck43YzBuZzh1QlpaaTE0OWdXWUo2Y0lyX0NP?oc=5,Crash leaves 2 trapped by live power lines inside vehicle&nbsp;&nbsp;Whatcom News
2026-08-25,2025-12-05,company,,KOMO,Power fully restored after high winds cause outages in Seattle Friday night - KOMO,https://news.google.com/rss/articles/CBMivgFBVV95cUxOY3hETkUzYVRMWVd3Ym9JV28xMV9uZHpXMktKdlRGTDYyeERWWkdveEhfd25HOHA5RG42cjRrTDZYbDlzam9jQzRUVmhTR3NHWFJBdmRHZXRDLWJVdFloNGJIYU5NdUFJaUc2Q1VkWXBBekk0Rzl4ZjJCX2tVSHljSUt5YzNqeVFsZ0NIeWFJY0xnMlA5Z3F3NGJXSHJiYTRsM2drV0E3RzJCeWd2cHV1YkI3c3BaSXBGU1VUY0F3?oc=5,Power fully restored after high winds cause outages in Seattle Friday night&nbsp;&nbsp;KOMO
2026-08-25,2026-02-11,company,,MyNorthwest.com,"More than 23,000 without power in Puyallup area after 4 substations go out - MyNorthwest.com",https://news.google.com/rss/articles/CBMia0FVX3lxTE8yVUgzYk5iVllPM2Z4YnRHT21NU3pZWC1xU2dELUh2eHkyMkRncjd3bnJ4UjdReW0wR3F0bjhZTjZCUGg4Q1JuQnZWOTZ2M2hlbVl0V2dTNGtLbjBIYnNtU081N0FIU2kyb013?oc=5,"More than 23,000 without power in Puyallup area after 4 substations go out&nbsp;&nbsp;MyNorthwest.com"
2026-08-25,2026-05-27,sector,PacifiCorp,WIS News 10,Oregon regulators want full review before granting PacifiCorp utility rate increase - WIS News 10,https://news.google.com/rss/articles/CBMiwAFBVV95cUxQLUtiOU9FTkZDc0U5RjVsOTNiQXI3U0hMMGxrRlN1R1BVSVo1UjdVSVQ1ZUVLRWt4UjJCcDYtZElyTm5MdFhOS2QyMnJ5bDRfd0xyUGxWeXlsR1pkOWdwLUNwa0dINGxnM1hHWGx2TW5FWVFNMFJXVW1IcXhLS1BWaU9uUnA2bGUyNVE0dzNfLVktV2QwdExiM2hHUzI4cnFxVUVxdnFzcnlRbVlNbExwaHo0bmNmUDNaNGpVdzZBM20?oc=5,Oregon regulators want full review before granting PacifiCorp utility rate increase&nbsp;&nbsp;WIS News 10
2026-08-25,2026-05-27,sector,PacifiCorp,KVAL,Temporary PacifiCorp rate hike request denied in Oregon as March decision nears - KVAL,https://news.google.com/rss/articles/CBMiqwFBVV95cUxNZ2FRX2NfZ0gyOGNjTWlWTS1VWXFtSURzUVM3UEdhd0NTX0Y0YVlsWXNKTnZKR2FHWUxKRkpocnRuVUhkeG9aYjN5d24xbE9xRFUtMXdOMXdlc3JRdUpPZHlING43NmVOTldEYzRqQmIxcFlsel9PS0xLZzJnMVNmRVdLdmc5bjdDeHJjVmVqa2d2MjlUTVR6MU85bXBvRzAyQkczRkVQQXFyMlU?oc=5,Temporary PacifiCorp rate hike request denied in Oregon as March decision nears&nbsp;&nbsp;KVAL
2026-08-25,2026-08-21,sector,Portland General,marketscreener.com,Portland General Electric Company Submits Tariff Filing to Federal Energy Regulatory Commission - marketscreener.com,https://news.google.com/rss/articles/CBMi4gFBVV95cUxNb05aNjdOQUo4cVdMZG9FQUNKN2NKb1lOY0JLS3YySzNYY3FEa1huOEJCM0hqMTktNmFrWl9peE8xT0d5MWtaSXNYbnJqRmtEajlicmoyUzRFVjVMNFJRUTVneERnX0twRThjVHVZYXcydVVObmQ3WkpsM0IydGVscXpkdnNIaVFJWllONVVfcVdnSmNaemczYUlqbWk5cXZiZExJOURwX0lsX1c1T2kwdnB3dS04UkRkclVYX1ZXTmR0OHlxM2NkNXA1a0YyeldULVIzZHN3QmpwalkyU2RBSUJB?oc=5,Portland General Electric Company Submits Tariff Filing to Federal Energy Regulatory Commission&nbsp;&nbsp;marketscreener.com
2026-08-25,2026-08-22,sector,Portland General,webull.com,PORTLAND GENERAL ELECTRIC COMPANY : WELLS FARGO RAISES TARGET PRICE TO $58 FROM $51 - webull.com,https://news.google.com/rss/articles/CBMiWEFVX3lxTFBudWVwSXdzLXdsZldacjZJbTJzRnZabzR3d1BSS3pLczUxQV96ZTItZWVETEpLRjZFYVF1NUVrSmxSR25tbkJ5WmV6aG5yNUFzc05fS0l2eWE?oc=5,PORTLAND GENERAL ELECTRIC COMPANY : WELLS FARGO RAISES TARGET PRICE TO $58 FROM $51&nbsp;&nbsp;webull.com
2026-08-25,2026-07-16,sector,Portland General,KPTV,"Lightning causes fire at Cornelius substation, hundreds without power - KPTV",https://news.google.com/rss/articles/CBMipwFBVV95cUxPRFJRWVRtblB1NE9rQklDM2Nxc1hzMjNoZzBUMlJ1czlvZmVSSlNuR0dLeDZRM2h4cV9ZMkdaMDZ2anhvQWwxZ3JCQlR4VW1hejZVUThtVVFSU3FHQ1ctQ050aTVHX1hDSmVVbTZHTmUyUGpqSzl4NTMtWWE3SkoydjhLNURQakREU0p3MGVzNjY3TUNJaU43YWllZ0hNTXdyMUpiSGt2WQ?oc=5,"Lightning causes fire at Cornelius substation, hundreds without power&nbsp;&nbsp;KPTV"
2026-08-25,2026-06-20,sector,Portland General,KATU,Power restored and repairs complete after semi-truck pulled down Beaverton power poles - KATU,https://news.google.com/rss/articles/CBMiugJBVV95cUxPT2VUdVBqUUhTdEtuQjh0dEk0RHVkeG1HV3FyTFlNbmtuQUV3QU5JRTE1cURVZ1MyTk02dXd5ZXBHSzBOTkJoMkZhM3RwNTloWmhBTmp5SFp1c09MalNlZ3MxaFE5aHBiZkVYUHIzSW8zSlNVOVVtN3RJMGlIZWNVbkRIUU5aOU9JT29hWkFhck95QlZYdWcwc2lkWlo4ZjQxTzBWRHFpSzFFeEJOUXBZMUlrYkc2SEgwYnYwZWNqRHhNcnFjNy1ER0E4MThBX0xaR2pEcnBBa3hBQkh5YnJlakV2UlhXTXpQbHJmR3BGLXc4T3pmNElGZUsybjhHcERMU3pwUUkwOVN4SHNvNzR0Q0ZxVDFCMEFCNENyakU3SGYycFhUdkdtSWVkTDd5cnIxeE94d0NJOUFlZw?oc=5,Power restored and repairs complete after semi-truck pulled down Beaverton power poles&nbsp;&nbsp;KATU
2026-08-25,2026-07-28,sector,Portland General,Kalkine Media,"Portland General Electric Director John H. O'Leary Receives 3,073 Shares via Annual Equity Award on July 24, 2026 - Kalkine Media",https://news.google.com/rss/articles/CBMi7AFBVV95cUxPOTczbjNNalR4ZE9xclN4NEd2MkdzV2UwVzdZQ2lsYjF0UngtU1pwZklxamlldktNNXpQWXl5RW9Yc3g0WWE2TFpZLXFKdUp4Q1p1aTBnMFZ0NkVoTDZSa2hZWmk2cHdvckxKWExiT04tdWZKWFh2RnVPakZ2aE1na0UtbWF3RmdlV3lvaGZ5V2N5QUdfUmptcThBX1J6NEFQVlNSZTF5ZFhZZ1B0Rkd4YXFWdHJsVTNuZnFqMXJySGZUbE5qUkxVUUlxRFBPZkpCb1NxX1lHZXpfMmFQX1g0YTJWdVVPZ2ZoeUp2bw?oc=5,"Portland General Electric Director John H. O'Leary Receives 3,073 Shares via Annual Equity Award on July 24, 2026&nbsp;&nbsp;Kalkine Media"
2026-08-25,2026-07-28,sector,Portland General,Kalkine Media,"Portland General Electric Director Patricia Pineda Increases Stake by Acquiring 3,073 Shares via Annual Equity Award - Kalkine Media",https://news.google.com/rss/articles/CBMi9AFBVV95cUxQQmdaeE91ZTQ4Qk5sdXY4X3dNaFNKTjNKXzlRbnZxWUsyekhiandFRGdvUjdrSkxhRlI4V0hHVXZ1N1ZiM1FxVmI3MXVhWU5OMl9ZUHJoX2x2QndNNG00QjNRc1VIR1c0YjBBWmV1WkhYRlVxalhRRlJmNEZZRFk4ZThOM2t5MGJJaFRreEJreTBNbktJWWdMUjREMEFTRjVhWXhWSWZ5Sm9LLUtKbHJPckRISHhZY3VTbWd5OWtiNnE0Qkpib3dTc0FIWkZ5LUdULVUtOEhsUWhPaE5WdEppSEJ2akd5RnJFM09iaFJEQlFpV2RN?oc=5,"Portland General Electric Director Patricia Pineda Increases Stake by Acquiring 3,073 Shares via Annual Equity Award&nbsp;&nbsp;Kalkine Media"
2026-08-25,2026-06-19,sector,Portland General,KATU,"Semi truck knocks down seven power poles in downtown Beaverton, prompts shelter in place - KATU",https://news.google.com/rss/articles/CBMiywJBVV95cUxPODY5NkJTMmRQMnVydFFJdGRrcWMxUW9idzBRbVRTcHVRNU9kN3NrQldOdTBGV0ZqY2lZeHVXdDBpY0gwN2lja1YwamsyZFB0WnIxR2c4WmY5bkdaVnYxX3N6Nlk1V3ZJaFpwRy1VNUJXWVpOUWIxQlJfMkFYeEhEQVg1SVl3WnI5bmZZV0FNUGZUeFdYY0NhWVFpNmctN0tZMGc5Ujk4c3pNMDhqWDBTbmdIN0I2MzdYdU5uVkpJd21QX3RBN01NVUhHVWkzV2R1QXZyS0ZCRTBrMmgzOXhmQ29SeXE2X0tUbGJQMm1ac2JYQ3RxWGtBckROaUVPSkVYZmhDZnV6STFDa0gxNGJPZFRfcldWNGlFMkpmeHBFaElKeTBRVEdlc3BiTmVnWXFqTGJvRDdUckdEVjFDMWJPMEtwRkpLSEI2bEVF?oc=5,"Semi truck knocks down seven power poles in downtown Beaverton, prompts shelter in place&nbsp;&nbsp;KATU"
2026-08-25,2026-04-16,sector,Portland General,KATU,A fire waiting to happen? Researcher warns SE Portland could mirror L.A.-style wildfires - KATU,https://news.google.com/rss/articles/CBMiswFBVV95cUxPdVNzTWZZZWYzdDA4U1pqNnotN3FCOTFLMDdrY24wYVVOQ2dHM0huQ29MV250NWw1alliZXdHRTdRQzIwY1MxYmlWa2lOYnRzYWZwRWdTV05SRjMxdENrYU1VY0pZcTZFc3llY2hDY2N0WURhX0YzQndqQ2o5VmFtYzJuTUpzZGhDbmF5VUw4Z05tRUpSN29KYkFldnV0MWg4MG9ZcFFGMk1vWTlzeDhTX1RSdw?oc=5,A fire waiting to happen? Researcher warns SE Portland could mirror L.A.-style wildfires&nbsp;&nbsp;KATU
2026-08-25,2026-03-18,sector,Portland General,KATU,Power pole crash knocks out power in Southeast Portland - KATU,https://news.google.com/rss/articles/CBMi_AFBVV95cUxPQjJfQm9BSFlTN0doaHRLMG5xckU2V3FiTENQSmZqd3dVeUNrcEFhQWpqX0duaDVQU0c1RkdleTd5eThra1NWd3dMcGo3by00ZFRXZ0ZFUnlOSmo4SjZCcm1fWFZ0SXVpcTRPcHRITVJGMjlELXRjYXlXVmJncmMxNUwwaUV1OFdUend3VVRoRk1nSGJhWkdaaDRUZkJQd2ptNDQ0Vk91bllnSDZkdG9YNW0tbW1qa215WFRVWTQwVlI3Wm9xeWt2SFgxNFV5dzZZaTBqVFNSeUNKQlN5TVpwbG9zbU5YaS15TWIzOGNvWFZReUpOU0lTTEZCeXc?oc=5,Power pole crash knocks out power in Southeast Portland&nbsp;&nbsp;KATU
2026-08-25,2026-03-18,sector,Portland General,KATU,'It's just wrong': Sherwood community pushes back on battery facility near wildlife refuge - KATU,https://news.google.com/rss/articles/CBMi2gFBVV95cUxQQnZ2Q2g3Q2xMUVYwQTVmWExvdjZiZmpjODAxb3Zmc1JlS3BXWXR1M3V5Tm1JRzFkSkpJd2FrbzFneVJMSkREbWdxLXcwSHdwdTJSUGMzdmsxS3pPRGZJYzNVS0JOaGVONE4walBxRk5zLTNZb3ZwQzlRd3RUTlNqdzZzMEFEbkx4bHQ1OFRzY2tXV2pPNVpEdERTVVRUenduSnBZYzZla0s5M3loQUhoLU9Qd2NJVGN1UFBRT0VDTnpfc0VRTWxpRE1jcGtZeFF2OWRYeUxyZ05fUQ?oc=5,'It's just wrong': Sherwood community pushes back on battery facility near wildlife refuge&nbsp;&nbsp;KATU
2026-08-25,2026-03-15,sector,Portland General,OregonLive.com,Drone footage shows herculean effort to remove 60 acres of logs from popular Clackamas County boating spot - OregonLive.com,https://news.google.com/rss/articles/CBMi7gFBVV95cUxPT0JSNVg4WTU1YzlCWEhENF9YbXZvNW41VnN6N3VDUmtRbGhuVVRPZ2wyMWUyUUhLMkNLSzBJS1BkOWZNckhUZ2M0OXZuV1JlSTNrUkVGTjNvNE9qeV9ial9CRVU3a3dkLUxfZW5JUFpHanVWRE5rLWFHTmNuTE5xZEVwU1dyRHBKbms3c2R5Z0g4UHM3M0F3aTZSR3ZXa0ZraUR2ZHpkSVZsZXhaMEpqQ0NuSlBlM1VVVHEzTlNlLUNkc2ZTbEQ2X3hldDQtM3VIR1l3R2Y5SnBaNGc4Ti1VbjZhYTQyekRYTDRzaUhR?oc=5,Drone footage shows herculean effort to remove 60 acres of logs from popular Clackamas County boating spot&nbsp;&nbsp;OregonLive.com
2026-08-25,2026-02-28,sector,Portland General,Oregon Public Broadcasting - OPB,OPB’s First Look: U.S.–Israel strike on Iran - Oregon Public Broadcasting - OPB,https://news.google.com/rss/articles/CBMiggFBVV95cUxNSEJzSkZxTHZxeC1peHMxM1VwejZVN0M3N01UY0xUcnBCMFBhSXgtUTEzMGtHaVdNR2M1U2pOOGNocEd0cHRvVmtUUDhxcVByc1g2R1dzUTBybXpkQ2ZZVGJDWWotSGR5ZU92R0R6TjI0cFEzclRhS3JmcTRLeFdRYjN3?oc=5,OPB’s First Look: U.S.–Israel strike on Iran&nbsp;&nbsp;Oregon Public Broadcasting - OPB
2026-08-25,2026-08-25,sector,NV Energy,This Is Reno,"NV Energy restores power to 3,000 customers affected by Hawk Fire - This Is Reno",https://news.google.com/rss/articles/CBMinAFBVV95cUxQQ01GNEhuaFVUdVh2dUttdlp1RFlXM3JyOGM1bk1VaUdQdU5tSVp2TnFwbnpiQUtGT0kzcUhDZ2VnU0s2WmZqQ0pENEl3NldmT3BEV3AzbURQRGRadjhxQ2lSNDlyazk2cmc0a0liU2IzX0huU282ZXRMOENjNU94WUprbVFZTV9mSHc0UHBVeFh3QWVsYUZDaGFRVWQ?oc=5,"NV Energy restores power to 3,000 customers affected by Hawk Fire&nbsp;&nbsp;This Is Reno"
2026-08-25,2026-08-23,sector,NV Energy,KSNV,"NV Energy cuts power to 10,000 in northwest Reno, North Valleys as wildfire nears - KSNV",https://news.google.com/rss/articles/CBMirwFBVV95cUxNYUR2ME41UEgtUE9vdXJCLWp1RXRfZlZBTHI3T1NmVDl2cS1sY3lHbFR0dVNFQ3F0bEczY3VTQXowY2xFWXY1V1dNbGV1dzhoMTFrZnpKVi15NWlSeEQwTE9WdmxXYnRnYUFOV3pjeE1LeVdVbVdJbkVOS0s0Tk41b3RqWFgwZEk2TzJRLUdReGNDNF9NY2FHeGp5RlY1cl96bjJ5WXN2cVdQck5FS0NZ?oc=5,"NV Energy cuts power to 10,000 in northwest Reno, North Valleys as wildfire nears&nbsp;&nbsp;KSNV"
2026-08-25,2026-08-24,sector,NV Energy,Nevada Business Magazine,United Way of Southern Nevada and NV Energy Assist Over 800 Seniors Through First Two 2026 Project Reach Senior Expos - Nevada Business Magazine,https://news.google.com/rss/articles/CBMi6AFBVV95cUxOOUJQV2g4ZkpHSGlJSFVmUmczc1E4d29xYlVrbWliZllrQ2t6Zkp1VVl4SFVocmdJbTI1NWlnaUIyZVlHNzVmdVhFdDhvRDFSYXA0M1BXQ1ktYlE4WUVhUnNYM0VxZkIzU3U2RTZ6dW1Dbk9kTnc2NHN2WnhYWHF4REVVOUNSSFRyLWJsakV5dVZyOG5LX244YnUwOVZqcEFVOEZ4TTE1UnROWjJzUDRlTG9KdHhiRm95OWhJMUQ2TVNyUkdMNWFyMmRseDhMQU5RazJSaDJfRTA3OG5rZDZWdTFYMktpN3My?oc=5,United Way of Southern Nevada and NV Energy Assist Over 800 Seniors Through First Two 2026 Project Reach Senior Expos&nbsp;&nbsp;Nevada Business Magazine
2026-08-25,2025-12-17,sector,NV Energy,KSNV,Nevada AG challenges NV Energy's new demand rate charge in court - KSNV,https://news.google.com/rss/articles/CBMimwFBVV95cUxOSEp5Y1RUcFVIbExMeHFIMHVZRHc4VzhiVEhjNHh6SjRIZHFwWEtIOFg1dTJqV3ZZZ0tpMFNMNW45S3h3anlCR0NOTWhJOTFCQURyOEFzNkF3dUJzNmUxUjd0WjktZzh4cXNiTjlSdTRYR3ZiWDMzdC1zdXM4NEVUU1lPTndfQzVFSFJvN1pyZmxPN2kwQVdmMWhqcw?oc=5,Nevada AG challenges NV Energy's new demand rate charge in court&nbsp;&nbsp;KSNV
2026-08-25,2025-09-18,sector,NV Energy,KSNV,NV Energy offers to issue $32.6M in refunds for overcharging customers - KSNV,https://news.google.com/rss/articles/CBMizAFBVV95cUxNWXl1YjdPaV9PYjl6eERlSURNRUwxV1pDVzFybXdPcGtHa0lLV0gzdjgtNWNNbjlqdk8wTExGSGQySGo2WTlJeDJRQXlPM2RNSVRBMGowczZ3S0dxTXdoZ3pubzJQYTJqdVhDeW5DTmZNZFIyeWVrS1h1ZDRScXY2ZWlTcndUOHJNSDItd054UndRLUtXX3laVHhScHd2dHZLOHJ1cjdiVk45UzBjQ0FSZmNnS1IzTEVoTmRoRGNfbUkwVkNMT1hxTWVaNTI?oc=5,NV Energy offers to issue $32.6M in refunds for overcharging customers&nbsp;&nbsp;KSNV
2026-08-25,2026-07-29,sector,Arizona Public Service,AZ Family,How APS & SRP prepare for record demand - AZ Family,https://news.google.com/rss/articles/CBMiekFVX3lxTE5UZzV6aWJ0czFZVUE5LWJiQVFrMWtiZzhlT0pMV3hrYVFMVEluSEdGcE54eUpiQ2l2YnJna3lfY2JXdTZxUTV6dDZrX3NZOS1DSEk3VHNIelhzMUphXzBoNDZ3UU9tbjBDODlmMEgwT1h3QVNZWllpQ2R30gGOAUFVX3lxTE9tMU9lS3Y4RnpEeTdwVmhrdG5JQ3VEcGp4ZEM1cE1VYWoteWFqeVpNYjhsQ3Y5X0lzZ3QzRzQyaS11ajFnd1ZXTTZOeXkwNDJJZFdnVjBNRlkwOHZxbXgxZmZuOTVwczNQZ1Q1QXNVYzhrd2xtRHd5eTBIUElPb290UEF0U0F5N2tLRUZxZXc?oc=5,How APS & SRP prepare for record demand&nbsp;&nbsp;AZ Family
2026-08-25,2026-07-22,sector,Arizona Public Service,RTO Insider,2035 ‘Snapshot’ Report Pinpoints Problem Areas for Arizona Grid - RTO Insider,https://news.google.com/rss/articles/CBMimAFBVV95cUxOaFQ1SUFPZlU0cjJmQjRMLXV4cThTTE1rRy1tZTA3OGpVeDlVeHpod2hkcjhQOVVTMGd2OC1PbEZhMGRwc0wwU0NRWDdSREdDamdCRC1wN1V3eE55MWJ3LWtWMGJlM2h4eF9KY1FmOHlDVG5mX0czeDZaa2MyMzU5anl2ejJVQjEtODZNdFk0UFdjRjVuMVRjSQ?oc=5,2035 ‘Snapshot’ Report Pinpoints Problem Areas for Arizona Grid&nbsp;&nbsp;RTO Insider
2026-08-25,2026-06-30,sector,Arizona Public Service,yourvalley.net,Peoria sells land to APS to help power innovation core - yourvalley.net,https://news.google.com/rss/articles/CBMitgFBVV95cUxPYXQyVHFSVm9DQVJTNndlSDVPVlVVa0xKS2NPVlpfT2hMRU50STVPQXNhX0E0elJLa3dOdVU2VU9hd3Bmd29XMU5WT2ltLUlpVENRZ294RGRHaTJCdFlDTUtNci05cnRtVlprWHdvYXhKWHQ1RktZX3pTbXhmR1F1NG5OeUJ3SHAwU3hNZlhpVk9ESE1WU0lacE9VTXRRdm1jeFM0UWx6cS0tbHV0Rmd4OXFWUEJMZw?oc=5,Peoria sells land to APS to help power innovation core&nbsp;&nbsp;yourvalley.net
2026-08-25,2025-12-04,sector,Arizona Public Service,State Affairs,Arizona commission slashes APS' DSM budget - State Affairs,https://news.google.com/rss/articles/CBMimAFBVV95cUxPWGZ0MlZFZnJ0UUp1N2NyZnZaaGxuM2Vjb3p5UmpOOTl0c2FoNm8tYTFva1ZXaS00TzF6dDF3NnhxQ0JSamhQOC1Yc2Yyd19OYVpEZUpJUnQxU3h3MzlheVMwOWJpbExqRzR5YlF0TnRoQVF6SExwcDhIM2UxVUdQeGVjWW1TVkZtel9kVms2am1mWjRHODRybQ?oc=5,Arizona commission slashes APS' DSM budget&nbsp;&nbsp;State Affairs
2026-08-25,2025-10-13,sector,Arizona Public Service,Sedona Red Rock News,APS seeks a 14% increase - Sedona Red Rock News,https://news.google.com/rss/articles/CBMicEFVX3lxTE50S2szdV9NdXJtUVVzNURVUlg1R0FUdnhLLVNPUU1qVm5OeHJxMFo4ekI0RjM0b2FCLXpvM3BFMEtpdjhpWTdHUHZndDR1SEdfYUNHZGhXYkItUldwYkpzVE1XMjJwU2ExODdCQ0UtdkfSAXBBVV95cUxOdEtrM3VfTXVybVFVczVEVVJYNUdBVHZ4Sy1TT1FNalZuTnhycTBaOHpCNEYzNG9hQi16bzNwRTBLaXY4aVk3R1B2Z3Q0dUhHX2FDR2RoV2JCLVJXcGJKc1RNVzIycFNhMTg3QkNFLXZH?oc=5,APS seeks a 14% increase&nbsp;&nbsp;Sedona Red Rock News
2026-08-25,2026-08-25,sector,Xcel Energy,Seeking Alpha,Xcel Energy: Punching Above Its Weight As Stable Income Play (NASDAQ:XEL) - Seeking Alpha,https://news.google.com/rss/articles/CBMiogFBVV95cUxOc1dVZ2RvdWtRRjIxZ2JLbWZ3OVhvT2hpUjNueDJzZnoycWhnbEU0OTFPRDlfMUVfNDNxTTEtRExlNUJ4bDdkS0t0OG1MaFVtQktRLUZMR20yNmNzWlVySjJSakxhX0o5NjBVNG1KOERVRnRqZWZ4bzlHWjRsTlVVbjBwVkNjMDhsdXI5RF9FWFJQU1hBWGVLMml6ZTk2eFVJa2c?oc=5,Xcel Energy: Punching Above Its Weight As Stable Income Play (NASDAQ:XEL)&nbsp;&nbsp;Seeking Alpha
2026-08-25,2026-08-24,sector,Xcel Energy,St. Cloud Times,Why Minnesota officials are fighting Xcel electric rate hikes - St. Cloud Times,https://news.google.com/rss/articles/CBMi2AFBVV95cUxPcHJOdmJJcHdnS2N6Tm5hSDZQeGg1R1Jwc0xodEk1UzF5dTBfSlMzc2xzRlhqS3JMcm5GYUdyRFJ1T3JJRjNjZUowZ1JrQUhnT3BVdk9qSDZSMXYzYmNzMUZTZ3M4S0JlZDBlWFpTMWlvTC1JR01WbnZNOVJWTkVMZFZyVHM0bGNTb21SSjhaNVN3YkdEbmhkd0xSRXYwRi1zTUVTc2x5ZGpJZEtYdE5Zck1Bamd3QkZadHNPZU43YVh4UFlMb01JVjRuWVlxX1RCcW9nR3NiaEE?oc=5,Why Minnesota officials are fighting Xcel electric rate hikes&nbsp;&nbsp;St. Cloud Times
2026-08-25,2026-08-24,sector,Xcel Energy,Bring Me The News,"Xcel Energy investigating after utility pole crashes down, killing one in Hopkins - Bring Me The News",https://news.google.com/rss/articles/CBMivwFBVV95cUxPNkRFVF9BTjhUUDFZRk9zY29YRjV3SUtDcVNKdVo4WFlRUi1XOU1GZUNNenROd0h6V0duUmFqLWpKMllkWF9jcDkycm5QUEtRaF9IN19aWV9XVWpHZWMtOFdWRVJwMWZ6QTVpZ2pIUFpUM2tyRThLd2M0WEhETG1hb19kNHdCZnFpRi1qTGZGU1dRUjZuMFJpaDJYQkN4bXBOUDF0SVZWY0xMOXRsTWduaHVqMzZneUplNzdwMS1tZw?oc=5,"Xcel Energy investigating after utility pole crashes down, killing one in Hopkins&nbsp;&nbsp;Bring Me The News"
2026-08-25,2026-08-24,sector,Xcel Energy,FOX 9 Minneapolis-St. Paul,1 dead after utility pole falls on car in Hopkins - FOX 9 Minneapolis-St. Paul,https://news.google.com/rss/articles/CBMinwFBVV95cUxPcXZRaExXY1dnZFdWaWJrTHFnRHM2ZTZKeVBneXVvNTRab0EtMEROT2JVaVRZSmRQZDMzM3pyRVoxTzVxWEw0dlZab1ZIWW1YUjJzZHBHeWsyeE9RS0FxNnNBUlNTWld5Z2FNQ2tTMGJZT3VhUHRwY25OR2RUMTBZaXNnVXhZX0J6dHNHaldTRWtGVFpzTkNVdFVXdVNucUHSAZ8BQVVfeXFMT3F2UWhMV2NXZ2RXVmlia0xxZ0RzNmU2SnlQZ3l1bzU0Wm9BLTBETk9iVWlUWUpkUGQzMzN6ckVaMU81cVhMNHZWWm9WSFltWFIyc2RwR3lrMnhPUUtBcTZzQVJTU1pXeWdhTUNrUzBiWU91YVB0cGNuTkdkVDEwWWlzZ1V4WV9CenRzR2pXU0VrRlRac05DVXRVV3VTbnFB?oc=5,1 dead after utility pole falls on car in Hopkins&nbsp;&nbsp;FOX 9 Minneapolis-St. Paul
2026-08-25,2026-08-25,sector,Xcel Energy,Ad-hoc-news.de,Xcel Energy stock holds steady as Q2 2026 earnings support long-term growth - Ad-hoc-news.de,https://news.google.com/rss/articles/CBMiywFBVV95cUxOQW9MZXoxLTg5dWJaRXZaeTE2Q2ZsbDFKdm95YnRaUjFHWVNDZ0t2Z1I2aC13TkhWeFowb3Y1cWIzOE9VMlNENWx0ejlFdGlLSURsT3ZlQUREZUFNMG1vbEpjNkZhQ0RpVmd2VUlwYUd1NkFFNXpnUE80QkVJcEZYUi1XNktqc1hoMWgxX3c1YklXRWFMYTFHLUFlTGZVcW05TjM2NzlMd2VVM2lVTEpzZVFoRjFmR0pfSWtDWWlYMllPLVVPZW1UZnVuSQ?oc=5,Xcel Energy stock holds steady as Q2 2026 earnings support long-term growth&nbsp;&nbsp;Ad-hoc-news.de
2026-08-25,2026-06-24,sector,Xcel Energy,Daily Energy Insider,Xcel Energy proposal would establish rules for large electric customers - Daily Energy Insider,https://news.google.com/rss/articles/CBMitAFBVV95cUxPZ3ZsZWlKRUY3d20yeldsOGFiS0d6VUk4YzFzN3QwbnZVYWdQQUNpN3N2alA1VnJ4cVFvSG9VNWFlbmdpd2lvczktaHlUZ3ptZlBGN3B3SkFkWkRMcDJWazhzOG05b3EyNTlDd2xBRlhWYzFQMm9keE1GeVFQeXJsTFZOZURDaVNFRmdxc3p1ck14T0Y2aUJCTTNnemJXdWtNVnlzWTk3NVNvSl9rUTgzeVZGblc?oc=5,Xcel Energy proposal would establish rules for large electric customers&nbsp;&nbsp;Daily Energy Insider
2026-08-25,2026-03-12,sector,Xcel Energy,The Denver Post,"Xcel may shut off power in Boulder, Jefferson counties Saturday because of high winds - The Denver Post",https://news.google.com/rss/articles/CBMioAFBVV95cUxPLVl4VzJla2dwT0xrVXV2Zkp4czg2ZnUtZWlaQzU5MHN3Z3hHNTA1SEIxUGN3VlJZZXFKLU8zMWlMMktMOVh4UlNuTU41Y1lyVnFuY29Oa2dZWUV5NTJGUTBIdXFlU2tYcE5NVVpkeEF4SmFCT2hXRzFhaFZSZUpCYzFkaW9mdUpiR05QSVpwelhyUDd0bEV5eHRTX1B0c1Fv?oc=5,"Xcel may shut off power in Boulder, Jefferson counties Saturday because of high winds&nbsp;&nbsp;The Denver Post"
2026-08-25,2026-03-12,sector,Xcel Energy,9News.com,Xcel crews restore power to thousands of customers after planned shutoffs - 9News.com,https://news.google.com/rss/articles/CBMiywFBVV95cUxOTW56ZjBjRkNMNjYwajJ4YW14RHFzMHNvZzRsS0dscHZ4aUZlc3lGNkFVSUMtek9hNjZhaEVDcjZtcGJtSXV3d1cyZHkyZnpOb0ZiazBEUTJYVGNFT3ZBSnNYZ0dwZ05kSGJmcG90RHowNzFKSEZjQVROamlNTUpsTFQ4T3dqeUJfMzFwejZaZUMwSzUwLXBkM21BRjE0eVNVWlh6X1I1eTBMOHVuVEVSMnB0VU1RQXdtMnZuM0ExYjBvRmZOdWxqdERiSQ?oc=5,Xcel crews restore power to thousands of customers after planned shutoffs&nbsp;&nbsp;9News.com
2026-08-25,2026-08-24,sector,Evergy,Hunton Andrews Kurth LLP,"Hunton Advises on Evergy, Inc.’s Offering of $600M Fixed-to-Fixed Reset Rate Junior Subordinated Notes - Hunton Andrews Kurth LLP",https://news.google.com/rss/articles/CBMixgFBVV95cUxOSEprczhsbDF0SHlOYWZWV1lyOG5CSnJMdWpJRmJsYndOQ1d5V0dGWm5SWkRUTTBsNDlONzZRVEpBbFgwUTVFSzNUSjBwa0xuN0pPclB2YkdkOWZ3QklFV1lfc0o2NDU1V1JRM01KakthMkxJOU9VLWR6Vzc0MzU4aGpWWGxSY21RRkdiYTZlTWRrVy1oRGVNLVlPSlREcWxTaC1BREduWGc2NGlwQUhrT0E4RUswYXFkcTZ6bGdJenM5bHdvMHc?oc=5,"Hunton Advises on Evergy, Inc.’s Offering of $600M Fixed-to-Fixed Reset Rate Junior Subordinated Notes&nbsp;&nbsp;Hunton Andrews Kurth LLP"
2026-08-25,2026-08-24,sector,Evergy,FOX 9 Minneapolis-St. Paul,1 dead after utility pole falls on car in Hopkins - FOX 9 Minneapolis-St. Paul,https://news.google.com/rss/articles/CBMimgFBVV95cUxPUFRTWnlQSnoyNmtkMFUwRXNEUk5mZ2JyX0RqM2xtSzViSkRsS3ZRS3paME85OEpVS3VmM0d4RlVZNUxWMm81QUgxb2dQaDZxNldJa09JQnpfbkUyUFFwVDJaZDlSRnU3Mkl1WjBTRWFEZHhFMVVOcHFJQVY5TVdtUkprRFU5eFdYckd0Z284Y1BIV0Y3ZGJwc2RB0gGfAUFVX3lxTE9xdlFoTFdjV2dkV1ZpYmtMcWdEczZlNkp5UGd5dW81NFpvQS0wRE5PYlVpVFlKZFBkMzMzenJFWjFPNXFYTDR2VlpvVkhZbVhSMnNkcEd5azJ4T1FLQXE2c0FSU1NaV3lnYU1Da1MwYllPdWFQdHBjbk5HZFQxMFlpc2dVeFlfQnp0c0dqV1NFa0ZUWnNOQ1V0VVd1U25xQQ?oc=5,1 dead after utility pole falls on car in Hopkins&nbsp;&nbsp;FOX 9 Minneapolis-St. Paul
2026-08-25,2026-08-24,sector,Evergy,Ad-hoc-news.de,Evergy stock holds steady as investors await next earnings update - Ad-hoc-news.de,https://news.google.com/rss/articles/CBMixwFBVV95cUxOempZU21aZUpqY2JINm1LUmVxZTB6LVlkWDA2OXM1aFQ1S1A2V2pUWG5iVWxncHExbHJnSEZtUTJ3X043UHlLQ3hWZnFCdXlIUS1DOWRqb1pibVBhLXpNOHplNVlFN1FOVVViLUtZdXBxLUtzcTBEb292M1NzaFA0dXFoWEtmUkhORDg1bHpkZk05OXJpcGMydlNaTGlsaDRiME5wdGJpbGkzSHk4R1liZlp2Q1dST2VmX0N0MHhsYjFtelA1cUZJ?oc=5,Evergy stock holds steady as investors await next earnings update&nbsp;&nbsp;Ad-hoc-news.de
2026-08-25,2026-08-22,sector,Idaho Power,NewsBreak: Local News & Alerts,Idaho Power to sell its Oregon service territory for $154 million to Eastern Oregon utility - NewsBreak: Local News & Alerts,https://news.google.com/rss/articles/CBMi0AFBVV95cUxQeDZhMmY0V2ZUVHNsWkRtYm0zR3BkUXVxZWFBcXFwSURoWDdkZ29PanRWQVpERXFoaENoNDlqS3hlMF9YMTB5bVd4THFUVHNOZWlTTWRFM2tHZUk5bnBJZjBJMEM3NnFRdmR3T0JBN1U5dXpyWEY1bjdWM1htLXlGbzUtUmZJeGJESnBFUVg2enpNNlpadC1LRjU1aG9LTDNPRlA1QVI0aFFWZ3hrNFdJaXlFYjUxSm9jcmVNdGEtN19OWld0YUI4Zy1zZ1RZWnJq?oc=5,Idaho Power to sell its Oregon service territory for $154 million to Eastern Oregon utility&nbsp;&nbsp;NewsBreak: Local News & Alerts
2026-08-26,2025-08-20,company,,Power Technology,Puget Sound Energy’s Beaver Creek wind farm in Montana is operational - Power Technology,https://news.google.com/rss/articles/CBMijgFBVV95cUxNa0ZKQl9IZ2Z6LUVDUUdYRXhqQWNHSDJ4VG1rTHA3ajZ0cHN2OHhDQjdKSzhrM040S0k5dHdHYWxWc3JER0M1OEE0QVoxTGY5RUt0QXRJUGFXb0lhOWRUY2VvSGd4MFR3NFY0NW9BTGNaN2JwT05oZFRHSjFuNEx0aHJCaDZ1eGd3b3lmWHZ3?oc=5,Puget Sound Energy’s Beaver Creek wind farm in Montana is operational&nbsp;&nbsp;Power Technology
2026-08-26,2026-06-22,company,,Washington Policy Center,Don’t Blame AI: Why Electricity Rates Are Rising in Washington - Washington Policy Center,https://news.google.com/rss/articles/CBMiswFBVV95cUxOWEV3YkYxQlR6Z0VmMUpTcmFkQUItdHFZN0lwNV9wa29jN2NpVlpWODFQSGt4T0thUUhENm1kR2VKVnJlcllNUjBoOWgyU2FoSnhuQXY4ZnBrM2xkU042WnVjeVZsbTV4bDhqR05YTjNyOG45T01MdThIWmRlcF9adi1uaFJpRDRPeWg5NG91NTEyVlJBOUFJclh0YjlpeHRNZTZhSUxhMURxWkZYeFdTM09tcw?oc=5,Don’t Blame AI: Why Electricity Rates Are Rising in Washington&nbsp;&nbsp;Washington Policy Center
2026-08-26,2026-08-25,sector,PacifiCorp,Utility Dive,PacifiCorp to suspend California energy efficiency programs under proposed settlement - Utility Dive,https://news.google.com/rss/articles/CBMingFBVV95cUxPOFNxdlZVeGtTZm9BODBlaUlFaUFIOXB5Uy01Q3ZxSGpzbWRYeG5QV1FWSV9LSENwQXZNZ3VoTUtpQnFWbFZJbmIwYUk3ZFUwZ2VXWFBMUDlKazgwblRUZVh0RGozODJjSkVSSGZoN0FkbUw3NlhQU21vaGtMOHJ2UEJ6enhmMnpMdGdaV3B3SzRoWkxfVWVNREVPUmFHUQ?oc=5,PacifiCorp to suspend California energy efficiency programs under proposed settlement&nbsp;&nbsp;Utility Dive
2026-08-26,2026-08-21,sector,PacifiCorp,The Business Journals,New $60M winery smoke-damage claim filed against PacifiCorp - The Business Journals,https://news.google.com/rss/articles/CBMiqwFBVV95cUxQVWpXd1pzNjQzTTRIY293NHVxMWx3Q0ZheExfbGFHN2l2REJvbi0tVHByXzZpQTdYaU1mY1BkcklKejBTUkVEVGdWRnBxQkJfWGFKX3FYTXBQTThka0NXVnZ2b3JvaFBKaDFuSzdFUDBvRGNNVFJqUzZ5UU8tUWJUcU8xZnVVRk9rZ0d3eWxqVHpjTWNhSjJDdnptaE8tX2ZNTmJOclp3OHkwM3M?oc=5,New $60M winery smoke-damage claim filed against PacifiCorp&nbsp;&nbsp;The Business Journals
2026-08-26,2026-05-04,sector,PacifiCorp,Oregon Journalism Project,Appeals Judge Who Wrote Opinion Favorable to PacifiCorp Formerly Represented the Utility Giant - Oregon Journalism Project,https://news.google.com/rss/articles/CBMizwFBVV95cUxOWVBnbGF5RHZjWDVCeTB5eDlIUURDb2w4OHRWS2VsY2lvSjczam5DQU5xZzRjUFJIYnVhTDFOU0I0VE5McWV0RER4cjk1UHNsdmoyWkhoX3JKVE01eExiQVRmN095U0ZFVnBldE5CNk1ucjhibWVMbTR4X09RYURyT0ZDNjFtNUZfeEhaRlU2R2ZmYkRJRkg0Tkt4Vi1fcGRFT1hsOFJvbE5FZ29GTlp4V2I2MzZ4aWtmUU50RHZncFJmVUFzMXBJUnRJck9aTUU?oc=5,Appeals Judge Who Wrote Opinion Favorable to PacifiCorp Formerly Represented the Utility Giant&nbsp;&nbsp;Oregon Journalism Project
2026-08-26,2026-05-28,sector,PacifiCorp,KOIN.com,PacifiCorp request for emergency rate hike denied by Oregon utility commission - KOIN.com,https://news.google.com/rss/articles/CBMiqAFBVV95cUxNbzJPWFlOV3dZLUZoV1A1SnBOcS1XTy1UeS1fMDlKMEx0TnVnaTV4VEJyY0xNQWdsU2NBeF9YUndqMzJqeWRqWUFucU8wR0lVRlJVNV9OSTB2RDRQbjVzT0JyUldkQkR2di1RdFI4cEFORnhRbjFwQzlmel91UXNXZ1dTbEVoZlFTaG9GTWlxbDN1VWpiT2o0S1VaVnRZcDVOX25HN28tdVU?oc=5,PacifiCorp request for emergency rate hike denied by Oregon utility commission&nbsp;&nbsp;KOIN.com
2026-08-26,2026-07-26,sector,PacifiCorp,WBTV,Pacific Power requests rate increase; Utility Commission invites feedback - WBTV,https://news.google.com/rss/articles/CBMisAFBVV95cUxPY2RvY3Jaa1lyMnNVUklUOXc1bGRCeWd4a0ZEUG5xdV9DeE1zdlVyd2VPLWxUYUxxMmFaNnliX2pmLUJXSjEzb1J4bF90b2NtN1I2V2lvYmdqV24zYjBWbTRFeTBTQ1lIYUhDT0Vvc0dudHZ5bkU1eUN0dkk5czQ3MWpSTHdZdmRuNEdISV9pQWNucnVBWGVKSUx5NE42UkJucTMxbTlpQnNGTHhGYms5aA?oc=5,Pacific Power requests rate increase; Utility Commission invites feedback&nbsp;&nbsp;WBTV
2026-08-26,2026-07-24,sector,Portland General,The Business Journals,PGE pauses disputed policy in fight with solar installers - The Business Journals,https://news.google.com/rss/articles/CBMingFBVV95cUxONlhZRGhlWWpGY0tVbnJ4WjNJRzJFanZlWlJ2YnhuaGRnVl9SZlZSdUpidGhVNTlrNjRiZjE5RjJfaHlJZDh2aEhJemFJMk1RUGREU2tWYS11c2h4TGI3UjU4SmR5NVJ0UWkwVjg3c2R1RFhoTDdTejduUTJmcjJYRVJSbXRfZnpYYTh6NHZLV2ZEa2k4YlktTVNlclFWdw?oc=5,PGE pauses disputed policy in fight with solar installers&nbsp;&nbsp;The Business Journals
2026-08-26,2026-05-20,sector,Portland General,Kalkine Media,Why Is Portland General Electric Stock Trending Now - Kalkine Media,https://news.google.com/rss/articles/CBMinAFBVV95cUxQNUtFdGtZR3R3R1h2NVc2SEp5UEd3YmhwZGZORl9XR2Q3a25fbmJ5ZVFraVJqN3dkQkJRNnI2cEh4MEtaMFA1UnRzOFJFTVFudGlKQWptckhzaDlXS0s4enVKNUFrVEhiWGpSSkl4WEUyVXotc3BYR292b1dlam1fenM0UmV6Z3pJTG9oOW1mYTlyeFQ5TEFBRXZqOWg?oc=5,Why Is Portland General Electric Stock Trending Now&nbsp;&nbsp;Kalkine Media
2026-08-26,2024-09-09,sector,Avangrid,Daily Energy Insider,Avangrid gets FERC approval for acquisition of remaining shares by Iberdrola - Daily Energy Insider,https://news.google.com/rss/articles/CBMivgFBVV95cUxNekwxSnZiSzhSR2F6NW5zWEhwMzZDcDhHS253UHc2UExiRG9QdmJkdklTRVBoY3Z0ejVyR1ZjWllsaEZoYV9NN1JfTDlQZmFjalQ3VU9nTVFWTUJsWUlmWWtDdkVoakVGZ0twTTU1M2diOVFGT1NNamxjMjlEWTRKLW14YnJKWk1yaVJWRDNnOElpSU5oNGJsQUJ4QVNyZE9BVjF6VVlaWm0xOVZ5RVNmUmF2dUk2OE9LSHFGbGNn?oc=5,Avangrid gets FERC approval for acquisition of remaining shares by Iberdrola&nbsp;&nbsp;Daily Energy Insider
2026-08-26,2026-07-27,sector,NV Energy,KLAS 8 News Now,Nevada regulators make plenty of room for NV Energy rate increase session - KLAS 8 News Now,https://news.google.com/rss/articles/CBMipwFBVV95cUxNb3JEUU5ydVNRRFN4MU9yUlF5LTdPUWpCSTh4OUlUX1BBbE1iVE44TnBuUThKb1d6Zjd0TDhqa3R4djBvTWZaX2p2T2RoSWpRQUI0MlBRUHJPNnM2Vzgyb2diNGJpTjBUazAxZ1hvUGtYcWlOLS1vQVN1WU52a3RVSGptM1U4bWVzWFFocFNFdlhhMDltYWtlcUNDeFFlcE0xWjB6Z3BqUdIBrAFBVV95cUxNOS12UFZVV3ZLQzRyRWRnVEt2M0NTSmw2enV2Y1dvaUNuYXhUZDh1YmxzVG5pUzNjQ1RlLXdscWV1WWFZMWtYTFJhZjVfQXVCZC1ZTENqcDVSc28yVmFQWVRYbjFHMUpXSG54ZC1NbmlfZ1l2aG9JbTV3TEdJb0RTd2ZTZTA2Q1pPUUU2NXZtajc4Wl9WTDJHd3JJSkU5WjdocGxQaHpycFZoQXhq?oc=5,Nevada regulators make plenty of room for NV Energy rate increase session&nbsp;&nbsp;KLAS 8 News Now
2026-08-26,2026-05-15,sector,NV Energy,E&E News by POLITICO,This Lake Tahoe community needs new electricity — fast - E&E News by POLITICO,https://news.google.com/rss/articles/CBMijgFBVV95cUxQQU9LODVTa2l6eXNkZDEtVktuX3RjaWRtX3lxWGt5NmNsVV9wcXYxbTNuejZjamRpbzB6bHpKTm15d19oZnQzVV9tckZWNWI4RF9vSnpNaFRFOU80aFlGcUMwMWRwRDRGX1VOT0p1Tm82OHBjSXVTZWtocjh5NlJHYm50SG9zc1ZCeFVXc1N3?oc=5,This Lake Tahoe community needs new electricity — fast&nbsp;&nbsp;E&amp;E News by POLITICO
2026-08-26,2026-07-28,sector,NV Energy,KTVN,NV Energy suing data center company; Tract responds to lawsuit - KTVN,https://news.google.com/rss/articles/CBMi1AFBVV95cUxNYzF5MXpDVDZFUjc4Z3Exbnp6TVljSXI4Z3doZ3F1dVd3ZXhnVW9nNkF5QXRXS0E1dmpQeEMyc1pSR2QtcWtHaXVGaXFPQXZhUVYxYndlTVcxVzEzczkxbHZwaGFhMkg4N2xzNHhrTlRjRG8yS3h2ME1jTXpZWkQ3SDRyR3Vib1Myd3B6TFkyMlVoSTJLWFdjRy12T2RubVhZN2xxMXFsbmRoRDd4MHBaUlZLYWFGem9SZFBCMTdQcDlzUG5Yak9wbENWUTBxVVBpVW9ZQQ?oc=5,NV Energy suing data center company; Tract responds to lawsuit&nbsp;&nbsp;KTVN
2026-08-26,2026-03-16,sector,NV Energy,E&E News by POLITICO,Nevada utility delays rollout of rate plan that could hike power bills - E&E News by POLITICO,https://news.google.com/rss/articles/CBMipgFBVV95cUxOcnppNlFUZFVON2FyXzZaM2pCdlctQy1IblVWc0g5c243RU11cTRhU3M3RU5ySkY3eGN3T3A4YzV0aW5nNV90U25TbXlzS1JJUUZuWEZJRE9sZ05yODNvNGZmTVhDUjN5cFVaODY2UURVcTBGYTcxMTJ0UF9QVjB2SlVzNERON2o1RmZ1ZTl5MXJVMmF0WWZ3SVJvQTBjbG9tTFdrNC1n?oc=5,Nevada utility delays rollout of rate plan that could hike power bills&nbsp;&nbsp;E&amp;E News by POLITICO
2026-08-26,2026-01-20,sector,NV Energy,Las Vegas Review-Journal,NV Energy offers to pay back all overcharged customers - Las Vegas Review-Journal,https://news.google.com/rss/articles/CBMirgFBVV95cUxQbThZT19JZ0hNVFhyOE9hcXEtSWpxSWR1X3pqMld1MDdXd1NkNkUzcTgxbGltUEtLc0s3TUp6QmdnVHBSaGJrR1doS0pXX0tlTklLVFNrbFBLOWR6T3ZMSU04eDZEUFktUXZUVndJdXJ1Tkhfc29ybDB2cVlvYWZ6QVdPWHN2VHVGZGtQSE1aNzZBQlcxM0M3RkpjVkh4ZUMxYlBUMElyN3hZdE9sQUE?oc=5,NV Energy offers to pay back all overcharged customers&nbsp;&nbsp;Las Vegas Review-Journal
2026-08-26,2026-05-19,sector,Arizona Public Service,Arizona Capitol Times,APS rate case kicks off with hours of protest over 14% rate increase - Arizona Capitol Times,https://news.google.com/rss/articles/CBMisAFBVV95cUxPNmtJejFmYU9zdEZCazJ2UXJaemJBQzczNmtmYjUxNkJmZ09WNm5kWDhnT3NBRnk0SktNLUw1VHh6V3BPM1lRVmtkNl81WVZzQ0g1eUtJTmlrM05oX2ZsWE5MelRBR2lJMVNxMkFTa3lSSTVKLW9uX0tDTTY4ZVc4WW5GSHc0bF91THJ5TWVWMUQwaHlxeXl1UDRNd2hnTmIzWjQxVXp2cUpYY1lUNnplTw?oc=5,APS rate case kicks off with hours of protest over 14% rate increase&nbsp;&nbsp;Arizona Capitol Times
2026-08-26,2025-09-17,sector,Arizona Public Service,ABC15 Arizona,"APS seeks 14% rate hike, schedules hearings for customer input - ABC15 Arizona",https://news.google.com/rss/articles/CBMimAFBVV95cUxQNVcwTXNJVU9qMmM5MFdnZlhNMHU5NmtEaFZjQ0FZdkk2ZnJLUDcxbmVUX1pQZFNIeU9DUjhOZ1IzOEI0NVB1cmxBc1V6aHlRY1JxRkltZTBHYXltVmtHTGM1a29jT19aaG56UnJiaFNrSE9KWFV5UVFmQmJwWi1tM01CRk9rcDdXM1BmRGU0OVdORkZDNWk5TQ?oc=5,"APS seeks 14% rate hike, schedules hearings for customer input&nbsp;&nbsp;ABC15 Arizona"
2026-08-26,2025-01-07,sector,Arizona Public Service,Department of Energy (.gov),"LPO Announces Conditional Commitment to Arizona Public Service Company to Help Meet Local Demand Growth, Lower Customers Electricity Bills - Department of Energy (.gov)",https://news.google.com/rss/articles/CBMiuwFBVV95cUxOaU0xSE1wQjBFS3QzT1BJal93YnFNYkJCWUIxYkRrcktmUDNwdkFjWGNsZHd4MEhFdXNmaXh3LVltNW9xNm1UdDk3YWlVVmNEbjVoYUQ2TTdDY3J0ak9reUNEdEpLR1c1cVhIVzRFREwyYU5pNmYxd01PZ0tVcW9PX2dRQXMtdHBkeFhvNkV2NGtxMHhjQ1laSXBQSUt5WGlZMXlyWUhZRlFoMmVKaUprQ2RDSE5fYXhNTUE0?oc=5,"LPO Announces Conditional Commitment to Arizona Public Service Company to Help Meet Local Demand Growth, Lower Customers Electricity Bills&nbsp;&nbsp;Department of Energy (.gov)"
2026-08-26,2025-11-10,sector,Arizona Public Service,ABC15 Arizona,Not in my front yard: Prescott neighbors fight back against APS power poles - ABC15 Arizona,https://news.google.com/rss/articles/CBMixgFBVV95cUxQcDZDaG1wX24teVZDSzVvQksyNGxDR043NEMyZVVNUDZhVnNkcENNSnotMkpNcTFjT1RfbkprRE9JTGt5eElRcWxRa0J5ZEFEbXdtVjNzZFUzWl9hNm51ZlpYVlZ6Z05pcmRxSzZwbTFEYzQ4YUNUakV3ampkOU1WTkJnTm8tUEtGNnFKUFl6T1VIV2hNT3VUNGw5d2lwVXBuWVlHeE95U1VwV2U4MklXX29qUGFlcDk2UHV5TWR1TVJwY3FfSUE?oc=5,Not in my front yard: Prescott neighbors fight back against APS power poles&nbsp;&nbsp;ABC15 Arizona
2026-08-26,2025-09-10,sector,Arizona Public Service,AZ FREE NEWS,APS Unveils Controversial Renewable Energy Expansion For Arizona’s Future - AZ FREE NEWS,https://news.google.com/rss/articles/CBMipwFBVV95cUxPdXZHUmZnWG5wLUVHbzBvbWNrZzRTSllmblBPYnU2aHZKQ3d2ZUhYRl9aNFFHdkJQTkR0cGtndWFDQXZrVS1xZFJtYkNIVUxXc2tqbmZ5YlAxdE1sLTlIeVllMmVkQmhEVEpQUVI3MDBwNUp0VXU2YTFGcllQSFNJSTQ3S0FEYUhxMEZJLU1BMEJiTzk2eERFNGN0c3BfR1A4dThJekhBaw?oc=5,APS Unveils Controversial Renewable Energy Expansion For Arizona’s Future&nbsp;&nbsp;AZ FREE NEWS
2026-08-26,2025-06-17,sector,Arizona Public Service,AZ Family,APS applies to raise Arizona electricity rates by 14% beginning next year - AZ Family,https://news.google.com/rss/articles/CBMiqgFBVV95cUxOci01VTZJNm9qVUxZd1l1VnI0ejZBYktReHRVdnh5ZFNZTTFkSUR3SGlrZElEcTg3MXk1UjBuXzVOc1JoRnItaVZsUXIyTjlIekdveDNoLWRqUU1XVnM4UlBIeHkyVnlYR3V6QXZDWmpES082NnJEelQ2MXkxRXV2WWE5Ui1vd3IyejFPR1owd0xFeXM5OXN1N0N5N0NWeWxJYktnLWhzT1VMUdIBvgFBVV95cUxNOXdVLWV3cmF0LU9XWlpaNjdxVFBnXzJTaE4zRzNtVDBjWTVZeTZuS0NFekw5ZGZwLU1PNzdPRm1JQjkzTnBuODBnTUk3ZGFPM2NiczI5bEM3cHVBQmtDblZaMHpDLWpYOGtVMjVkdVJkWWpXdHlXWFJ4eXh3clQ5RTJ1NHZMNDNlQV9BTzh4eUFhZ0RfZHhuYy1hLVdzVWwtUkFPNklaUFUwT0tROUFKS1BUeHFGN2JCeGJuSGpR?oc=5,APS applies to raise Arizona electricity rates by 14% beginning next year&nbsp;&nbsp;AZ Family
2026-08-26,2024-11-25,sector,Arizona Public Service,Utility Dive,"APS, 3 other Arizona utilities to join Southwest Power Pool’s Markets+ - Utility Dive",https://news.google.com/rss/articles/CBMipgFBVV95cUxNejFycENPeHl6SDFXSUhJSHNfbzJscnI0WEk1OWdqNlpaUEY4aURYbHBqTkJXYWlqRFhPVk5VUXpqdU92X1NqU0VEeGpsSWVjNHJIb2RRQkNLTnhMQ2ZKd0w3NzY3MEN5S1R0TjZqbThGS2hYSGhvMzg0cEJxSjRYZzl1VEw4MkJKYng3bGdfNWFfUUF6N0JlcFpmd0ZjNXFRVDNDcmdR?oc=5,"APS, 3 other Arizona utilities to join Southwest Power Pool’s Markets+&nbsp;&nbsp;Utility Dive"
2026-08-26,2023-08-11,sector,Arizona Public Service,Esri,"Arizona Public Service Innovates with GIS—Yesterday, Today, and Tomorrow - Esri",https://news.google.com/rss/articles/CBMihAFBVV95cUxOUURja3d3S0tlUF9XMVVicnlOOHFoQVlUZXh2VXJpSkYtY0c4VVZfZVp0aHZxZ2xXWTFrOVZEUUdyNk5ReGZOUTg0THRMb2c1d2RSa3JjdDhfMzVJd2lnczMxb202RktNeGhnb05GeHMzSVhYdmttYmgzVUtsNVR3OV9LSGw?oc=5,"Arizona Public Service Innovates with GIS—Yesterday, Today, and Tomorrow&nbsp;&nbsp;Esri"
2026-08-26,2024-11-11,sector,Arizona Public Service,Utility Dive,"Rising data center loads pose grid reliability, residential cost risks: APS executive - Utility Dive",https://news.google.com/rss/articles/CBMipAFBVV95cUxPdmlQNXBBNUVCYmlqLVowaldNVHg2XzQxaGtydGF0akJtYUNJTW5xM0ZIaHhOak1DckoxSjNfS3RTOEZ5MEJCMy1kdGxua1lOY1dfQ3c3Sl9FZ0N0My1pWWw4Q1pyZElYMFV1cnREdUV6ajdRZkgteERheENGeE9Fb1ZadkxwQWFOZHZlSGlWUGNtZUhmcW1DQjNHbXpLVDhWN0VqdQ?oc=5,"Rising data center loads pose grid reliability, residential cost risks: APS executive&nbsp;&nbsp;Utility Dive"
2026-08-26,2025-06-17,sector,Arizona Public Service,KTAR News 92.3 FM,APS rate hike: Utility seeks to raise costs by 14% in 2026 - KTAR News 92.3 FM,https://news.google.com/rss/articles/CBMiYkFVX3lxTFBWWjBfTnI5Q192T0Q3VDBoSzhZR1lXZ2FyZ0pKVHJwdXE0VEhVVkd5Y0lpYWxLM2lQNS1KWTNySjRDLS1IN1lUZDh3S1hFU080YlZQUjhEWHBNNGQ2bUJVMGF3?oc=5,APS rate hike: Utility seeks to raise costs by 14% in 2026&nbsp;&nbsp;KTAR News 92.3 FM
2026-08-26,2025-07-09,sector,Arizona Public Service,Sedona Red Rock News,APS asks for 14% more on electricity bill - Sedona Red Rock News,https://news.google.com/rss/articles/CBMihwFBVV95cUxPTmRuS3RiUUprSE1NX1NRYTgtYXFhcDY3VmhORG1US0UyeEVJZ0hZLW1zOTR3ZTZUVWNNbXcyWlNaMFpNYmZFdGZJc0VxMG9fa1MxNlpqaUhpc3pNeUIwRm1rOTdSaWRNOEk5anBjWDY4VjNpTk16bERraV91VGVmOVZXZXhETkXSAYcBQVVfeXFMT05kbkt0YlFKa0hNTV9TUWE4LWFxYXA2N1ZoTkRtVEtFMnhFSWdIWS1tczk0d2U2VFVjTW13MlpTWjBaTWJmRXRmSXNFcTBvX2tTMTZaamlIaXN6TXlCMEZtazk3UmlkTThJOWpwY1g2OFYzaU5NemxEa2lfdVRlZjlWV2V4RE5F?oc=5,APS asks for 14% more on electricity bill&nbsp;&nbsp;Sedona Red Rock News
2026-08-26,2025-08-12,sector,Arizona Public Service,Arizona Capitol Times,Arizona governor defends utility financing bill despite APS clean energy setback - Arizona Capitol Times,https://news.google.com/rss/articles/CBMiwgFBVV95cUxOS1daQVJiODIzYzNKLV9MdmYtWm11RHY3ZHNFVkt1a0lnSExuLXA1d2FXR0s4TkdWRUVpWXJZcFNhUWxTQnIwbW1aTnE0TlU4WHkzWkJaNW1HanZKcGVCRUZ0VGl4aG92WkRJWUVaeU5EWDg0aGxBN1lDVTkya05oeU1fMDhvcVktRUJLbkp3N1o3QVlzc0ppanhjNmNZNUVsNkRNc0xYTkR5UVB0Qkl0U05FU2Q1RGRlRTR2eVBydURmdw?oc=5,Arizona governor defends utility financing bill despite APS clean energy setback&nbsp;&nbsp;Arizona Capitol Times
2026-08-26,2023-06-26,sector,Arizona Public Service,Utility Dive,"Arizona Public Service reaches settlement with ACC, will raise rates to recover Four Corners investment - Utility Dive",https://news.google.com/rss/articles/CBMitgFBVV95cUxQd1NuUDdyS0N0TjkyV21BckdqWUJPV240Y19UZFo2OTVGdFd4VDdUaU04ZzVpZ0NZUnA0d3ZsUlFELXUydEZ0TDQ5TVVyY19hOU5FM0dNRnI4dXBTa1E2U3lMRWRNRVpha1VNMGQ3UUVtd0RqWFVZaVdLSFlXMHN0aEFGemVJUkg5LVFHZGpfU3p2VlJld01PbTdUWjdmb2RIZjIyZmg4am5rRkp6ZVpWS3E1SnE5UQ?oc=5,"Arizona Public Service reaches settlement with ACC, will raise rates to recover Four Corners investment&nbsp;&nbsp;Utility Dive"
2026-08-26,2025-06-13,sector,Arizona Public Service,ABC15 Arizona,APS seeking 14% rate hike for residential customers - ABC15 Arizona,https://news.google.com/rss/articles/CBMiiwFBVV95cUxOMUZERVg2SUV3UHJ0R1dpUUJaNnBZQTFET0tMX2hQdnR5RHpnemhENHdCcFc2QTBaZjVwbnQzU2xuV1U5eGc3dF9uUjBKbElDYUlIeEE0WFN0U2ExdC04SHVlU1dUbmk0cjlUZWIydTNlSFkwRUhFN3p6SWYySGdDYi1UZHZHS1ZDMGZ3?oc=5,APS seeking 14% rate hike for residential customers&nbsp;&nbsp;ABC15 Arizona
2026-08-26,2025-06-16,sector,Arizona Public Service,KJZZ,APS asks Arizona utility regulators for a 14% rate increase in 2026 - KJZZ,https://news.google.com/rss/articles/CBMiqwFBVV95cUxPTFpNVnR5enl6VlU4eVBSMFhxUnluSGs1NUh4WURNZndWT0UxcDY0RFFOMjdmX01IY3d0Sm5mcllKZkFUamRZZWItU3pVNG5RWXNjMGFDeXVHc0JGM0praU1PUmxKdHI2Wk1uclhuVGZKUjdaWjJwWjRyaWFjeTNNUk5Nckx2ZnVTS01OMnVPRjBvbnd2QUo1OU16VS1pLTIxWUFEdW45aUVpU0U?oc=5,APS asks Arizona utility regulators for a 14% rate increase in 2026&nbsp;&nbsp;KJZZ
2026-08-26,2025-08-08,sector,Arizona Public Service,KJZZ,APS walks back commitment to reach 100% clean energy by 2050 - KJZZ,https://news.google.com/rss/articles/CBMiogFBVV95cUxPOHdBeHNDdjRMblN0cnFxdFFIVmtPcUctMzVBY0IwNlJON3JZbDhLa3dobnZFQjhVYlRLZkdoYzRUODhMeFVaQjFkalNiSjRqaEllbG1nWVBrNzhqTjBNTmlrTEF6OWFlVHdnSnBLNHdkcEY2SXdTdGRGejNFMWoxWUtoTE9sZXl1R1NGY3FIc1Z0b3p3SFFNaWRlT01odkozS2c?oc=5,APS walks back commitment to reach 100% clean energy by 2050&nbsp;&nbsp;KJZZ
2026-08-26,2025-06-19,sector,Arizona Public Service,National Association of Counties,"APS Expands Heat Relief Efforts in Maricopa County, Arizona - National Association of Counties",https://news.google.com/rss/articles/CBMiiAFBVV95cUxORVVlOEJKNUQwYURqdHFCRlR0emtha1NYaGFuVTRhT0kwdllnSXF0bUttcENlYlVVajhPOGQ4VTAwV1F2aWlpN1NIREFDWGcxMko3QTd5bU1jc1NtZFJYM3hVLVRRUVpicGNXbFNZZlpfblFtTUNqV3RvT2QydFBIMnZuSlF4VUhE?oc=5,"APS Expands Heat Relief Efforts in Maricopa County, Arizona&nbsp;&nbsp;National Association of Counties"
2026-08-26,2023-11-02,sector,Arizona Public Service,Utility Dive,"Arizona Public Service, Tucson Electric expect to add 20 GW of mainly renewables, storage by 2038 - Utility Dive",https://news.google.com/rss/articles/CBMiowFBVV95cUxQTHpNU1FPdWNENHpTdENCLXcwTzRaVHV2bWt0anptNjNhdXJuTkpfTXRxdzRETmI2U2F2bFZNaExpbXg4RG1pSVFfYTkxMzVWU2dxcGwxcjJ4S1JObjdNWmJ0dGNqTmNxNEdVQ1RJRWE1VE9iclFhMHQ1b2RISm9HZFdXcTJFSEdQMV80SUpmNjNLWWF4bUdNVXAwb2dFMG5WVjdJ?oc=5,"Arizona Public Service, Tucson Electric expect to add 20 GW of mainly renewables, storage by 2038&nbsp;&nbsp;Utility Dive"
2026-08-26,2025-01-09,sector,Arizona Public Service,Utility Dive,DOE conditionally commits to $1.8B loan guarantee for Arizona Public Service - Utility Dive,https://news.google.com/rss/articles/CBMisgFBVV95cUxPUGhWUVVteTBTbWM3UGl0WnZTTHpzcEVNNzZLSGt4X3EyUEFEQ1NRVi1UMnVPVW8zenNtYjF3d2p0NWVGMXBhekctMkFqUTRMRms0elBlNXBmdDZHWHlkUy0xdjB0RGN4Yi1VajB3WThELTZGWHQyaldsTVpMRG43Nm1EQlJvZ2Q0RUp3bUJKS3BGWDBUUlpOc2VwaF9UTXpLMUVNTVNPUk1LcmdfMWM4LUx3?oc=5,DOE conditionally commits to $1.8B loan guarantee for Arizona Public Service&nbsp;&nbsp;Utility Dive
2026-08-26,2025-06-18,sector,Arizona Public Service,KTAR News 92.3 FM,Arizona AG Kris Mayes calls latest APS rate hike proposal a ‘blatant’ grab for profits - KTAR News 92.3 FM,https://news.google.com/rss/articles/CBMiakFVX3lxTFB6N2dHUXgzTVNqd2VRcnJQVWxBQUhQVUJlRGdpV1NEa0tsdTVUdnlOOVZUS3Ewempxa3NLYVlZNjc1TDlqVGlNbGo4R29tVnpSOTZLQkNZQjdIM1A2MnEtbXh4b0tJZ05VLVE?oc=5,Arizona AG Kris Mayes calls latest APS rate hike proposal a ‘blatant’ grab for profits&nbsp;&nbsp;KTAR News 92.3 FM
2026-08-26,2025-07-16,sector,Arizona Public Service,ABC15 Arizona,Regulators: APS followed rules in power shutoff of 82-year-old Arizona woman - ABC15 Arizona,https://news.google.com/rss/articles/CBMixwFBVV95cUxNeEp3VGJaS05MOXBsTDdCUWtQeHBoOWZHWTk3RXFtd3cwbXZXUGN5ZTlDWnhIblVtREhwVzFGRTFldzdvaG11Mnp6aXh5REpjTGM5SE84c2RsMkhwOW1HM0RjM280WF90Q0RuU3BmaWJyeDJEMWU4bUl4bjliREQwVWF1Q1Y5Ni1IQnBVZVROVDFQZ0Vtb2JmcTBjUl9nRlpkdGJZeUdJWVVMWXRnWGxpYUZKamdPNkljMHBOdVprS1FCUFZYcjVN?oc=5,Regulators: APS followed rules in power shutoff of 82-year-old Arizona woman&nbsp;&nbsp;ABC15 Arizona
2026-08-26,2025-06-16,sector,Arizona Public Service,azcentral.com and The Arizona Republic,Arizona Public Service thinks $600m in profit isn't enough. How much is? | Opinion - azcentral.com and The Arizona Republic,https://news.google.com/rss/articles/CBMi0wFBVV95cUxNbFRXcnlHOEp0RG5KNEVGMmJTOWktVFctRlZBZGVIOFA5eWpTeTFKRjM3YjlRTmVhM05fLXBEZWVLbGxleXY5bW1NbWJLYTRVWVZ1V01fRmR6SGFGQ1JfTThacmpHSnJBLW1USm9jOFdwQi1KdXkybjlzX3JXUTFfS19YVkZlSURPWnV4azB3S2FwamY2MnpsaFBrVTY1SmFCMjVScE04MWxzUUM2T2wzT29tQS1jalBJMm5oTXBRMWVCc0g3ZkFnR1RUeUF2SlBPZWJz?oc=5,Arizona Public Service thinks $600m in profit isn't enough. How much is? | Opinion&nbsp;&nbsp;azcentral.com and The Arizona Republic
2026-08-26,2025-05-19,sector,Arizona Public Service,Arizona Capitol Times,Electric utility lobbying efforts win big in 2025 - Arizona Capitol Times,https://news.google.com/rss/articles/CBMimAFBVV95cUxQU0t5TjdEY1lIQkx2aGlOeEJFT3RnRVdNUWVsNDc5UlVpOE9FeHlNT3FoR1hNcC11aWNYNGNfcU5Eck5mLWlESWZHbTZGY1VCd2oyVmgyelU5RzdXOTQ2Y2R3Rm1udnBvUHVtdUhRRWdYVnoyVThuVi1LN2hELTdMZDBfbHBVMjdSdVpzNGZGVDFQMi0wY1dlZg?oc=5,Electric utility lobbying efforts win big in 2025&nbsp;&nbsp;Arizona Capitol Times
2026-08-26,2025-02-06,sector,Arizona Public Service,E&E News by POLITICO,Arizona utilities to team up on nuclear power - E&E News by POLITICO,https://news.google.com/rss/articles/CBMihAFBVV95cUxPdk5Vay1JXzFfcXBVS0kxREtSWkZoZHBCQTA2dWN6bTE4Q0stUVQtYWItVzlqVXVtWkJMdld1TXVPeFJoS3BRZzQ1MEN4dzFyYTlKbzItNnRmUGpJd0tNT0FxTTF2UTVpc1BjWmowdWt1MG5FVWN3S3lZSFh4NEV4b09yZm0?oc=5,Arizona utilities to team up on nuclear power&nbsp;&nbsp;E&amp;E News by POLITICO
2026-08-26,2025-08-08,sector,Arizona Public Service,Axios,APS is reversing course on a pledge to produce carbon-free electricity by 2050 - Axios,https://news.google.com/rss/articles/CBMimgFBVV95cUxQdXJMaGkxZlF3U2JhQ2hoTF9xY1FrQVN0eUFTcGNqSmYwSWVFdmFMNS1iUWpkWXhfbUNNUUtUMWRzbndNT3M0bVVKRjVMejJaSHg4bTdwNkV3b05lTE1RalZRb3JGUDFZSUlDS2FqdWRJMFNDSDBfSXAzUnpjNGM3ZDJ6SmRaY0FXajJkb3UtUFg4cm1NNjhpSllB?oc=5,APS is reversing course on a pledge to produce carbon-free electricity by 2050&nbsp;&nbsp;Axios
2026-08-26,2024-11-21,sector,Arizona Public Service,Daily Energy Insider,Arizona Public Service adds major new energy supplies to its power mix - Daily Energy Insider,https://news.google.com/rss/articles/CBMitgFBVV95cUxOWkJ1Q29PdlFDVmxnSTNqZkRxbGVRdXZFRG45d1laOVNyT0JsWHlpMHhiUjlYWVM5N0lEWGw1YmtITHpXR2xyUURIWEtmajg4ZjNvY00xSWROWUhYbEpCdFdiUE56SzBQVEs2R196MXJTaTJuVmVNblphdVNQSFFaTHAtTDIxOEdIWnBDTUtYbUV1aHNQQVNYMk12T0lfYXVUVC1uMnlCSEtNQ1RLMHlkY1NrU29mZw?oc=5,Arizona Public Service adds major new energy supplies to its power mix&nbsp;&nbsp;Daily Energy Insider
2026-08-26,2025-04-24,sector,Arizona Public Service,Arizona Capitol Times,APS is playing both sides on securitization bill - Arizona Capitol Times,https://news.google.com/rss/articles/CBMilwFBVV95cUxNVlVzMVQ0Ti1Td1dteHNxbEwwS0NCd0V2c245TXd5NzZXZDZRVDB5TWNUdHhreElVdXdEaXkzVHVKekRsWXF1b0NsT0EyY0haWjZMZVBDNjd1ZTJRMC1HdnpQYVl4RHpzdVRPd2tkSmZMbUF0aVgzUU5xQkdzVjl0RG1hV2RqeWctZjR2bk9TYTZMaS1oMWdR?oc=5,APS is playing both sides on securitization bill&nbsp;&nbsp;Arizona Capitol Times
2026-08-26,2024-11-26,sector,Arizona Public Service,Daily Energy Insider,Arizona utilities join new SPP energy market - Daily Energy Insider,https://news.google.com/rss/articles/CBMikwFBVV95cUxOeTI0Vm1YQ1RHTXc5S2xtN0szcmI2RHlhQjJwR3NpRHBBZS1CUzVJQ3VMNXRWQV81RVp1M2pZQXdLT2FVSGhpb3hlRkYyRl9FZFdadVNSYWxSS1ZqakUxb2tHcS1IM0RHZ0laeVFueVEwcHNiZVFCX1haMVVQYXF3dWk2bG1pejliOHpYb2Q5cWs0cVk?oc=5,Arizona utilities join new SPP energy market&nbsp;&nbsp;Daily Energy Insider
2026-08-26,2023-02-28,sector,Arizona Public Service,Utility Dive,"Duke, APS planning reforms show ways to work with stakeholders to meet emerging power system needs - Utility Dive",https://news.google.com/rss/articles/CBMitwFBVV95cUxQcXA5MHdPLUEwcEtaSjYyQXRWVWpIaUlJSmFNZHZBeWtfQWw5V3VRb3ZyNnNxMWdqTDNkVzlyazNfOFJrc2JYRGFDUWJWUl9jdTB6d0ZJTkNvRGx6TDJTQjJmX2RhWVpOQXRfbVhvdnhyckFmWTFxREdIcGxuem9yVjJaZTZZSG5MTW9YbzJuMC01aGIwVXZRaTFQZ0ViVVBac1ZlNHFTMlE5VzRhUFI5M3kxQTVwQTQ?oc=5,"Duke, APS planning reforms show ways to work with stakeholders to meet emerging power system needs&nbsp;&nbsp;Utility Dive"
2026-08-26,2025-05-22,sector,Arizona Public Service,RTO Insider,Arizona Utilities Explore Expanded Use of Nuclear - RTO Insider,https://news.google.com/rss/articles/CBMid0FVX3lxTE1LTVRYU0o0LXNVbVB2aC1Gel9UaDNESzFtVWZtVHJUWnlFUEdkNVkwNmxTdC1RMGVoUkJPNVB1bGRFRDhBbE9aM0ltR3FMY3A3UlY5Y2dxbl9WVmx0eU5rMmg5b2VMbEpKeUdPYWhPdW1JZkJPN0Jv?oc=5,Arizona Utilities Explore Expanded Use of Nuclear&nbsp;&nbsp;RTO Insider
2026-08-26,2024-12-17,sector,Arizona Public Service,KJZZ,Utility regulators uphold extra fee on APS solar customers - KJZZ,https://news.google.com/rss/articles/CBMioAFBVV95cUxOUnJMd21aN3BNTXNlVVNRY3ZoaG1IRGxJenhmSU9LcmpfWFBsRVI2SWpIckx4dkFyVVRKM3U0LUFqN2ZNR1B5clFCVWFjSkFTenh4RE8zMjl1T25FZ0U0MF9kUVdrOFhDamFIT3NKNUlDTklWRGhYSkl6aGpyV1I2UFZoWk9McVQtSDRvTmZyUTFtTS1GTi1fN3hXUzI4VERi?oc=5,Utility regulators uphold extra fee on APS solar customers&nbsp;&nbsp;KJZZ
2026-08-26,2024-11-19,sector,Arizona Public Service,Utility Dive,"Salt River, APS sign up for 300 MW of storage from EDP Renewables, Strata Clean Energy - Utility Dive",https://news.google.com/rss/articles/CBMinAFBVV95cUxONFZJQmtQaVNjRFBNcWxzUHZLdjc1TGptZkx5bWw1WGtEUW9tSnNVaTNBRFhQLXc5c1hqRV9tbWItdzRVVnVNbTRpbGxfeHJEU0otQTFWVmFJSFZkcU1SVHJpVks2dXRTVHpJdUtNM2pndV8yUTBJVkV3eVc3aDNYY3g3MWk3YTREU0xaMkxxY01HdlRfV21UOWFoMjU?oc=5,"Salt River, APS sign up for 300 MW of storage from EDP Renewables, Strata Clean Energy&nbsp;&nbsp;Utility Dive"
2026-08-26,2023-08-07,sector,Arizona Public Service,Utility Dive,"APS interconnection reforms should be rejected, RWE Clean Energy, trade groups tell FERC - Utility Dive",https://news.google.com/rss/articles/CBMipwFBVV95cUxQT3B5UXhZdjhuS3JFYWNDNmNPaDItWFo3UVYyQ0JYQ0RoSHJ4RmNwSVUzR0JsSjRFT0RSS0pTTVVfY3RyR0hmWGd6RWllYmJlekpqc3NyZFFzcjJZRm5IWVEza09yU0pjbGdSTm5QWXFmNDRBSDNxXzlEbDVtMnd5ZklPNEVLVUpDNHlxMWdwOFRDN2h0R0tkb0JJQkdNSURNTzIwck9qOA?oc=5,"APS interconnection reforms should be rejected, RWE Clean Energy, trade groups tell FERC&nbsp;&nbsp;Utility Dive"
2026-08-26,2024-02-20,sector,Arizona Public Service,azcentral.com and The Arizona Republic,"APS is making huge profits, yet wants HOW MUCH more of our money? - azcentral.com and The Arizona Republic",https://news.google.com/rss/articles/CBMi3wFBVV95cUxPempjLXZVQ2QtQ3ZybGd0aFJ3MGVRSndzem1pMUlwRm5yUmtMejNZeE40ZjNHbnR0YnktNmsxRG1GMTNkOFdlNzh4SVJveHhrZ0lrR2JUYndIZ3dIeWUyck5nNzN6YTM1TFdhbTNuS0F4RUN0TkV2UzBuSGZlTUkxWk1aU1p5UG5qMXV2eVBjczN1a0NmcV9iVVo4N1M3Q1YzMlJPZUloX0JuZURwbDEtd2pnbzBtenpkT1VSZUJKS3RTbUJCVUZPMjBKOVN6Sm1xSm9peFhnbkptcVlqenZr?oc=5,"APS is making huge profits, yet wants HOW MUCH more of our money?&nbsp;&nbsp;azcentral.com and The Arizona Republic"
2026-08-26,2025-05-12,sector,Arizona Public Service,KJZZ,"Díaz and Roberts: APS could improve communication around shutoffs, but it won't without outcry - KJZZ",https://news.google.com/rss/articles/CBMizAFBVV95cUxPQVpmSklsaDh4ZmNyRmJOaGkySnk5cFZfaTRBOWRGbGhxNktWaFYzTFhWX2NJdlI3a2Zzck5TWVZPUXE0NmZSbTVSOW43UVVlTFI4R1I5Z25YQ1NwM1pWR3ZVdkJIMzRobkd4Z0s0bzFFV1dNcldTNVVQbXZGUGFoeU5pcFd6NFZzT1Qzd0hnZElvQjRmNncxZF8yOHpqeUJRbF9aeVN3eXdrYkdZa09FdHdEd2VSNUdoV1pQYzdqdUV3bV9VUXhyWkNNbWY?oc=5,"Díaz and Roberts: APS could improve communication around shutoffs, but it won't without outcry&nbsp;&nbsp;KJZZ"
2026-08-26,2025-07-11,sector,Arizona Public Service,ABC15 Arizona,"Utility assistance available to eligible APS, SRP customers - ABC15 Arizona",https://news.google.com/rss/articles/CBMinAFBVV95cUxQSXowWk4yQlV4RWI4Rzg3LURHRTR5Q0ZYeHhsU3dkS1NFNHpGVkttMlhBU0NVZEtNYXg2WTF6UW14MllLaUhNQ1dYVmM3UXd0MlVRV1NwTmdtaEhSUUxWQ3J5XzVhNGpzRmk3N3Q2cVpEQzdoM0U4bjZ3SWxldnhRWEd6TnlWVkRKVEVYeVFxYWtZMjZvRm85elJSRGc?oc=5,"Utility assistance available to eligible APS, SRP customers&nbsp;&nbsp;ABC15 Arizona"
2026-08-26,2024-08-01,sector,Arizona Public Service,POWER Magazine,Peak Performance: APS’s Virtual Power Plant Saves Big During Brutal Heatwave - POWER Magazine,https://news.google.com/rss/articles/CBMiogFBVV95cUxQZ3dqczA1UVRKWk1KZ0tiajQxSnFTVVNPQlZzRGU5OW8xTmJEYVRhSUozZm9VdHo3b3NsTE5mMEtYRllZZi1Oc1I4eEN5eEt5MFYwQTlKQzFSNWZWQ1MzS0ZSZGZtekNmT0dGTGdNRldpcjh5NmwxZHVrUlU1WmIwYVhYVnpTM3BTcEY1X2dGLWcybXFzLVM2T3RxVXRHSTBCQ3c?oc=5,Peak Performance: APS’s Virtual Power Plant Saves Big During Brutal Heatwave&nbsp;&nbsp;POWER Magazine
2026-08-26,2024-12-10,sector,Arizona Public Service,Enverus,Interconnection Queue Review: Arizona Public Service - Enverus,https://news.google.com/rss/articles/CBMiiAFBVV95cUxNWHNuakV2M3hoUjVaRWRiZ0N2bHFXN2NwczFWcGs4WG94dFU2Xy1CLTJfeXhoMDd0UjF0VGcxWVhEb2docFBzc2dZMmEtTkh2Q2FvV2Z6bFRBNmxjc3d0MEFXLWF0MzRTYTFjelU4cGhISDdsbWVXd09xZ1B3WG9hcC1fUDJzYXlj?oc=5,Interconnection Queue Review: Arizona Public Service&nbsp;&nbsp;Enverus
2026-08-26,2022-06-15,sector,Arizona Public Service,Energy and Policy Institute,Arizona regulator investigation unveils Arizona Public Service Company’s political spending - Energy and Policy Institute,https://news.google.com/rss/articles/CBMiuwFBVV95cUxQQ1NXWDh6RTdqNGdGTmtENjhvUUpuQUJxZjF2T3BTMkdjc29EQ2xZU3FjQkN4OXJyNnVJelAwTmtNeUxxbjZvbDdpc1FISGItTXlYU2xkbEhfejhMbVYyVWs2MHR5SUJYWFlfeXBvaWZQU2dHeHhKNVFCQlBmdWVrQnBBWkJlVjFSTlN3UktDM0JPdlJUWXpzdnN5eEo0em9Gc3BwWFJBMnNHSi1KVnk5TVUyZjY0Q2RXSW0w?oc=5,Arizona regulator investigation unveils Arizona Public Service Company’s political spending&nbsp;&nbsp;Energy and Policy Institute
2026-08-26,2025-04-25,sector,Arizona Public Service,azcentral.com and The Arizona Republic,Arizona utilities want free access to your wallet. And they just might get it | Opinion - azcentral.com and The Arizona Republic,https://news.google.com/rss/articles/CBMiugFBVV95cUxNVHo4Uk5iTEUyWk5kU2ZwRTkzTnMtTFVhbkFLV05lUDVMTEZRdXI2ZHdKUVJmdDJXXzFxYXB6Vm1LZ0d4YkJsN3pHdHBieC1XbjZzRTVMNVNDUXB5MkdxQkZtcC1idzBkWV8xckVYeHEtOG9KUFdzZ19lLUJRQmJfdndEWTFJSkhnOTFvZ293NWhWcTl1QklvTkhIT2hpbEVQaU1YOUtOTm5xMzBpWFc1WkRaQVlGTmhLQmc?oc=5,Arizona utilities want free access to your wallet. And they just might get it | Opinion&nbsp;&nbsp;azcentral.com and The Arizona Republic
2026-08-26,2025-02-05,sector,Arizona Public Service,Energy-Storage.News,"BrightNight and Cordelio sign PPA with Arizona Public Service for 1,200MWh BESS facility - Energy-Storage.News",https://news.google.com/rss/articles/CBMilwFBVV95cUxNYzBURUZWQ3dCU04yVXZrS29kWUlEVHR4THZISnpQRnBtVjNFMGRzUllYRVpCODhnQlpWYnVUY3dqRmc4R09JS1ctY0wzU3BRN1VhR3FBNklaR1FNZnh0LWlPTTByc0J5T212b3kzNWFiQTVDWXctenNNUERLSlZVX3dWd3A0MTMyWjkydkxjLS1ZRUt3QnVr?oc=5,"BrightNight and Cordelio sign PPA with Arizona Public Service for 1,200MWh BESS facility&nbsp;&nbsp;Energy-Storage.News"
2026-08-26,2023-07-19,sector,Arizona Public Service,Daily Energy Insider,Arizona Public Service sees new record demand for electricity use during major heatwave - Daily Energy Insider,https://news.google.com/rss/articles/CBMiygFBVV95cUxPaVpOdzQ2VUpNZkoycW9WTW1kNGFpa3VGV205V05PU0QzUDBQcng2REJMRHNOVFpORmFtMVhqQ1JEV3hScXNsMWVlMF81eFVUd21TWUVkY0xLTzRsSkJwVXhHdjljcG9zX3d2aTZ1MFZuMGVVbm02ZGt3NXI3UzRoamUzU2RsZlh5ZjJFNkpMX3hjdnBWUTRRbzd5cjhZWFdvYy0xNTdpaDJqTHFncVVvQ3JjRmFKaVE3RVdubUV3UlUtUjloaDcwTTFB?oc=5,Arizona Public Service sees new record demand for electricity use during major heatwave&nbsp;&nbsp;Daily Energy Insider
2026-08-26,2024-02-27,sector,Arizona Public Service,azcentral.com and The Arizona Republic,APS profits are going up. So is your electric bill - azcentral.com and The Arizona Republic,https://news.google.com/rss/articles/CBMiwAFBVV95cUxPUGVnYXlHRW1LeU5xaVc5YktCM21jenR1Zl9qYWF5LWxfQUp4dk91UHlKOGowWFFheldzamduXzRueUxrWGpnZDVwZFJRTDZDYU83b1lpY01MVVcyWnowNlN2NXFfUmVyOFQ1X3loNVlNUlA1blBFdWppMzNKMEJacjVXM18zRlRFdDFjUFhUdkJWZThsRzhhSGswbXJHcENVWTM4U3BnZXpJZ3lxQ2VNYkMtcGMxS1UyYWpHZ0R2T1o?oc=5,APS profits are going up. So is your electric bill&nbsp;&nbsp;azcentral.com and The Arizona Republic
2026-08-26,2024-04-23,sector,Arizona Public Service,Utility Dive,"APS, others plan 1-year delay in fines for Western Resource Adequacy Program capacity shortfalls - Utility Dive",https://news.google.com/rss/articles/CBMinAFBVV95cUxPb2lQVWduRThqVWFuVnloQmVPSHNtZGtuLTVZMFJnak9tMVhtRzY2d3I4OHF3VndvR3RMQUhiRGpvakRCT2hkOW1reDJGUEJ5dWd6bkpBUE1xVTRwTmIzSGxaMmRQMXZzZUVuT0hucjE4UVFFV0NCQTJFWXRrYnBodk5GazdoQTNOb1hLdzhtNXVqQXZkUXVPeDhOWlo?oc=5,"APS, others plan 1-year delay in fines for Western Resource Adequacy Program capacity shortfalls&nbsp;&nbsp;Utility Dive"
2026-08-26,2024-11-05,sector,Arizona Public Service,Energy-Storage.News,EDF Renewables signs PPA for 1GWh battery storage plant with utility Arizona Public Service - Energy-Storage.News,https://news.google.com/rss/articles/CBMiwgFBVV95cUxOZVpnd3F4ZFBfanB0cm5ZLWFKS1g1d1R1bkRVNzlWcFQtV2tBYW1OMEVyVEgtYVd5YXNRM2w0S2czZ0p6U1ZWMnVRbEQtQVJHSE42VXhKYzIzc1dqOThtVDBUZmxxdG0wOTNvOW1xRVctQTVWUkZwRHFHMy1aUWxXQmdvM2xUcnZwTFkxZWZwbWlmMW85LWJtN1pxaEQtSHI4WnJPT3k4R2lCeWZ5Ykc0REVyWU5uLTVKczNvTm05T2FFZw?oc=5,EDF Renewables signs PPA for 1GWh battery storage plant with utility Arizona Public Service&nbsp;&nbsp;Energy-Storage.News
2026-08-26,2024-11-20,sector,Arizona Public Service,Business Wire,ADDING and REPLACING APS Secures Its Largest-Ever Energy Supply to Reliably Serve Customers - Business Wire,https://news.google.com/rss/articles/CBMi4gFBVV95cUxQaC1obmF0OWdiM1RwVFFYZlR2QlpkWkoxT3ByTWlDMThOQTI4eG5EdzRHTU9RSWpZYlp5Y05RWFZSZHFKT0dUeW9NbHZteW1zeTNpNHR5X3lTTGJuMlhZQjN5QjRoVGlZUkZCSFQ4dENPQ0otRjh0REhEQVBzMVNGd2VHSXFmcm9ObF81eWJfbWctNnRZdlBiSDV2YXI5SlFBSS1ncVZQXzNxY0s1N3NsY29CZmVrZUJQQjdVQ1pXWFk0LUE4QU1tM3dmd0NKMjN4MUZYQVdsc3ZTdk1SXzM3dzl3?oc=5,ADDING and REPLACING APS Secures Its Largest-Ever Energy Supply to Reliably Serve Customers&nbsp;&nbsp;Business Wire
2026-08-26,2024-11-12,sector,Arizona Public Service,Business Wire,Strata Clean Energy Enters into 20-Year Tolling Agreement with Arizona Public Service for 400 MWh White Tank Energy Storage Project - Business Wire,https://news.google.com/rss/articles/CBMilwJBVV95cUxPaGZHM0hXbFdBS3dGR20wdUJJcHF1NVduWHI3QjhpbnlmcEVSWmRTYjhKT2lYSGQ5QXVQNm5jQ1d4a2UtS00tYWdHYk1PRXQ0V3hKMXA4U0dTOEowQ1VoanZVQWJmdzhtem1ybXF5S1lsN2c2N1M0RXFOUjdDVXlONGdEOFhOUzBNMHR3R3BfdFZyZ2lZR3pndlB6ek5FX3ZnTUl0cDdEX1ZsOGUxR1ZHTkNWWWpNZGpPMkhOZjZXTWEtRnV0V0s5a3lpR2NJRnA2THdkVVV4SDhCNHVWOC0ybDN3QzVMUk1YZjVxMjI5N3U0anJKNXF4MGE4cm16aVJSQ1JkcnFocXZmWHVXRGI2dnR6YkhoRUU?oc=5,Strata Clean Energy Enters into 20-Year Tolling Agreement with Arizona Public Service for 400 MWh White Tank Energy Storage Project&nbsp;&nbsp;Business Wire
2026-08-26,2019-12-10,sector,Arizona Public Service,Energy and Policy Institute,Strings Attached: How utilities use charitable giving to influence politics and increase investor profits - Energy and Policy Institute,https://news.google.com/rss/articles/CBMi5wFBVV95cUxQaWd4MHJVZkhsdGpJblVzX0sta09RX1pnQTh1Qzh1MVhDYmFMV3Zra1JXUlF3WlY1aUx5ZkFhd3NrNmRnR2E5RjJjek9wczJoSzZoVkdKOFI5Q0ZaU0R6cDlMZzRHTDl6NW9CV2ZFQjhzUnd6ekZqalNJcThGczRxOFVzeDEzSEhaQW5KcmhJTnZKZXFiTHlPeGp3aWFsRTFJZTBYd3NEMnNrbDlSVFJsY3NFaGh6djJEV2g3enpuMG5HYlZpVlNLczMyT2tubWhDWm80cFg0YjJJT1BxWk9UWlpfOXlvdmc?oc=5,Strings Attached: How utilities use charitable giving to influence politics and increase investor profits&nbsp;&nbsp;Energy and Policy Institute
2026-08-26,2024-10-26,sector,Arizona Public Service,Arizona Daily Star,"Rate increases for TEP, APS electricity accelerated in recent years - Arizona Daily Star",https://news.google.com/rss/articles/CBMiugFBVV95cUxNa2twSF91bDQ4UjM5alBZRDkzVDYxT09fNHc5MmZpN1RpRng5SlpXbVlLMTVRSkZ6OEZBeWYzNU85QlRwbDFSRkdYLS1LOGZYZnVULTMxWGtQbUtOWG5KVUlmMjdFal93LXRBZHlCWEY2aFZ0R1JJdS1qd25sQjNIZHhLQ1ZkTExwRDh0Y1k5MGNMOFp1S2pNbVdxU1RCNDRlMkxjRXY1NmxadmFMN29YX0FEb3BMRURjV0E?oc=5,"Rate increases for TEP, APS electricity accelerated in recent years&nbsp;&nbsp;Arizona Daily Star"
2026-08-26,2023-05-25,sector,Arizona Public Service,12News,'A gross injustice': APS customers paid 24% more than SRP customers in 2022 - 12News,https://news.google.com/rss/articles/CBMi5gFBVV95cUxNUExvYmhkMEttZjlIX2REZjUtSGkxYmg0NmY1LUtVNEVqa21tVVBoWXlHVFgwejBoU1JOQjRUX181aWxPMGJEeVNpUnRyZ3VsbVlWYXg3Z2laQ1B5bzMyQjFubWthbWxfMzhPV0diVDkyN2ZrejFJc3hNdG9oa0M1SGdVUGlaajVCakM1a0EtRUpXZVJ0SDZ4ZWVtbkpMamdHNERYbTYzemJFV0lKVkpQRDZJbEJ3b2MzN3FaTHBYRVVZMDFjVnpLYjY3cFh1R0VzRVRQazV1ODllX2ZSVkUtZmlxT3A1Zw?oc=5,'A gross injustice': APS customers paid 24% more than SRP customers in 2022&nbsp;&nbsp;12News
2026-08-26,2025-05-15,sector,Arizona Public Service,azcentral.com and The Arizona Republic,"Arizona's grid must double, or thousands more will die when the power goes out | Opinion - azcentral.com and The Arizona Republic",https://news.google.com/rss/articles/CBMiwgFBVV95cUxNTmZ4RmxBRWt4OUJWMjFwdkoySHQ0a0RqWE4xdjdBeUxORkNuUG1ZZTdRWVN0eTJhU0F3UVEtYWFVN2JFUWlnVk1oZjdVeE02QUVNUzNveUJFWlhySHh5S3RkTUg2QlctVV9pdGxPTTBuR2ZFMm5sT3d5aGRCZHEzM2dSRDBRSXh6Tk5KV19vN0t0NS1BSGF4TTM0ZHNzM2pJdXpKVHdsMGpOMm5fVWI3cTFrMEwybXVrNHZwTDFyUDVCdw?oc=5,"Arizona's grid must double, or thousands more will die when the power goes out | Opinion&nbsp;&nbsp;azcentral.com and The Arizona Republic"
2026-08-26,2025-02-05,sector,Arizona Public Service,AZ Family,"APS, SRP, and TEP look to build second nuclear plant to meet Arizona’s rising energy demand - AZ Family",https://news.google.com/rss/articles/CBMitgFBVV95cUxORU9Qc2ZRT3hTX3hxVWMwRGJPZFlYLU5zNGY1SzJzVThEZE5nd0ZwT3JpV3Iya0lVVEFPNFBTNFE2VmJYcDdIWEZRSzR1ekRGaGNCbnFHS1pkaG9hbFQ1SzJ4VWpGNTd3TlYtME0xaVc2MGNTSTh6cGNyY3d4MnhhV3hwMkV2UjM0Zzl0ZHpNWE13OHpabkk2N3BrLXZvd3N2Rzdob1RPOEtPd0FxQVVFUXNSZGJwQdIBygFBVV95cUxObUVvU1ZVYUNiUkkxMVAwUFlMQVFBc012dGVBY3pmcmdwWGJxNDNEVE1VQnJWRXBjblBGY1hPYWhCMTBlTndvd1p4eENndDFZV3d5UkJ3UHZsVlMzd3JnaHQwNTVXaGdTSW54LWdqeUhWME05eHNsenpiYmJMY2FQanZ5dFd0THVxdVJUdzYzQ282X1FMdEp5RERONE5DTWtNVE9Dd0pKNHZrN2pQazI4UXRfX25ySHliMEgxc0VfRFY2VDNJTTNDc29R?oc=5,"APS, SRP, and TEP look to build second nuclear plant to meet Arizona’s rising energy demand&nbsp;&nbsp;AZ Family"
2026-08-26,2025-03-03,sector,Arizona Public Service,12News,APS warning about scammers targeting Valley customers - 12News,https://news.google.com/rss/articles/CBMi6AFBVV95cUxNQURTaEhuZENsY3Q2dW5QekM5TkYyVFFqbUgwVVlpV0hhaGFYZ3BIZ05GZHU2ZWFhQVhHa3hLcVcxN2ZnQXJWMFVhb3ZhcHN5aGJRXzFaVXdlVnphazJteTJOcWN5dFFhUC05ZXhIb3A4MkQ0ajhGMUxpYXRNeVpEeVA0R1hLZGVxdUhiWVNtVW5oWl9LbTA0QnViOWVYemRWNTNIUElaRlgycVA5TjJiQnZyRExsc2xZRmx4UTRCcVBPNnNXZFVZRU5qXzBiVFZDMElHdk1DWVhrMlhGbG44Q0tRaUdVRHZ4?oc=5,APS warning about scammers targeting Valley customers&nbsp;&nbsp;12News
2026-08-26,2024-11-04,sector,Arizona Public Service,Energy and Policy Institute,Utilities fund Republican campaigns in pivotal Arizona legislature races - Energy and Policy Institute,https://news.google.com/rss/articles/CBMingFBVV95cUxNOHlMb1F2TDlmNEdvdzN4WDVxald5Y213bzI0blNnajh6SDRsZVR4MWQ0WEw1WXpVWWh2dExTdnpEM3JjdUhRcnR6UFpncHY2UGthcWZYQ1Uza1VLQ3hadVowZklDNlpSRzdkeFNiWjhHRjFRak5DT3dJYXhXaEkxZExsTE5vY1VRQmxCbGYwZUtuMW9WV3NIblZDUlQwQQ?oc=5,Utilities fund Republican campaigns in pivotal Arizona legislature races&nbsp;&nbsp;Energy and Policy Institute
2026-08-26,2020-02-06,sector,Arizona Public Service,AVEVA,APS upskills a dispersed workforce with cloud-based operator training - AVEVA,https://news.google.com/rss/articles/CBMigwFBVV95cUxNZW0zYXRqRkdJZ0xNVEs1NFJBeDY4eXR6V0xYbF9SMDFnaU5Zb0otbDFuNDlFTE8xT0RMTkpEcGRXakdJb3Y1YWM5dDBTX0R3Mkp1TjhmMGRSVG5UVkNDR0ZTeFdNeVZKMUJGYl9uSHFiaEV0OGlKY0xQYnNMSl84R1p6Zw?oc=5,APS upskills a dispersed workforce with cloud-based operator training&nbsp;&nbsp;AVEVA
2026-08-26,2018-10-01,sector,Arizona Public Service,Energy and Policy Institute,How Arizona Public Service's four corners plant has hurt customers - Energy and Policy Institute,https://news.google.com/rss/articles/CBMiggFBVV95cUxQSHg3LUpOa1hWdktvaXpjVDliZ2c4aEJuU0xkTkRoY2gyWVBSV1YycG5NUm9ObC1haEUtU3BQQmRmTnZ3NWxqbG1VRFJ0X0JtUFMydVZpTnNzSXFIT3hMNnFLUURta3A0eFJsTnhjSkw3LTBrSk5NZ3FnS0dlbnppeFN3?oc=5,How Arizona Public Service's four corners plant has hurt customers&nbsp;&nbsp;Energy and Policy Institute
2026-08-26,2023-05-23,sector,Arizona Public Service,Cronkite News,Consumer advocate crunches data for Arizona ratepayers - Cronkite News,https://news.google.com/rss/articles/CBMimwFBVV95cUxOQ0FaTzRIRzBRU0x4d2dnYWJKTHJka0oxZ3RsQ2M5NS1kWEl0RFpKVkJXX1BwSGZLVF96V2M3QkpCQWo0X2I3UUd0VkM1YkN4ZUVVUlh5NzAxTHowQTdFOFNFdzdQM3ZIWmxnbUwxQUJOZDhLb0p2czFSLUNVUzhpVmRXYU1jWGpjQ0pBd2ZRQ1oxTUxUR3d4dDBLYw?oc=5,Consumer advocate crunches data for Arizona ratepayers&nbsp;&nbsp;Cronkite News
2026-08-26,2020-01-22,sector,Arizona Public Service,Energy and Policy Institute,"Arizona Public Service announces 100% clean energy goal, saying it will “eliminate all fossil fuels” - Energy and Policy Institute",https://news.google.com/rss/articles/CBMimAFBVV95cUxQRVZkUlRVbmJjWldIcGhOR05qVUlrY1NxT3dUQkFvM3IyMWpQbFlLWUt3VkxIUXdSWjVMd28xMGhnN3VrejIweFlVMHRjdjZzUHZBM3hpdzRodl9CdERkMWd6andvTUVoRUwyWUZaQ2lKbVg3RFJ4M0JUVy04cTRRSGZlVE55U3lYNHVjY19vdlprRW1zanFiNw?oc=5,"Arizona Public Service announces 100% clean energy goal, saying it will “eliminate all fossil fuels”&nbsp;&nbsp;Energy and Policy Institute"
2026-08-26,2025-05-20,sector,Arizona Public Service,azcentral.com and The Arizona Republic,APS profits are soaring. Yet it wants even more of your money | Opinion - azcentral.com and The Arizona Republic,https://news.google.com/rss/articles/CBMizwFBVV95cUxNTE5iX1hVSms1RUVBT2NRQXBUR21RbnVTMzZUVUtMcUJMX0czd1oyWXlfdGZyTnNKeGVnTktSMmh6LTRtaHJVMVhwMXpEem52Z2xoVnJQX2dmajIwczRRVDd3SVpsTFRKX0tLbDBqZjlqcmxkNS1TbHYwcU1BOEV0ZTdzYjFFVzhIUWRCbmxNQzBBZFh6dWVDNkE5bEk5WDZmOU9xcDJ5Y2Zkd0NsenJoeFViLU5nU05YNGpWblBwMVQ5dENpU2MzUjFJV0pnMVk?oc=5,APS profits are soaring. Yet it wants even more of your money | Opinion&nbsp;&nbsp;azcentral.com and The Arizona Republic
2026-08-26,2015-06-01,sector,Arizona Public Service,Utility Dive,What’s solar worth? Inside Arizona utilities’ push to reform net metering rates - Utility Dive,https://news.google.com/rss/articles/CBMiswFBVV95cUxOcGYzVHlxUVFFSGNuZm9kTHJjX2ZmcEtRRUF3c05TbERYdzlBRHFLNFU0Tmt1Vm11SEJOOElkcHMxZEtHcHNYWm5UUXVVdXJBSzdfNUg5RFBEeTdvTzVIMElHWnlPWDJ2RjY2Ml9xQ190eVBuRDJmOWtuUkdJN3daX2owRlhDRjFaV0piTldqelhVOGs3Z1gzYTZPelVWeHF3eFBIaU1DdGU3QjFNTmJYOHFldw?oc=5,What’s solar worth? Inside Arizona utilities’ push to reform net metering rates&nbsp;&nbsp;Utility Dive
2026-08-26,2026-08-26,sector,Xcel Energy,FOX 9 Minneapolis-St. Paul,Xcel pole under investigation after fatal accident - FOX 9 Minneapolis-St. Paul,https://news.google.com/rss/articles/CBMijwFBVV95cUxPZVdPeWE4Y0pnNnZQUmlYa2dDSDFSOFRBeHN4b2NBWm9MSk5lUVEzdENMVWRzdXMtOVdhaVJjazFjdjdGa1d5TXFNTlVoYnNhajBPRDFjZWhvMUs1bm9fRWtyTzdONC1TU2N6UkM0Qjg0RGJBc1g0M29WX19NT2xZMlc0dnlfcW9sWkg3SlJ2TdIBlAFBVV95cUxONmJlYkVBNmY3WV9oc2JPVEs0eGxkVmY2bVNsQ3hGMmlKLWxNZlJ1emlFNDVQQzI3R0pyaTU4d1pkdWZnN3pybkZLM0dPcUVFSFdKa0hRM3gwRWxuUnNYNHphRlNaMGNCU2dXU1hDQkNsWXZYWGIwZTJJRjZ3SV9UNUtDZXBMVHV1dm1RYVpNaGozR25P?oc=5,Xcel pole under investigation after fatal accident&nbsp;&nbsp;FOX 9 Minneapolis-St. Paul
2026-08-26,2026-08-25,sector,Xcel Energy,Star Tribune,Ellison challenges Xcel rate increase as customer frustration surges - Star Tribune,https://news.google.com/rss/articles/CBMiqgFBVV95cUxNSk1uaENoaXpET3h4enRfNTFrYlNJRDh0SDk5OERSc2dWM2VBc09CaUJNVWNLMUlPaEZpejRVUGZhTXl3YnNIWFQ3dEJNVzFJZWtSQ3o4eGtrZkxvQTA5WUU0cVNud3l6ODFUTTV2eDE4WEN1STc5WV9JSE1pTHBWVmxKaV9uR0pibXBuN3UyUFo5WTEyd2U2NFF1d0lXNU9va1FEU3QxNVBvUQ?oc=5,Ellison challenges Xcel rate increase as customer frustration surges&nbsp;&nbsp;Star Tribune
2026-08-26,2026-08-25,sector,Xcel Energy,Daily Energy Insider,Colorado regulators raise Xcel Energy rates for consumers - Daily Energy Insider,https://news.google.com/rss/articles/CBMiogFBVV95cUxPdDZEc1VINVJTTmc0SERyZXdFbk5UX2pCeDF1cm1QcFdveHlqOXJseXYyYmhVVXI4TDlrbkotdFRfVzhjZFdFM2JIQUw3WTBRWXVtUXpIY3ZGc09WS2FuWDVuWFRERi1BblZJbFJzVUR2dDh1R3VSY1Q2b0ltcFJ4M2hXWFU2UVJaeTRNdGVBOEx3NGNQRjI5cmxibDdFZnRuMkE?oc=5,Colorado regulators raise Xcel Energy rates for consumers&nbsp;&nbsp;Daily Energy Insider
2026-08-26,2026-08-24,sector,Xcel Energy,Yahoo,Xcel Energy: Utility pole in Hopkins fatal accident met safety standards - Yahoo,https://news.google.com/rss/articles/CBMiiwFBVV95cUxPQnhubDZfQy1HODdYTG1zYjF5YmZsMGtoLUVXXy0wTXp2WDNOVHpHVm9TS0NvLXlGOVBmcVVySzI1eFNWUklKLXZZR0tkTTFYYXJaZlJlX3hyV3NIQmQ0NUFIMUoyczNINFowbEFWUHN5cE9lMXNZVkdfdnZMOHBFa2ZwR0lfblBPV2FJ?oc=5,Xcel Energy: Utility pole in Hopkins fatal accident met safety standards&nbsp;&nbsp;Yahoo
2026-08-26,2026-08-25,sector,Xcel Energy,AOL.com,Xcel Energy: Utility pole in Hopkins fatal accident met safety standards - AOL.com,https://news.google.com/rss/articles/CBMiggFBVV95cUxNUkN0akZOVHR2VDdKRU9xUzdQU3k1ZnRNeEZjRU16MG40Zzl2MmpZYk9taWtnUXZSUVcwb1ZDVlhDR2NQb0ZtcVhVZUVoUnJxeGFXT0xyci1aR3RCcFUxSjA0dm53NXg5Q3lZbWY1dWtLOGVLUGdzNmpmSllEa0hKaHJn?oc=5,Xcel Energy: Utility pole in Hopkins fatal accident met safety standards&nbsp;&nbsp;AOL.com
2026-08-26,2026-08-25,sector,Xcel Energy,Kalkine Media,Xcel Energy (NASDAQ:XEL): What Is the Market Watching Most Closely Now? - Kalkine Media,https://news.google.com/rss/articles/CBMirgFBVV95cUxORllVU3VpSnpNU0ltT2dZRlZqZHMxaVF6N2xENkRDZlUtNDA4aHp0YTAtakFqNkdueG1QWTVvNEE4Mk8tTW1rNV9ld1RucXBjU3Z3VXl4SWhpcnpCSndkY1B5ZmZfSDlHTkQ4Rm8yNFdWUUJySVVWcGdMUXB4MlpON05sQVh0UDJSY0paclo2VWs4SVlXTVNjZFhqQ0pEZVplYzNhQTJtQ2xnYVBnX1E?oc=5,Xcel Energy (NASDAQ:XEL): What Is the Market Watching Most Closely Now?&nbsp;&nbsp;Kalkine Media
2026-08-26,2026-08-24,sector,Xcel Energy,AOL.com,"Xcel Energy investigating after utility pole crashes down, killing one in Hopkins - AOL.com",https://news.google.com/rss/articles/CBMiigFBVV95cUxPUlN5dzM4ODdicFczdE03NG9vbHNFcEJXUjYtS3dQSHpSRm10N0VfcEszV01DWU5rR2ZOV0pfSzc2Vk1ZSmo0Ql9wVFVlaUJXZ290QTd5SzFxbl9EOGoxSjYyZ215bHhlODFSU2xMZkhzUVRjTHpxX0t1aXd2TFY3alVRdTlCS1BPM1E?oc=5,"Xcel Energy investigating after utility pole crashes down, killing one in Hopkins&nbsp;&nbsp;AOL.com"
2026-08-26,2026-08-24,sector,Xcel Energy,Star Tribune,Driver dies after utility pole falls on car and catches fire in Hopkins - Star Tribune,https://news.google.com/rss/articles/CBMirgFBVV95cUxQZ0Y0bVVtUkdNMHRnNnhJMHNDYnVOWUxCWEtMVC00dEFNRjM3SFFSeTR2OThNQzhEcFNXLTFnRjdrOVNtZTkzUzZ2UmZPdW42Z1dHbUhJcFJHN05fYmRya1J0QUxqVTVLM3hvZUxUTmloVHBtdmRGSnl3aFBZVGI5a3FTYm0zXzBRUWpSdng1ZkM5Y3QwZ0UyLV8yeW1WMHVRY0pLUmdHVXpnLUdUcGc?oc=5,Driver dies after utility pole falls on car and catches fire in Hopkins&nbsp;&nbsp;Star Tribune
2026-08-26,2026-05-01,sector,Xcel Energy,Bring Me The News,Xcel Energy gets OK for southwest Minnesota natural gas plant - Bring Me The News,https://news.google.com/rss/articles/CBMipgFBVV95cUxNVDNPcGNuSkRCTHFzbGUxaFYxZzk3LS1lY2xaaDFFd2tILTVuTzI1dGpLQVNUVVp2V1M5MVZyTjVaaDBVNWQzNzlHY01Wd1kwWFBuOEF4dDd3WlVfa2ltYnV1azNubUhmZGhUWGFHdUw2dFRWRjlIeTduTnhmTDBTaklFVWVSY1RFVXo5dzdlMUY5Q1BwbkE1dUZseUlOcm1RN2Njd1lR?oc=5,Xcel Energy gets OK for southwest Minnesota natural gas plant&nbsp;&nbsp;Bring Me The News
2026-08-26,2026-07-20,sector,Evergy,South Carolina Public Radio,"Dominion Energy, NextEra want to merge. Community groups are wary of the public benefit - South Carolina Public Radio",https://news.google.com/rss/articles/CBMi3gFBVV95cUxPMnlXZ0tmc21QS3FNaGRTcGpLMWgtbnhKNkVfcU44V3R1ak9TX1JHNjRySUJXcUNyeHpUZHhUcFNLQms3V0FobXpMZ2ZCRy1rQ2xJZ25kM291cC1FcEY2aE9DazRhalNJMEl0TmJEU0R3b0dzaGs2U1ZtRVVNZ2stQ2JiTzVrbHBMcl8xQ3J5NFRhRkMtdUZFZmE5M3lIUVNYWmhyUVMxT2cyUWhxZmRDaWdtblpHLVFKVkV1SDI2N0FYV29CY1RMa3p6MlVzbkdtdTdxTzBCSExUdnRfU1E?oc=5,"Dominion Energy, NextEra want to merge. Community groups are wary of the public benefit&nbsp;&nbsp;South Carolina Public Radio"
2026-08-26,2026-02-04,sector,Evergy,"ABC News - Breaking News, Latest News and Videos","Energy bills in US have increased 13% since Trump took office, new report finds - ABC News - Breaking News, Latest News and Videos",https://news.google.com/rss/articles/CBMikAFBVV95cUxOamh4Qm9EZ3Q4MUZ1UktsV3daOUUwTmh0S3FTWmhsZWNOQTJwa09hMGZaRTliVlE5a1J1bE9mRUhPN1d4dU1Vd1hXNWVSOXNVVVF0dWRXT3pLSThreEgtRkFKRW5hVUl4eElMX1FYU1lpdXR4OWQ3bi1XSWJJWlAtU3UtR25NM19SaXBGMnJUcG0?oc=5,"Energy bills in US have increased 13% since Trump took office, new report finds&nbsp;&nbsp;ABC News - Breaking News, Latest News and Videos"
2026-08-26,2026-03-19,sector,Idaho Power,Blue Mountain Eagle,OTEC looks to buy PacifiCorp’s Wallowa County territory - Blue Mountain Eagle,https://news.google.com/rss/articles/CBMinAFBVV95cUxPYVNmcjhzM3hLOC03Q1RRVFhUZmhpQlFpQW5qNzNSY3hfUkU1eE5wand6QUJTNjJKeTh4ZTctcUxhMnRndDhHRm9hRWJJSW9sOHFjQzRvZlF4c0xvQXlJZ3dsMDhoWVpLY2NkRXdibTNEZUdnYUk1cXRiRkJnVFVFcTVNRjJUT3JMLTF5d1RxTHFjREhSQkFIV3FNRDk?oc=5,OTEC looks to buy PacifiCorp’s Wallowa County territory&nbsp;&nbsp;Blue Mountain Eagle
2026-08-26,2023-05-04,sector,Idaho Power,Idaho Capital Sun,Utilities regulator takes public comments on Idaho Power land transfer along Snake River - Idaho Capital Sun,https://news.google.com/rss/articles/CBMixwFBVV95cUxQX1VMYXNRTERUTFAyS2p3Y3N6elc0aTdQb0I3UXlkTTR5a2wzLV9xcWhvMktZc1h5SlFHSXd0UjN2dXozS2FpRXNHRXN3T190WDZsem1Dd2Vnd3pKeFM4V3NjYmctbWFFZkJXWnFFeGhhQmVxZWFoOUFQcVF3T3pYWk03aGtzRTd1LVhWRGhidUZ2MG90Uld3cHU4czJ4eEdwbnRmemlQYVk2MGJ3aVFacExpaUJhZ2ZldlRKeEl4c3NndHVVZmkw?oc=5,Utilities regulator takes public comments on Idaho Power land transfer along Snake River&nbsp;&nbsp;Idaho Capital Sun
2026-08-26,2022-08-25,sector,Idaho Power,KDRV,FireWatch: utility settlement reached in Oregon wildfires case - KDRV,https://news.google.com/rss/articles/CBMi0wFBVV95cUxNZThzMURPaXJNazJpVGlmUFY3Y0Zhb0RnOVlPdkVPdzhWVXh3dmRLTS11LVk4WHNsb0hPWU1lNnJDOFZ1VTl3dWJ6RmdfRnBiZXl5NEVTNmtCUDlkekplclVkQ1d1S1VVdF8yMzNyUHpzWnZDX04xNHg1d2t1VUVheDBZa3QzU0pUU3dNOWJxWVQxWjh6enh3dVp3LVdTMy1HLW5wVUJuRzNaTEo4Qk9uak1wU2tWNm5hT3k3dzU2OTFZQnN2VDItbDVmSXNueWFRc2k4?oc=5,FireWatch: utility settlement reached in Oregon wildfires case&nbsp;&nbsp;KDRV
2026-08-27,2022-10-24,leadership,,Seattle Metropolitan Chamber of Commerce,2022 Regional Leadership Conference Recap: From Vision to Action - Seattle Metropolitan Chamber of Commerce,https://news.google.com/rss/articles/CBMivwFBVV95cUxQQ2pnOVpNaGNXWkl6WkdOVkItM1paV21LaFltN0pvZ0l1RlBSREtqUGx5TWprZnFxTGdfeXNlampUeVp6N2tFdDI2Q1hhWXMxYnc0OGdxSzlWLVZwVjZJOW9rWWNud3hiQ04tU180dno0dmZJQkRsUVNEV0lXa0JFQUk5WGlSN1Jib1cwYmY3cmViemw3eGFTWGlTSEJ1TTZmZXdJMk0yN29wSDlPcE9hT0NGTTduX2JtVkFGSUFRaw?oc=5,2022 Regional Leadership Conference Recap: From Vision to Action&nbsp;&nbsp;Seattle Metropolitan Chamber of Commerce
2026-08-27,2026-08-26,company,,Mshale,Puget Sound Energy Provides Update On 200k+ Power Outages | FOX 13 Seattle Missing Soldiers In Morocco (WLU6d4RH8p) - Mshale,https://news.google.com/rss/articles/CBMiW0FVX3lxTFBQT1NIQVNqZC1ZUnFVMVg2cjNsRG9WR0Vtcmw2NUwxanJPNWJ4UjdGVE15dmtVZll6dmE0OTU3VXo1NGR5WFZVam1TcHB6cElNMnhscTcwSzNyZVU?oc=5,Puget Sound Energy Provides Update On 200k+ Power Outages | FOX 13 Seattle Missing Soldiers In Morocco (WLU6d4RH8p)&nbsp;&nbsp;Mshale
2026-08-27,2026-03-23,company,,RTO Insider,Wash. Utilities Race to Break Ground Before Renewable Tax Credits Expire - RTO Insider,https://news.google.com/rss/articles/CBMipwFBVV95cUxOWWd5SVZfWUpZYktVc1UtZTVHbFUtLThhOTJPTkxYQkxzaWxBMkYyRm5MX3R0ODFjNi1ROEM0Q1FBVUE4V25kTW0zVHdYN2dCdHVXdEJ4SWdwcXF6SXJwbmdXS0V4NDFwSTZldU1seVRQQ0VRMlExYktIZDk2a3BtVFNLaU1TYmJibEc4a1RHNW1ydG1NUEotMWE4THkyWnJKaHYzZUpENA?oc=5,Wash. Utilities Race to Break Ground Before Renewable Tax Credits Expire&nbsp;&nbsp;RTO Insider
2026-08-27,2026-07-30,company,,Sightline Institute,"WA Gas Utilities, Meet Clean Heating and Cooling - Sightline Institute",https://news.google.com/rss/articles/CBMijgFBVV95cUxOQnZMTFJaMGlaaS0xOHh5Vmk4U04xZTRvX2dHOFp6aUFXSldiVUNZS2w4VHBRYW5oUmI4enA2SzFiN2hQZ3dYYTRUb19zZTItNVpWM2RMczJGYnJnejBqT1c1WFlobDEyVjVhaG01WDFESXc1aXpRTHdUMUh0OEoxZUJsVFBfZ2RWcnZ1Mm5R?oc=5,"WA Gas Utilities, Meet Clean Heating and Cooling&nbsp;&nbsp;Sightline Institute"
2026-08-27,2024-09-24,company,,Factor This,How one utility hopes to improve situational awareness through small sensors - Factor This,https://news.google.com/rss/articles/CBMi0wFBVV95cUxNZkk4OFNYSEU2c3FCQ1Q3TzFOT05tellJVk53OUIwQnU0bU5CUGFIR1Fvbi16MjRRMk9tWDQwQkxCM0tqTm51aWttTDQyUExGOElHbmNfbXBPTS1uMU5qNV9JZWJfQzVVcXg1SDlVUXNMWTJLMXdkN1VmamE1V0t5ak0zdlkzSHVCOGdsa09VZTRibVp1bFJWeG9NQkI1cXAyV0s5WVllTGhoZGpDbTJPNmNPSklYTGRTMlVpWHpBQ0dGWW9ZV0lvR0JFa0h6T0swWFVn?oc=5,How one utility hopes to improve situational awareness through small sensors&nbsp;&nbsp;Factor This
2026-08-27,2026-07-26,sector,PacifiCorp,fox10tv.com,Pacific Power requests rate increase; Utility Commission invites feedback - fox10tv.com,https://news.google.com/rss/articles/CBMitAFBVV95cUxQU1pXSjFjeWJPcHBHMU9CWkhPbWFQWE9rZDZJZWZ1bzh6T192VzVUa3ozc0FWeFJBYnhmRzhRRUNOUEV0NTRZZjNtenNQRlRLdXYwc0NYZ29ZYm95ODBNVkEyY0NqdWpTdGpkczR6dkM3OWI2VlgwR1JxNEhiRzVucVNwNUJnNTlKZDlfVzdQWTlYLW9lS3lQdUJZUjBNQ0huYTFlR09iVGF0b0VQN19yTy1ZNXI?oc=5,Pacific Power requests rate increase; Utility Commission invites feedback&nbsp;&nbsp;fox10tv.com
2026-08-27,2026-04-08,sector,PacifiCorp,Seeking Alpha,Berkshire's PacifiCorp utility wins court ruling that could reduce Oregon wildfire damages - Seeking Alpha,https://news.google.com/rss/articles/CBMixgFBVV95cUxPdGJ5dFgybnFXbklwMkxGQlpuTVJjOEZBT2dtbHpsbXo0aHlJRWZ6dWJpdEhuN2RRMVZheWNQeUhfS2gtd0JZVjMtcHcyd1NzbUxpeFV1SGpscVFQY2QzSEFXaWZDWmFxdjY3Z3dXX2pWZ0hfblp4STVHSVNIOWV1U0VHMVVhelRMWWpITjhSaUk5c1hHWVg1OVZJUjdFbmdJcXdQUWdNaUR2dFlXMEllUnNGY3haZXQ1N2FYNHdjZEh0LS13cnc?oc=5,Berkshire's PacifiCorp utility wins court ruling that could reduce Oregon wildfire damages&nbsp;&nbsp;Seeking Alpha
2026-08-27,2026-07-01,sector,PacifiCorp,Market Data Forecast,"Asia Pacific Power Market Size, Share & Growth Report, 2034 - Market Data Forecast",https://news.google.com/rss/articles/CBMigAFBVV95cUxNRDZoZWFNRDdaZU9Oak9lQzZVVXpsX3VGQjJocjZrMUlfUW5nQmlQV1B5UEo2Q1IxX3EyNHdWWXVkZU5rYl9UN1JBTHhtRUdNeDRteVd0Y0w2VVpQdG9uaU5EZVNHVFdKRXFTaEpqcHR5STlyb2dqMjlLM1lDU184aA?oc=5,"Asia Pacific Power Market Size, Share & Growth Report, 2034&nbsp;&nbsp;Market Data Forecast"
2026-08-27,2026-08-27,sector,Portland General,simplywall.st,Portland General Electric (POR) Could Be 5% Undervalued Following EDAM Tariff Filing - simplywall.st,https://news.google.com/rss/articles/CBMi3wFBVV95cUxNUnBuWXRjcnk5UGxIdl9qN2lQaklWa0ZFRERoTHA1Z2s4TDJZSDN1dmMxQ0htSjUybkg0TVBKNHZjWGRJOElrTkhJUkdldnBVWVc4VVVGeHFZS1NzM1AzeC15ZlkxTTdRdGwtY2dPU0lkbk1pLXQtQXBPVFRZRzdZRU5kT3djbnFfM04ycFBoblNnNUJBSHVzbllGNFFaemtsSE9uWmlYQU5KMXgzRVlyYXFpYVNFTFJTWWs0T1VSYVkxdmdGeFVwaUhReTRZSDRtUkVjZF85MTRUVjhwZVpZ0gHfAUFVX3lxTE1ScG5ZdGNyeTlQbEh2X2o3aVBqSVZrRkVERGhMcDVnazhMMllIM3V2YzFDSG1KNTJuSDRNUEo0dmNYZEk4SWtOSElSR2V2cFVZVzhVVUZ4cVlLU3MzUDN4LXlmWTFNN1F0bC1jZ09TSWRuTWktdC1BcE9UVFlHN1lFTmRPd2NucV8zTjJwUGhuU2c1QkFIdXNuWUY0UVp6a2xIT25aaVhBTkoxeDNFWXJhcWlhU0VMUlNZazRPVVJhWTF2Z0Z4VXBpSFF5NFlING1SRWNkXzkxNFRWOHBlWlk?oc=5,Portland General Electric (POR) Could Be 5% Undervalued Following EDAM Tariff Filing&nbsp;&nbsp;simplywall.st
2026-08-27,2025-03-11,sector,Avangrid,Santa Fe New Mexican,Report: PNM holding company considers sale year after Avangrid merger deal failed - Santa Fe New Mexican,https://news.google.com/rss/articles/CBMiigJBVV95cUxNMW93ZURCTnhzV19udDVINzllYzFJTWdZMml6d2tncUNwcWZJU1JpMkZzRGdTaTJDMkJuVXJRcF93SUFQaTlva3pDQ2hLQkV1YjBEbnFHZ1pkWHRjcklIYnZUeHMweHhWYl95eGgwQmVUME54dUN1TkV5dy1zM29SS2NhSHdhVzZURXQ3Q0VnNUUzVURYenJsX2FuVTk5ZXcxSG5ZaTRHSVpDclZObktxX3NDeHdVMVBBX1czaEpPOF9BRjhxOTNSdjhmVmRiS0w1eF8tQUZCVXFPbHVJVlBQdlAycERkUzNEVlc3UmxUSjE2OE0xc3ZoWGZ2N2tVY3NscXRnRnV2OXd4QQ?oc=5,Report: PNM holding company considers sale year after Avangrid merger deal failed&nbsp;&nbsp;Santa Fe New Mexican
2026-08-27,2023-10-13,sector,Avangrid,Utility Dive,"New York PSC approves big rate increases, $5.2B investments for Avangrid utilities - Utility Dive",https://news.google.com/rss/articles/CBMiogFBVV95cUxQR25SRmlPTlpoTVR1OWpWbjdrN0FNbTZYMVpjbXgwQnRzdFp1WnVBUGVFYl93eXFrTzJJRDFqWnYzOEpVMXNodHJ4aWVTN1A3YXRKbjhYWjh0bmtqUURwVGkxdFBVV3htV2p4UmhPYzkwUGpFNXVwOXhsdWpmeHY5WWh6RDlac2xZUnlyMU1WZGVkY0Z0VTNTeFhtSVRFUGlFMnc?oc=5,"New York PSC approves big rate increases, $5.2B investments for Avangrid utilities&nbsp;&nbsp;Utility Dive"
2026-08-27,2025-09-29,sector,Avangrid,Inside Investigator,"Eversource, Avangrid seek removal of PURA general counsel from dockets - Inside Investigator",https://news.google.com/rss/articles/CBMiowFBVV95cUxPU3V3NFpBb2ZZMEFJdXZXMG00QjlOM0RKT2tWbUJYZFlBTFI5aVVLQzVYRUZkemxvX2NoLU9UNzhWUElrS09XMWpYMlpZT08xRWRNX0dnNnhrd00zdDc0SFhKbjlyeFRRLV9ZVFhmTlpobkMwaDJVVnhIUW9wMC02RUp2cFZxM3BpWFZEMUNBN29SelUybWNtT2l6SGlIaW56ZTJF?oc=5,"Eversource, Avangrid seek removal of PURA general counsel from dockets&nbsp;&nbsp;Inside Investigator"
2026-08-27,2025-09-24,sector,Avangrid,RTO Insider,Escalating Conflict with Utilities Leads to Resignation of Top Conn. Regulator - RTO Insider,https://news.google.com/rss/articles/CBMilwFBVV95cUxQaFpNLVJicFE4bG92WjhhU2VPcjlwQjFRdUJHaVdocTFLTFctYUF2ZzI4eW5ZcWhJSTVRd25zSEw0OVQzYkNxOXdXa3lPQndiWnRUQ1JrOGlqTzRyU0Q3aUk2QUx0aFIxM2RLXzhRRmQ1QVlGbUdxZWpRaU5vUUx6N3FJdk1sUjk2bFhGRGJ0MTNzeXVkNU1j?oc=5,Escalating Conflict with Utilities Leads to Resignation of Top Conn. Regulator&nbsp;&nbsp;RTO Insider
2026-08-27,2018-06-28,sector,Avangrid,Press & Sun-Bulletin,NYSEG and Rochester Gas & Electric meters to be replaced within next 5 years. Here's why. - Press & Sun-Bulletin,https://news.google.com/rss/articles/CBMirgFBVV95cUxOWVcwZzFZSy1zSFpUT3JpUU9MUkxiSG1nR2JSMjZqMUJJRTAyR0xzOXJ6dW92XzNHb2FmNVlqQk0xSTdlMHFWdUtyTW9EcThWaFk5b21NVHJuamlyb2Y5QW00TktCX0g0UFMwTEJmcVA3c1FSWjNicnRJdlBXLUdlYWR3dkJaa0sxZVdTZzNXYVdtZ3RmTUlnZ29TaWxRY1NxX2c0SUFkZ1liYjVjcHc?oc=5,NYSEG and Rochester Gas & Electric meters to be replaced within next 5 years. Here's why.&nbsp;&nbsp;Press & Sun-Bulletin
2026-08-27,2026-08-26,sector,NV Energy,KLAS 8 News Now,NV Energy launches tool to help customers understand daily demand - KLAS 8 News Now,https://news.google.com/rss/articles/CBMiqwFBVV95cUxOTGtoRVpjREhiemh5dEFXd1gzcDRnT0NPeUhuY2FmSVhhaEpncVdNeXliS1dGUGhSZjRnQXNocHZvQTYtV1d4dUNqRHgyV25WQUpnal9VNEYxVGI1YmhkbWZnOFBvYWx3QTduSXFndnhFb3FISTdTZEFRN3lyT0U4a2pOc1dGd2lUZlNISXRtQU5HRUcyLXN5eDdVVDlWbVNZbUFFbXZlT29LNFnSAbABQVVfeXFMT25TMDFqbmVjUjA3T2J3dUg2UHgtWVhrQXpBWDJRYlQyeV9ISnIycWVBWi00cmRvbjJ6a0JIRnpNWVNjSFVtTHBHR1ZGNUlHX3JubHFoS2NhZkR5SlA0aEJFUU5UTEFjelVTZ0p3MmRyTXoxckJnbnRMNjVVb1YyanF3WjZ4UlFKVmhLNWducHR1VTZ5SV9wcC1sejBsLVJwaTQ1MElNbFJHbmxCeVRBenI?oc=5,NV Energy launches tool to help customers understand daily demand&nbsp;&nbsp;KLAS 8 News Now
2026-08-27,2026-08-26,sector,NV Energy,Utility Dive,Nevada ‘misses an opportunity’ in performance-based DER tariffs: advocate - Utility Dive,https://news.google.com/rss/articles/CBMisAFBVV95cUxQMkh0cTdhenlTMVNld2ZoVF80Z2N1NVRyNEQ4T2tqOU1BUHVDU1FmSmlGNEhqOXFQNmprdnJsakpBN3o5TXVtWHFYd2NvR2pZMkRqdHktZEFSLUlCN1Q1RURNak8zeFVlUTBqbUo4UnJaclEtd2wxR3FGOEZXcElVODFib0JUZVl3Mlg0R0lsQktEVE8xX2dGV3ktdlQ0a3Zfb2lIQjJTU1Ewbi1sYm1keg?oc=5,Nevada ‘misses an opportunity’ in performance-based DER tariffs: advocate&nbsp;&nbsp;Utility Dive
2026-08-27,2026-08-26,sector,NV Energy,ktnv.com,NV Energy launches new online tool to help customers understand Daily Demand Charge - ktnv.com,https://news.google.com/rss/articles/CBMirgFBVV95cUxQeU12ckg1N2h0WEd4QXNrMzNPOFBia004OE8wWFlCZktPeVhmZmhSNmhNdHpfNXVZejB3emx0a0JxNV83dkRna0NaeVpjNlhKSFF4UDhDbHh0dkZwN0RvYS13WUNSTG5vQUNSSVl1c2pmTmxiUUJLcExLbS1PWDJyZV9wdnVhaVZ5RVduaDd3Y1Y0RUtZaHpaMTVRemo2TENfLUphT3lpcE5pbERlYUE?oc=5,NV Energy launches new online tool to help customers understand Daily Demand Charge&nbsp;&nbsp;ktnv.com
2026-08-27,2026-07-21,sector,NV Energy,NPR Las Vegas,"Police policy shift, NV Energy rate changes, and senior rebate program opens - NPR Las Vegas",https://news.google.com/rss/articles/CBMitwFBVV95cUxNNk1wUlJaTGZGTTl0eHNCOWdHNUpKY2VYc3lUWDUxUjZpSGZ1NE9RQzFLNVlkdXVvQWdEandMSllDV0gtaFp6QVFZOWFpcnVDLUF6YnpBM2pxZldIVjJBVjh2RUVzTkd0MjFUM01xRHhzUVlyTHo5VjNsWkdfM25FUHZ3RkxYNWRMVXN6bVpWc0lZb1gwMkF2YjdsVWZVSTZadnV2VmY0eEQ5dDVNNTZWRlMtaEdYejQ?oc=5,"Police policy shift, NV Energy rate changes, and senior rebate program opens&nbsp;&nbsp;NPR Las Vegas"
2026-08-27,2026-07-30,sector,NV Energy,KLAS 8 News Now,NV Energy accuses data center developer of hiding intentions from public - KLAS 8 News Now,https://news.google.com/rss/articles/CBMitAFBVV95cUxPVXhoQUcwLUU0VTQ1T0F4T3hld2piUGFXVU9mTGhkUHYzVjBJbzlRdlVrQm1BVFB0bGFMajNVTlMxQWNVOXlkOHVIdVhIUGtwb2QxMlhvcFdIb1U0UlY0SlhtSWtteXJhR2JTYjR0Mnl3S3I4bWhrM3pGalU3REhWS21VczhPdUlFaGhqeWx4aGpIX0prc1BFdnc5VEQxLWJydjZNSTVmTEY3RURxWTZVa05tNTPSAboBQVVfeXFMTXRMc1RmbGNtVE1vVGxfU2tuQjBuWkFkc2xVdno3LVNkek9lLUdjVzMzc0ZlT0NoRGVoWHBKZFdQbXVUYUdhWE5HWHZpUGZCVXJQVUhuZkZMMTh4N3dlTTlPZDduY1dadFdtY0MxLU1xNmRsLWxaQXpCS3pUanR1dGxOMF9SUUFzZGFySHc5YlZkcUI1ZURNUW1PNkQ5M0xyVWloaDhsN05BTmhyRUswN1VVelR1VHlvUm5R?oc=5,NV Energy accuses data center developer of hiding intentions from public&nbsp;&nbsp;KLAS 8 News Now
2026-08-27,2026-08-27,sector,Arizona Public Service,12News,"Middle-income families, singles could get APS bill assistance through state program - 12News",https://news.google.com/rss/articles/CBMi5AFBVV95cUxNVmVXTnhHQnI3cldnXzVvcGRXalRlNzZiRW81eU5zQXJCM1hUaG5Yd0dXc21rYmNGRkRsQm8tdUlMS1J3YUc0My1BYlVYTXRTeVVrZ3ZQN1dFeVFpeFJpWC1TZ2kzOEsxMzhHLUNHRk1lNUlqcFE2OFpNOFQtUFpMeDV3RUVWVjlpRUJlQzFsaV9ZV3dQOGpxTnpOSUxmdGd2VV9TLVZ0MXNMaHozdjdJNUZ4T1JpOGZPNW40M2l0bW1KYUUzazZSOFkxWTVEdHBZSXdzUkVRRi1xQTE5a25nS3hGY2c?oc=5,"Middle-income families, singles could get APS bill assistance through state program&nbsp;&nbsp;12News"
2026-08-27,2026-07-02,sector,Arizona Public Service,Business Wire,From Legacy to Future: APS Plans to Convert Cholla Power Plant to Natural Gas - Business Wire,https://news.google.com/rss/articles/CBMizgFBVV95cUxOQkJIMlMyaFozRGgtbkluMExxVVBZM1gzd1oxakliZ3JONkZ1M1c3UnBSYnhGQzJ2N0phRnpMWERwaU5CbHlfTzRJQ3RqRGNRTXRNQVFOTm5WeUd3N0FHdVZGYXJUUGxMWVRETkstbWtydG5fVkZwYVVQVzhFV0JZR0hwWFdweDd3bjdBVi0tWkZJRWpKYmxDems1cW5ZbkFVZFJFcWFwYmJ6bHdWUEh3c0k2cW1xV25ZWDRoeks5Yl9kbXU2d0ZHQ2V1YlNwdw?oc=5,From Legacy to Future: APS Plans to Convert Cholla Power Plant to Natural Gas&nbsp;&nbsp;Business Wire
2026-08-27,2026-04-22,sector,Arizona Public Service,azcentral.com and The Arizona Republic,APS cuts power to thousands in Flagstaff as wildfire danger spikes - azcentral.com and The Arizona Republic,https://news.google.com/rss/articles/CBMi3AFBVV95cUxPekNjYVZFczg0SmpFSjhJaXF5RjliWVpsaGNvMXVSSHZYSVFlQTFiUjViUW54TVdILUNPZ2NiTG9LUUt5R3VlM1BLLXNMMlVkMG4wZEw4YlpQekduVF82a3FHckl5c2l0RUZJanFCOU5Xd0x3WWFsQjAxSkl1ZXBxZGFYYVo4aWRMbTZpUG5PY25CdHhUekJEcG5od2laT1hLSktBeEgxMTJ4OWVkNXlwSjZKQmJHbHNYbjUwRjJ6XzFueFJLMGJNQ0tPQUthZnpLajQzbTdpY0gtb0dr?oc=5,APS cuts power to thousands in Flagstaff as wildfire danger spikes&nbsp;&nbsp;azcentral.com and The Arizona Republic
2026-08-27,2026-08-26,sector,Xcel Energy,HPPR,A judge told Xcel it couldn’t condemn a farmer’s land. Now the utility is headed to the state Supreme Court. - HPPR,https://news.google.com/rss/articles/CBMi3wFBVV95cUxPVV9hY3NSNlBoVEZkbVFnQ1Q1NGNBRkYxVU5CQkphTl9vamI0eHpBNHlWZXVLb0Fpa1FKRXp2YWxOd0VLa2U2c1lEQ2lJRjZvak50aFlQUUFmMWJWNTlzVW5DamYxTHFjeXVSdmJEcTdIOWVZd0I3UE1NR2FuS25tQkdjd0pkQ2RUZFNzRGJDbS1lOTRtVlhmTWFqb09Mc0dld3BEZXVWN1RVY0sySWtxbTNEcExMa2dld1ZWX3RpWW9CbVNCNGNzdndLSkFxa0I0MzJhNWRBbll0bkVRSHcw?oc=5,A judge told Xcel it couldn’t condemn a farmer’s land. Now the utility is headed to the state Supreme Court.&nbsp;&nbsp;HPPR
2026-08-27,2026-08-26,sector,Xcel Energy,Quiver Quantitative,Xos Wins Follow-On Order from Xcel Energy for Three Mobile Charging Hub Units in Colorado - Quiver Quantitative,https://news.google.com/rss/articles/CBMivwFBVV95cUxPRk5wLUJRUmdmMDJZVnZ0TC1aMGJNV1NHb3ozWldicWlzWVpPYXFOTUp4RmV0SXB3SXBqZnlLNVdEUU1NMVR3UUdUczU0YVdvdFZDSHBVVlJSNXZ4YndpcGMtUkc4bjJzNGFSenRFRkh4YUtJR0RNenBNUXJEZXBHS3F3bTlOZTlDckE5X3Z1SXFsNjVGUWdsZlBmTUdDQzFtVG5zdmcyNTZlbWxnRHJXZW5fV1Z3UmR1czUtM05tYw?oc=5,Xos Wins Follow-On Order from Xcel Energy for Three Mobile Charging Hub Units in Colorado&nbsp;&nbsp;Quiver Quantitative
2026-08-27,2026-08-27,sector,Xcel Energy,Ad-hoc-news.de,Xcel Energy stock holds at $77.68 as Q2 earnings growth and data center plan draw scrutiny - Ad-hoc-news.de,https://news.google.com/rss/articles/CBMizgFBVV95cUxNeHpRd0NsY3I0UFgtc3NTRlh0TllsMWM2MXNIZ0NXTWdDYWUtQ0Q0S28yYi11WGl1b1JPNnFBUk9LVm5YUHNkVzQ1aG1Fdmdpd25nVzVZZHlKSnNUa1d3QlR6dXFrVkpZa3ZDTHpaT25vZ2NVT3B4XzZtWUNPN2pDQUNpUDQ2MXhBWjRQb0pfdmg5LTlVWXBfQUs2WC0ydk02Q3QwWXpZVW9Oa0FfNkRYUVZGVjhrNnplNXhVTTJEbXp5WURZWm1QeS13VWNEUQ?oc=5,Xcel Energy stock holds at $77.68 as Q2 earnings growth and data center plan draw scrutiny&nbsp;&nbsp;Ad-hoc-news.de
2026-08-27,2026-08-24,sector,Xcel Energy,Yahoo,Falling Xcel Energy utility pole kills driver who was in wrong place at wrong time - Yahoo,https://news.google.com/rss/articles/CBMiiAFBVV95cUxOTE56OUxzMW14UmY5VjNMLVQ3UjkzcEFZMW5NMWwzSndfcktpeHh1US1ESlp4b3ZxaTUtTGlJNW1iMHJIcThiOE1LTWdQeUtDQUMtWFA0WUlPME1RLWM4dkVzT2tSNUVVWWxKWW4zYjRIZks3SWd2ZjQwVU9VbGxNaGV0dmt1NmF1?oc=5,Falling Xcel Energy utility pole kills driver who was in wrong place at wrong time&nbsp;&nbsp;Yahoo
2026-08-27,2026-07-28,sector,Xcel Energy,Denver7,Xcel Energy asks customers in Colorado to cut back power use during peak hours on hot days - Denver7,https://news.google.com/rss/articles/CBMiygFBVV95cUxPdXZNMm4wOGYtS2FqRFRtWEVhckYzOHBKMGlzUE93ZnpuRVE1eXh0cUdDMHFQa2IxeU1DUHJWMWtac1U4NC03Ql9XNXYwQlBfbWZFQkt5YlBBSGdoQ2w3UFVwczlKM2I4OE9ZbkFwajhkbU1VeWVveFoyd2M0U2c4a2ZsaWpCOEYxeGxDMWRkZXlaeE1aZEFpOTlZN0pzWmJ0Q1dHajBLU24xVUUyUktiYVhSRmJJNEVDRnpKekhRMDlDUFF5TDlTN1l3?oc=5,Xcel Energy asks customers in Colorado to cut back power use during peak hours on hot days&nbsp;&nbsp;Denver7
2026-08-27,2026-08-26,sector,Evergy,Ad-hoc-news.de,Evergy stock valuation debate grows as data center demand meets debt concerns - Ad-hoc-news.de,https://news.google.com/rss/articles/CBMiywFBVV95cUxNSjdkWEF4R1lOV3FpNkoyNG4ydVhnYk5KaHpxcFRCMndvLTg3VmNBUmFyV2tySnBBNjdzTGVPQlU1U3I2MlpKVkdGSDZDckUtN0dQaGo0ZDBUWXVIZFBRaVVTbFo2UVU4dDJWcmpBOHA3eFc2RmFpbVZBY1pDU2wwejRTc01NdXFVMThSaEJoMUV1QmFKSEZRNDZBdXRJc0NfU2EwTlVfa3E4QURmOWkwSjlWYVEtYld0T0FWcVpMZUUzSklSRFY0OGVrNA?oc=5,Evergy stock valuation debate grows as data center demand meets debt concerns&nbsp;&nbsp;Ad-hoc-news.de
2026-08-27,2026-07-23,sector,Evergy,WRAL,NC leaders push Duke Energy to make federal data center pledge legally binding - WRAL,https://news.google.com/rss/articles/CBMilwFBVV95cUxPeVMtMnMzUVFVRlQxaXBVdzltWkl2TzFxVzQwaUtzRDd4cXh5U1pvQnEydU9Jbm93SFFpekk1Wm93b190a3ZYYVQ3UUFFTkJLOWVCZGtjcTVveVNUc1plU1p0MV9pNzVmRU5hRk00bUg3d2hpR1MyTWhoRVlDS3RsS2Z6MDJGNW1KZy0xeXVxU3RuNkEzMVE4?oc=5,NC leaders push Duke Energy to make federal data center pledge legally binding&nbsp;&nbsp;WRAL
2026-08-27,2025-09-25,sector,Evergy,The Topeka Capital-Journal,Evergy electric rates are going up. How much did Kansas regulators OK? - The Topeka Capital-Journal,https://news.google.com/rss/articles/CBMi4gFBVV95cUxOaVppNkxmZS00SVNNNkNWYzF6ZGJfYXFSTE1VdXNmSFdTVWs5bG5sU3g1TWtpTHE1RDY5Wm94RHE2ZDVXMXBibE5SVjAyb2hjTzNvUFNCeW9QV1hnWGdtLVpfc2Q1MVI2SUdrX29ubEowYU1qZ0ZfcnFVbUJEYVY4SlNzVndmc1pkUU9QT0x1Nlo5ZTVQRWNJcHd0Um1aZV9Yd3Jva3JRZ1FxU1dsQTJWdlRKVzdibERDcTR5N2VncDByVEI0elh4QlVLMFozeFFNUTB0M1c2LVp6a1BDLXltaGtB?oc=5,Evergy electric rates are going up. How much did Kansas regulators OK?&nbsp;&nbsp;The Topeka Capital-Journal
2026-08-27,2025-10-28,sector,Evergy,CBS News,Some Louisiana residents bristle at rising energy costs and unwelcome construction for massive Meta AI data center - CBS News,https://news.google.com/rss/articles/CBMikgFBVV95cUxOWU5pQk5RMlZuZFJFcUhXWnpPZUU4WEl6RHZUMDVVVGJSd3JGSW5Sdm5BT2EzZXBWbU9PMWlfckgwM3VDRUNkM19GLUZVLUpudXJ1eUpGSG5sbm5FTWoxTm9BbTVfeXJJTm9sbUN6c1B3Z2tQUjdDb3BVUmNOdkR1UFBSVTdCaU1fQUJPQ3dVaW0td9IBlwFBVV95cUxObXhvSkw2V25XZ2kwNkRnRGpQZzVDN1MyNnBsZFVXNWNaY082ZjJZVUlKRVZNTDYyUGhDRUljR000enk3bWJHdUxvQXBweGtzYWxkZFpoXzdQRFJTTF9XVzdBOVlRTjdMQ0VuZ2lUTmhCaWliT0xtMjZKTUdGNUdUMkIyVThMQjZCWmhYSEk5Q2ZaVkJQRjNv?oc=5,Some Louisiana residents bristle at rising energy costs and unwelcome construction for massive Meta AI data center&nbsp;&nbsp;CBS News
2026-08-27,2026-08-24,sector,Idaho Power,Your Oregon News,Idaho Power to sell its Oregon service territory for $154 million to Eastern Oregon utility - Your Oregon News,https://news.google.com/rss/articles/CBMiyAFBVV95cUxNTGx0S01zU0NwUEg1MTh3UGR6NUEya2RFSXdiVXFXNkdqbUIxZDloUGo0OFlIQXNzbE5aQUVrOEI1RzVHTXdDbVk4c2ZyLVp5ZjVBMC1GcWRhVVZIdDU0VmVlM3ZLWVkzUzNGeTdfVWJrLVREbHpONTQtcmE1SG1OWTl2dFlQY2VmS1pxei1KQnZzZWNQZ0NQZDlpNVdudW45YjhET2lRUnZHZFIwWVdnV2xyeS1hSEhIM0dyZWJxMElRSVpRV09Ubw?oc=5,Idaho Power to sell its Oregon service territory for $154 million to Eastern Oregon utility&nbsp;&nbsp;Your Oregon News
2026-08-27,2026-08-13,sector,Idaho Power,La Grande Observer,Public can comment on Oregon Trail Electric's proposed purchase of Idaho Power's Oregon territory - La Grande Observer,https://news.google.com/rss/articles/CBMi1wFBVV95cUxOTFRra3doWTZxMFpYMGlMWVBYS0NudTZTUEY2Wko3b3pNVm0xUWszajNLQU5Bbmx0bEt5UFZ1aHk5QW1SMXY2LXVnMWNZd1ZJeGt4elViZ3NTSXhwMFMyNnRZSVhvYjhYRVEyYXJXRV96YXFjUEtiM08yUXUxU1RKZDAxZ0VjVHMxV2pDRHd5cGxZWlhLN1hIM3B6MmNrcEVjZU9BOGc3QXVMNVJCeFM3UWFtQjktUUtrODkzbzZDQi1nWmVvY2d5UFNSWnFTQXduVDAyTG4wTQ?oc=5,Public can comment on Oregon Trail Electric's proposed purchase of Idaho Power's Oregon territory&nbsp;&nbsp;La Grande Observer
2026-08-28,2026-06-17,sector,PacifiCorp,dailydispatch.com,"Pacific Power preps for wildfire season, warns of shut-offs in high-risk areas - dailydispatch.com",https://news.google.com/rss/articles/CBMivgFBVV95cUxNaWJrMTcyTE9HSDJWSFZIMU1UbUFkLXNwdTBBTFVQUWRhN3o5TVdGQjdrX1hxUGV6ZDB1VTVfWkR0aXZpUV9xT3owZTVUTl96RUJOQmRmYXkyWVZvRldhcjl6U1g3d00yX1puUTY3SzNJSDZQT2JCcTFLX0pqNlBOWi16N0JrRV9mNEwyaFdwRHphSi1FZXB3NDFpZWdtQkZqU2JhNVBzVWlVV3dDV2t0TVpldjlhU1pPaklRUWh3?oc=5,"Pacific Power preps for wildfire season, warns of shut-offs in high-risk areas&nbsp;&nbsp;dailydispatch.com"
2026-08-28,2026-08-28,sector,Portland General,simplywall.st,How Market-Integration Moves At Portland General Electric (POR) Have Changed Its Investment Story - simplywall.st,https://news.google.com/rss/articles/CBMi2gFBVV95cUxQMHhVY056U3dPRWxMbzRVOUFnMWRSSmFXNDVXU3lBYS1YM1lCQThKUXVmTG9DT1FNQ1U3S2VKcEdQV3luUHdBYXFoajVQMWZMdGNHS0RuNUUtR0dBMzB0ZElSM3dBZUpicVlSdnpTRmpZSzRwdTdzY3JkQkdORlVvVzJIR1duMWNjVV9OX19xaFhjb0FRUEZyRS1xbnlQNUYtRnRWUm1lMy1keEFQZHAzN3JPRGVYQWQwbzdsbTdlNGxGbVh3ZzY0bHBiVnc0X0FBYWR3aXBlalVoQdIB3wFBVV95cUxNWS13YkhBWXpCTzlQUmJMYWpXWGxydjJILTJpcml3RHNCblFsY3dlZndlcTFmel9wYmZJZ1FYTGpUNl9xS3kzZlM4b09UM2ZYT1lDWWVtTzFveVRjWnFramVISlFNMnMydDVIMEd2NWc1Z01URjlWT0Y2aUhqTWtvZzFnNjY1NWxxdURPQ09tN1l4VFF5Z2hwZlAwSmZTWVpGV1V5YmRUelB6OS1FUXgtNklwLUJPeHp5ellVZy1YV1owMjVva0hLRmNzTHE0UWxXWFdidXpIRFFkQWk5VkQ4?oc=5,How Market-Integration Moves At Portland General Electric (POR) Have Changed Its Investment Story&nbsp;&nbsp;simplywall.st
2026-08-28,2026-08-27,sector,Portland General,simplywall.st,Portland General Electric (POR) Could Be 5% Undervalued Following EDAM Tariff Filing - simplywall.st,https://news.google.com/rss/articles/CBMi2gFBVV95cUxPWmdFOEhCSVFhd0ctdFZOVzZxSDNoRGh1eHdDQmZlaHQ5ejFwazBPTEZ3RUVkTzJhN2Fxa0dxX0RSTHJpeE1ZaF9kbTlYZXpzX3pnVUR5V2FJQjJxUFJWNy1zODBHUnNOVjJwbDJpbzByUC1VSGxPSEU2OVFIV3RXSTlZNUFGNkpmU0Zhd2s3TGl2NWpMUV9VLUY4SFhHeXluS180ZGZPV1ptTS14cklSVjRWSnNmU1VsaDA4OVd1bWZxb2pJUmUxS0tUb0FPUG5oRVF4V0FaUUl4d9IB3wFBVV95cUxNUnBuWXRjcnk5UGxIdl9qN2lQaklWa0ZFRERoTHA1Z2s4TDJZSDN1dmMxQ0htSjUybkg0TVBKNHZjWGRJOElrTkhJUkdldnBVWVc4VVVGeHFZS1NzM1AzeC15ZlkxTTdRdGwtY2dPU0lkbk1pLXQtQXBPVFRZRzdZRU5kT3djbnFfM04ycFBoblNnNUJBSHVzbllGNFFaemtsSE9uWmlYQU5KMXgzRVlyYXFpYVNFTFJTWWs0T1VSYVkxdmdGeFVwaUhReTRZSDRtUkVjZF85MTRUVjhwZVpZ?oc=5,Portland General Electric (POR) Could Be 5% Undervalued Following EDAM Tariff Filing&nbsp;&nbsp;simplywall.st
2026-08-28,2026-08-25,sector,Portland General,Seeking Alpha,Monthly Dividend Idea: Portland General Electric (NYSE:POR) - Seeking Alpha,https://news.google.com/rss/articles/CBMitwFBVV95cUxOeUNOaDRSLUgzN3AxYlYyVUs4ZnYxTTR1TTMxUjBBc2Zyci1tTE91cXcyVThxODFPcnpYT2RNZEZNRy1XLTZjRVNQdjNnNUZMN3JwdUJVWThTRUNYUENwRHlIN2tNOTJHN0VLaV9xRzlJSzVQeHpZSXgybHZCVFNiUmY4VDJabVFRaUtQSUNXQjVIVnBBMENwdFVjc3AtbkpkTDVOSHgtdHh2V0M3dmJCNW52SjB2U0U?oc=5,Monthly Dividend Idea: Portland General Electric (NYSE:POR)&nbsp;&nbsp;Seeking Alpha
2026-08-28,2025-12-17,sector,Portland General,KATU,"PGE restores power to 97,000 customers but region readies for second wave of heavy rain - KATU",https://news.google.com/rss/articles/CBMiswFBVV95cUxOVDhSczFveXd4bWNnc2ZKeHBVc09iWG5NclRDZjlUY1dxN3NXTkZSTWNibVktVUZyRFdfeEFwZjBBd2tiVFdJUzloZWx4YklnTWhlTzJwLU5pNy1zbllRaHJubGsyQU1lY0lWYzJ2dXpjTXBPbzZFYTlpWVVweEJoYVJVN18zaWtpUUxFZ3VGQjJsTGdqNmQ0RnFJRTducTR3SHVyTmJKYnJFLUIyR0NYanFYSQ?oc=5,"PGE restores power to 97,000 customers but region readies for second wave of heavy rain&nbsp;&nbsp;KATU"
2026-08-28,2026-04-04,sector,Portland General,Your Oregon News,PGE helps Sherwood organic coop reduce carbon footprint - Your Oregon News,https://news.google.com/rss/articles/CBMimgFBVV95cUxNX2RaT1NHTVRGOENEQ0RyM19sR0FaalViU2o3UDhyUHUyVGJLOElaS2JNbGRjMmJ6WVJULTNaR01OdkhZSkdaN05Ea01tVHdWME5sVVdqdHVNLXhxRjZXY3ZuSVAyMGp2NzNyUFdqOFpyV1lER0xYLWhmVDNkUEpvdGlzX3o0eHhHc3hoSGpJZjJsTHVvZEFDb05B?oc=5,PGE helps Sherwood organic coop reduce carbon footprint&nbsp;&nbsp;Your Oregon News
2026-08-28,2026-02-20,sector,Portland General,The Business Journals,"PGE to spend more than $1B on new battery, solar installations - The Business Journals",https://news.google.com/rss/articles/CBMiowFBVV95cUxPclp0czhmeEZlRzQzTWJONi1pa0J5Y01HMHliYkgyN3pEZEMyV2lDcjB3Q0NGSmRwOTlCcURkbjRDNF9CSEk0RjdLNDJ1SlJVTFlWc2RQUGgxeFMtXzJ5WE9pSXFkbnFyakp2a3FMTHFoMXM5dUk4M0l4N3k5ODlxa1kwSkNJNXpRQjJxOWRtcG1KQ3BNUlE2aXlsLV91ZkwzcE5R?oc=5,"PGE to spend more than $1B on new battery, solar installations&nbsp;&nbsp;The Business Journals"
2026-08-28,2024-06-19,sector,Avangrid,Factor This,"Avangrid rolling out AI assistant to utility customers in New York, Connecticut, and Maine - Factor This",https://news.google.com/rss/articles/CBMi0wFBVV95cUxOMkw3NmNtdnROWVBxaGUwQTFQcG94VG5yTkF0NDZnalY0ckFLT1F5dHJGVXRSUXpSb3ExSWhjSFp5YXNWeFVyanVLcWR2ekRIVFlZX3FEaHJvaXRtTTVuR0xpaUFzUjFtZ0dMMUdMQlY3WFBhaEprVkRiTDl0QVNKcHYyQW9sMzNucE5EX2hJdGNiQjJwUWcxc1VKUV9hTkVXSmthX3lWTlhwOXhQQkxkMEJZeWZJSW9BR1pVWnhmdUlIOExZaXQwNjhVZktxc2VYdEhr?oc=5,"Avangrid rolling out AI assistant to utility customers in New York, Connecticut, and Maine&nbsp;&nbsp;Factor This"
2026-08-28,2025-09-16,sector,NV Energy,KSNV,Nevada utility board approves NV Energy's proposed rate hike - KSNV,https://news.google.com/rss/articles/CBMiqAFBVV95cUxPdDI1SXBvTjJoUXNhejVXdEIydE9VQXdqOWtWM1YtRHEwS0dYYXp3cXFxMWNoS2RsRHdPdUJOSVhSNFZLY2l4VFREQXlMZGMwdk1SQlE3MWtqaWlRUWJOZHJoSW80U0xaR0s0cDlNR0dmUGRINW40eDVYVkdseGFBdktfdnpiVG5BTVEzZ3ctdnhFem1fTHlla2g1bWVvLThTcFl2RS0wZFI?oc=5,Nevada utility board approves NV Energy's proposed rate hike&nbsp;&nbsp;KSNV
2026-08-28,2025-09-19,sector,NV Energy,KLAS 8 News Now,NV Energy seeks to expand customer refunds after overcharging $17M+ - KLAS 8 News Now,https://news.google.com/rss/articles/CBMisgFBVV95cUxPdVVKUUhKYU96ZUZQakw5bFpWb1FBOTY5T1J6UmIxSmNZSm9PNkRwM3UtTkpldzBBbW54TVB6aHpHb2I3dHEwVF9vdEpjZjFrNEVGOVdRUG10Q3BYaVJyTTNtd0xXbVNlNTVnRGZpbjBzckgxRjZIQ3pfcllxZHAzdFZYSng5bnpEU0w3cHpIbWtVUlQ5V0hmMlJlSHFmUzRiNTlPOF9jcFgwQXVtTW9ITFhB0gG3AUFVX3lxTE1hQjRRUEU0WHFMME4tRnFwaVY2emNaNzFoc3RKa2Ftcll4LWg4LUhBdk5oLWd5czZCSnVXOE5CMjN2V2xtUDZDcVFDRWUwaXlJWHNmVlQ3b1RvQXluUEFpRy1fREdLcHN4aFl0TjFrLTJ5XzZtOUZaVlNPbExTbFBEQUs3aEptd2FEZnZtd21zTFNQeVFCRlRHSjBEMVB5QmVKSjFwV2x1NFVucnU0S2JlcHFuZjJ2dw?oc=5,NV Energy seeks to expand customer refunds after overcharging $17M+&nbsp;&nbsp;KLAS 8 News Now
2026-08-28,2025-05-20,sector,NV Energy,News From The States,NV Energy CEO leaving amid utility overcharging episode - News From The States,https://news.google.com/rss/articles/CBMingFBVV95cUxOWmZXVVBBbFZRUWw1NDdjejBZQTBqdXZXbC1Ba1JwdTRWLVQ5Y1FMV0dFOXlPbHZRWTJLTVlCbk9sSVlmLUVIY2ZwODkyRTJPMTVYekR4UHhKX2hGMmVSZ0ZBUGVIR1pLU1lndnhxTHZxMTNtOExic1BMUU5QNm1ORDJ1NDB3ZnVMRzE3VmJvVGRwaHBoNUJaOUV3NkplUQ?oc=5,NV Energy CEO leaving amid utility overcharging episode&nbsp;&nbsp;News From The States
2026-08-28,2026-06-26,sector,Arizona Public Service,AZ Family,APS to shut off power in parts of Flagstaff and the Grand Canyon amid extreme fire risk - AZ Family,https://news.google.com/rss/articles/CBMiswFBVV95cUxOSW1EYjloelFHRzVySmY2WF8tbTZQU2MwZWlTWUZDd2ZNMkVLMmhIOVluVENMWnN3Vm10NzZObnBaOWpUNnFPZ1N1SjdHdHhzSzkyMVhYVm13ODdIRzlIU091aFlfakFXNWxvV2dnUmQyc0FreHF1d1ZZRmxMSFRXWVl0QllMUzRTRGVFS3hLOXE5RFVMSkNMdDhkZzVXU3JCYmluVmZocWwyRnF0elJDRTcwYw?oc=5,APS to shut off power in parts of Flagstaff and the Grand Canyon amid extreme fire risk&nbsp;&nbsp;AZ Family
2026-08-28,2026-03-31,sector,Arizona Public Service,KTAR News 92.3 FM,"Mylar balloons knock out power for 8,700 APS customers - KTAR News 92.3 FM",https://news.google.com/rss/articles/CBMif0FVX3lxTE13T1EyWDRTSVdNdjM2YWtoTGh2NzNPMU5sd2l6aGZFcUFoUmdFRHNKMnFfVjJPeUhoY09Kbjg5QUwtZnVlSnBNRmFMdWxFdDRnWEpxVHREYjlrNlZ1UHpBQ29NYTJOSE85R3pKUkFMbDF3RGduS2lnQjNkb2hPOFE?oc=5,"Mylar balloons knock out power for 8,700 APS customers&nbsp;&nbsp;KTAR News 92.3 FM"
2026-08-28,2026-03-05,sector,Arizona Public Service,Energy-Storage.News,Avantus secures US$300 million for 400MWh Arizona solar-plus-storage project - Energy-Storage.News,https://news.google.com/rss/articles/CBMirAFBVV95cUxOcUVvQ1lITHRENkdkNnVBT1VhLWZDak16blNJRTB6ZnNRZzhSNm5sTlAyZ1ctTl9LU0wtcmpVTkJqbEluQmFVdWFscmpuV2JIMk5MX2otdHFtdkdyeVYyS2xXTkNDalNVdU5BZTBpbXdXOC1GV3h2S1UteUhRdUNEMEstcW1jQWxpLTJNa2pZaHU5Y3hYMEVSQ3JITEtiZWIxb1Y2OTZBZl9NZHh1?oc=5,Avantus secures US$300 million for 400MWh Arizona solar-plus-storage project&nbsp;&nbsp;Energy-Storage.News
2026-08-28,2026-08-28,sector,Xcel Energy,FOX 9 Minneapolis-St. Paul,Hopkins utility pole death: Xcel Energy says it never got complaints about pole that killed man - FOX 9 Minneapolis-St. Paul,https://news.google.com/rss/articles/CBMisgFBVV95cUxQRGFkaFVUZEhDNGlWdGVpNzF3MWxNLTJNVmlOZ3VVRGRmV1JKeFZpMGhVa1VXbTRDZ2dETmdPSHdWSGpDVTJocVBXS3ktaWdJX0xtWmlfbndWcXNkc2pENDNwaENrbC15TEl4cE4wS2QyZF9OQzFFZWRlOENoWVZlVUx3OVYzeTI2LTRnVkVZT2dnSkNzU0NRU0R3eExKQUJZWV90N0ZWZmNNR2JJNFpDUVFR?oc=5,Hopkins utility pole death: Xcel Energy says it never got complaints about pole that killed man&nbsp;&nbsp;FOX 9 Minneapolis-St. Paul
2026-08-28,2026-08-28,sector,Xcel Energy,Fuel Cells Works,Xos Hub Fast Charging Order from Xcel Energy Fast Delivery - Fuel Cells Works,https://news.google.com/rss/articles/CBMijAJBVV95cUxOQ0w0U01lcE53RlhZUi1MYzM5RGNaUmtaSlhNWWRvWE1yUkJjZkRDb0s3RDhpNTE5TmxZUVBGazdMeWFqeWlVWUtaVTRwemF5ak5YTHZNNW80dWxGTGVHd0VoLVJZTXBJd09Xa0xEemRZeFNPMG8xTU5tejkxTHZHQm1MdEwzejBnRkkyVUtRY3E5RE5oNWozWGhqaC1IWjFhX0R3ZW1rTm1qYWt2LXRhZUtGUW9fMzA0THBTVnFxMFM1RDZLWmxDb2l3a2wtRjB4WnlqMzZiMVRQV3JSRGk2OFBKY2RuX3hpQUN3MXdzUmpneXN2RUNyNjFkbjBpckFzR2JMR05Xdl9YSm0z?oc=5,Xos Hub Fast Charging Order from Xcel Energy Fast Delivery&nbsp;&nbsp;Fuel Cells Works
2026-08-28,2026-08-28,sector,Xcel Energy,Seeking Alpha,Xcel Energy: Texas And New Mexico Could Become Its Next Growth Engine (NASDAQ:XEL) - Seeking Alpha,https://news.google.com/rss/articles/CBMirgFBVV95cUxOSnFxbEYzLWhvbEJQemRlYm5uY2hYMTBCTWliSHZIM3FKMFpoVjJ5ajNpZ08weE9BWDkzY1BkdVhsby10ZHZBVXJ6YVBJS01wNUtidUt3c1NYUldOOUtMSDc1dWtzM29ucDZ5QXlLYXdIREdlRUpldzJzVXFIei0zbWY3bFliZzE2WTc0Zmt4anJUemVfQmFtNmFlUTUwcDVzblVjUUpsU0JVa0tQeWc?oc=5,Xcel Energy: Texas And New Mexico Could Become Its Next Growth Engine (NASDAQ:XEL)&nbsp;&nbsp;Seeking Alpha
2026-08-28,2026-08-28,sector,Xcel Energy,Pluang,Xcel Energy plans $19B investment in Texas and New Mexico to boost growth through its SPS utility. - Pluang,https://news.google.com/rss/articles/CBMikwFBVV95cUxQbm9ya0kzMnpPbGtTNjlzMEF5TzdXRksxMzZDM1REOXdEWFliUEJ3cFB5bVZFbkx0bm5nZVNzOU85cEQweXU2QnBaaGFWYjJFMkxDbl9Pb2dfdzY5SXhDdU5PeWVQRzgycllmOXIxelNnSGV3MTdXNWNGUExpZ3ZvXzNKY0d4WGNKM1Zaa2E2SkFtbzQ?oc=5,Xcel Energy plans $19B investment in Texas and New Mexico to boost growth through its SPS utility.&nbsp;&nbsp;Pluang
2026-08-28,2026-08-28,sector,Xcel Energy,Ad-hoc-news.de,Xcel Energy stock holds steady as capital plan and EPS guidance support long term growth - Ad-hoc-news.de,https://news.google.com/rss/articles/CBMizwFBVV95cUxOYklGUkpxTVA2cVFzbFMzWW1TQ0JCUFMxT0s5bGNia05xVlhkajVNeUJlZXRtTFRIVjFEWkk5YU9CaGdvTWJrOTRtNXNZZmdjdm5vSWM3c0x1NnBBa0QwdEVZdGhVZ2RpSm81SE13MnNzOXVVeDNIRFRvNF9zN0xBV2N5cnM5bGprTVFnUzA5ZXFoeWlFaXJxUHRfM0drNk9haUNnMDNqbzZRX0tYaE9qMXZZN0hoMEV2aXBjamxDVGxiSk9TSVBkNzE1WHFYQTA?oc=5,Xcel Energy stock holds steady as capital plan and EPS guidance support long term growth&nbsp;&nbsp;Ad-hoc-news.de
2026-08-28,2026-08-28,sector,Xcel Energy,5 EYEWITNESS NEWS,Family remembers Hopkins father killed when utility pole fell - 5 EYEWITNESS NEWS,https://news.google.com/rss/articles/CBMinwFBVV95cUxQbGlVdThpTzRGVEZSWWZaUjdLMEU0TXRXVVN3MUl5U0d3R19rWFd3dlNrNnFEWkRvS3JRZnRiQW45T1VjWWZZLXg1ZlRiRUtuWFBSLVFJSXlMUWxFQW9PVGVEU2JUUzc2ZjFIdkhPampKWG9BVGNxOUUzdGFfR04zY1BVMWJPRE04U3QtcGV6dDRZTE45RlhzLUp3Q2tBNDg?oc=5,Family remembers Hopkins father killed when utility pole fell&nbsp;&nbsp;5 EYEWITNESS NEWS
2026-08-28,2026-08-28,sector,Evergy,Ad-hoc-news.de,Evergy stock holds above $82 as latest quarter tops earnings consensus - Ad-hoc-news.de,https://news.google.com/rss/articles/CBMizAFBVV95cUxNYTBhZnY3S3NOSVQ2enZpNnJhT0llQzNDOFZDOFZKSV9GcHpFQ0hXbTBCdnJuX2x5S3BhUDFvb0pKWWFJdG15VU11LUtSUkhieDh6NEswME5jWkN1X1RmUUk1cVZXQnI5RUpZS0dXdEVrUXg4TFpNOFE3YWgyVzlvN29abkVQRGNLdFBNTjBvX2tYNGFjQ0tfY25JWEdTOTcwOHV5TG9IVWxxcERxaTJGdTVEcWdXMDI3TlVDb0UzbkFUaWo3c2lCT0duX3I?oc=5,Evergy stock holds above $82 as latest quarter tops earnings consensus&nbsp;&nbsp;Ad-hoc-news.de
2026-08-28,2026-03-06,sector,Evergy,KSHB 41 Kansas City,How will KC's data center boom impact electric bills? Evergy discusses new load rate for large customers - KSHB 41 Kansas City,https://news.google.com/rss/articles/CBMi8wFBVV95cUxOcVBFeEZySHZ6cGcxSG1hZmhJaEJXOC16VkY1Q1drTVNsbmlqbk5JY2xFN2ZKLTlHVHFRR1h5M0VfaUtzNUN1NU5CY3dDcEk2Z05ENmtHT2loMVRYQURXTmFEQl9ZQVJDM3BRZ0lRWUEwOS1oRDgtN3pzaWZWNndCMHFrTmxMdWJra2otZC01TjFOb0xHVzNBdUY1MDJhdzFKandXYnVWdVJIYXBxVm1ubVo2aUZEYmU0SEt1a2t5Y21qSW9kUTc5VHZVNmJBSERHNzFRcjc1dkJzS25yYXdKcnlSS2hvdWU5RVU0bU5CM2l0a1k?oc=5,How will KC's data center boom impact electric bills? Evergy discusses new load rate for large customers&nbsp;&nbsp;KSHB 41 Kansas City
2026-08-28,2026-08-27,sector,Idaho Power,Your Oregon News,Commentary: A little less Idaho in Oregon - Your Oregon News,https://news.google.com/rss/articles/CBMihgFBVV95cUxQT0V6ZFliekdDRjZlaFNQV0Y3N2VBWk0zTWNFRUF0SHAyWm5KUERCcFVUTTBHQ296dUt5TmpLd2pNMzlPdC1ZQUlqSXNaV3NET0hwYW12RHBRVkdfUlpiX2JhMHVKVUFmcGVPZ01laThQRkV2WW9rT29QZ0xrQ0hwbVVCOGc5dw?oc=5,Commentary: A little less Idaho in Oregon&nbsp;&nbsp;Your Oregon News
2026-08-29,2026-04-08,leadership,,The Business Journals,Environmental and Sustainability Awards 2026: Phillip Bruner - The Business Journals,https://news.google.com/rss/articles/CBMi4wFBVV95cUxPSU1NeHlWbHlJZ21lYnVsOGh1eUFJNUVRY3NFcHRQS1hrOXJSRjBIUHRXRFhnSUItbnpsTzYtc3VWbWdxWjEyQnEzTXBpRE84eEpBeGlBUTV1REVvaUNkYjFxenpxYjZKMHhEdXNDT2xiajdnalNreG5jQkZObmFaSXc2MmVmSDYyQlNiU19yY1pVSThiMEpRbjFMajlOa1l3M01QY1o4aDNYLWduOVJyMUU2dFI5ZFQzdVJ1c0pmTkszNDZJU0c5aG5aZmlvbGFGbXJPM2NtdUNDRDlINnI0UUtHVQ?oc=5,Environmental and Sustainability Awards 2026: Phillip Bruner&nbsp;&nbsp;The Business Journals
2026-08-29,2020-08-06,leadership,,The Business Journals,Elliot Mainzer leaving Bonneville Power Administration to head California grid operator - The Business Journals,https://news.google.com/rss/articles/CBMipwFBVV95cUxPSTVDN0RDanhHelVyY1NjTVZDZzBhNWNncUhaMW5hVi1MTnp4N1hXNjRSOC1QTGxLS2Z4SWo0alA5eFJwenlCdWE2em03LWVjNWVZTlM1X1dtakJBYzVXdmRQa0hNY1FZb29KQjBWNm05ZnV5RnJZQlc0anY0TnFUSXNMMVotaGJ1UjdSUDRQdnJjWjRaSmZpalh5dW02TU90d3JkY0libw?oc=5,Elliot Mainzer leaving Bonneville Power Administration to head California grid operator&nbsp;&nbsp;The Business Journals
2026-08-29,2026-03-09,company,,The Reflector,Puget Sound Energy wants 30% rate increase; clean energy mandates behind request - The Reflector,https://news.google.com/rss/articles/CBMivwFBVV95cUxQRXd5UlRkUEJqVGJXdUdNbkZVNEJsZVlWVzgwOFJESndsWWFFZkp0RlBnN3dBaGRLNVcyZDFVbzV0Y0hBRG9KUjBxMnQwMjJMU0Z6TE1QNnFoV1lORUR5bWNCZXlDZ3g4ODVvUWxDY3RTSTFvRWJjMmhyczBqUjRzaGNUVm9HaXRVU2VxSjdkd0hhWURTb1RXbE1lNDN0V0F3NjhtNmlaRThqaDJlcTliQTlPUEdCUldod3dNcnVwWQ?oc=5,Puget Sound Energy wants 30% rate increase; clean energy mandates behind request&nbsp;&nbsp;The Reflector
2026-08-29,2017-07-19,company,,Utility Dive,Washington regulators approve Microsoft deal to buy clean energy on open power markets - Utility Dive,https://news.google.com/rss/articles/CBMitwFBVV95cUxPVFF2SFhUZ0lMUl9BTXdQaWZVT3dTTEdtSE1KTU5yV3ZKQ1I5NTN6NmZLLUhERDZYdXdaaW54NFJneHRwdmtQOHBtYi0tTTBVd2tIQ2hFdS1hQjhISzZSQjIxYzhvVTl0NzBhcnNRazhpY1R2OWVscDVFTWRKejFsd3NCYUZjeEZfMUVsdGl0b0d2a3RKU0w1VGRqbjBQSDlSbU1JR1llTERnSG42WWFBVlhmdDRRSlk?oc=5,Washington regulators approve Microsoft deal to buy clean energy on open power markets&nbsp;&nbsp;Utility Dive
2026-08-29,2026-07-26,sector,PacifiCorp,AZ Family,Pacific Power requests rate increase; Utility Commission invites feedback - AZ Family,https://news.google.com/rss/articles/CBMitgFBVV95cUxQSXYyemhnX0prNmM3YUJURFFaSUZJb3A1NlB1QUY0WWJUZEpOS1o0NFN2bnR4SHpBS3ZpVUN2S3VsQjhpWllqeHJ5Vkh0S3RGcDZieVhpYWZhb0RCc0xRSy1SY2JHcWVfamJSdzBfdFNYR0RNTEx5cjB1cEJ2WTl4WGcwUEJ1ci1TQzhuMFpyNHVSR2NBRGY1dEJEel8wdVgtSy1xSWtMWHczdUZ5QXNvci1qbEZHZw?oc=5,Pacific Power requests rate increase; Utility Commission invites feedback&nbsp;&nbsp;AZ Family
2026-08-29,2026-07-26,sector,PacifiCorp,FOX19 | Cincinnati,Pacific Power requests rate increase; Utility Commission invites feedback - FOX19 | Cincinnati,https://news.google.com/rss/articles/CBMisgFBVV95cUxQNGdZcU9ZUS1hY0twMEU3X01fNGdqUkJiVkxQRmMyVF9SQWxfc1RBdmdCTjI1OUUtbzh1QUloRldVN0hrbXFhdHl2cy1GeFZleUtIaGktaFNNZ0VaY2h2TUtRX2xDbnQxdjE2ZkdMT3plUWkxeXU5MFJoYU1uWDZWMkEybGJRcmRHMlhOZFhYbDdUTVpMR1F5SUx4RU9aNXhRNFhraWdUUWxwUXplWFNRRFZn?oc=5,Pacific Power requests rate increase; Utility Commission invites feedback&nbsp;&nbsp;FOX19 | Cincinnati
2026-08-29,2026-08-29,sector,Portland General,Sahm,How Market-Integration Moves At Portland General Electric (POR) Have Changed Its Investment Story - Sahm,https://news.google.com/rss/articles/CBMi4AFBVV95cUxQZ2pXbTlGT3Y2Ry14TXpOVm9uNkZaakJKdUVBUFVUQ25ZbUFrUTJhRHQyZjYzcXJvU3FJTmhEcnFCZFFtTGNFX3JrTDlHSnpzMDRYTjJSQ0xvNEtzOHJJaUJ0Vkwta3RuX292VnVQaVJaX3pYTHdDSmhzMDBvck5sZUxJZ0h0NUxoS3NLYUxhdTliRmFvQVllY21HSWRLRFJ2MU9OTnhUekRXZmw5VUFRdUNNcENrNkNBTmJfenk4cjBiNl9TSmhUMU5qVmRueWJTLURESUw0NXBLSzV2Z2ZjUA?oc=5,How Market-Integration Moves At Portland General Electric (POR) Have Changed Its Investment Story&nbsp;&nbsp;Sahm
2026-08-29,2026-08-29,sector,Portland General,Ad-hoc-news.de,Portland General Electric stock holds steady as investors weigh 2026 earnings outlook - Ad-hoc-news.de,https://news.google.com/rss/articles/CBMixgFBVV95cUxQdkd0cklSNWRZY3hCcnFEelNXcFBrLUF0eWpueG5fWWVOZ2p6bm9qVTBUekdTVTA2NWVzeVRFaWNuWGFVTzRTeWNVMVlpS3owdlFvRXJzendUbWJ6WWRFMm1FNXI3S1VndThGRTJJS1NEbGt4S2Roell3ckV5a1E3bkpRdy1vU0tkR2xCT2tnVjBpc0Z6WHhTRFoxbUd1Z2FveDBIVW9kSGhqcFc1T2pBMWVsWExWdktMMEI3b1djX1dTSy1CNkE?oc=5,Portland General Electric stock holds steady as investors weigh 2026 earnings outlook&nbsp;&nbsp;Ad-hoc-news.de
2026-08-29,2026-08-21,sector,Portland General,Investing.com India,Wells Fargo upgrades Portland General Electric stock rating on holding company benefits - Investing.com India,https://news.google.com/rss/articles/CBMi4gFBVV95cUxONUx6SEdlZ1N2X1JrNGZMb25VX0VaTjVOVklBbjJwbGlKT2xCWDc3OUpqTUplTHFvVDV6cGxEZ1U1WEt0M2ZWRV9rbUlfdkxBRHVZVndLX3YyR3JNdVQxazFna2JwenVmNDhyWksxX0hJOFI2bG1ZRTFXcmszdEpvcE84V1p6aEJEOHduV1lFNkpJdmpaTWx2ellsLU1renB4cXQtNVdQbmxFSC0tUV9OY29OQjZKejRfdF9iWW5GMHl4LXhiNk1fWVBQRDVfUWVzUVdNbTV1ZDUyNVhTbWZIRUJ3?oc=5,Wells Fargo upgrades Portland General Electric stock rating on holding company benefits&nbsp;&nbsp;Investing.com India
2026-08-29,2026-08-29,sector,Xcel Energy,Denver7,Xcel Energy rate increase takes effect for Colorado residential and commercial customers - Denver7,https://news.google.com/rss/articles/CBMixwFBVV95cUxNd2JVZ2h4a3pDMjRSWHY0MGR1bC13RnJOb25BTXlWWFBFZndUZUo1MC1FT05KUC1CLVB0ZF95YUtpT2dvN3BwVE0xYi1zVmtWZ3I0TC1HZjJRUzJyMkFJdTVJZVo3dl9kZUplQUhsejg2Q0luUjdJdzVVWTExMEp6THdwQmx3RElOZ0czbkNVSTFuTlhmdlU0NXJZNm5IMlVYRUhQNzFqcjZ3U1NJVVZiTkZhUktkc1hUd0FrbUE0MmNzQzJVdVlV?oc=5,Xcel Energy rate increase takes effect for Colorado residential and commercial customers&nbsp;&nbsp;Denver7
2026-08-29,2026-08-28,sector,Xcel Energy,FOX 9 Minneapolis-St. Paul,Xcel says no complaints prior to pole fall death - FOX 9 Minneapolis-St. Paul,https://news.google.com/rss/articles/CBMisgFBVV95cUxQRGFkaFVUZEhDNGlWdGVpNzF3MWxNLTJNVmlOZ3VVRGRmV1JKeFZpMGhVa1VXbTRDZ2dETmdPSHdWSGpDVTJocVBXS3ktaWdJX0xtWmlfbndWcXNkc2pENDNwaENrbC15TEl4cE4wS2QyZF9OQzFFZWRlOENoWVZlVUx3OVYzeTI2LTRnVkVZT2dnSkNzU0NRU0R3eExKQUJZWV90N0ZWZmNNR2JJNFpDUVFR0gG3AUFVX3lxTE1qUVN2b2t3Snc1TW9BT0hySlRqclhkbkJucE5icVZFcFRpeDFhanRzVWI0b0xIVW9fUEdjQmxmeWdCQXh6aXktbHJMZmNKc1FwYkxzT1hmcnVJcTFYRTdiWndwNDVqTEpDMGNIYUh6akwtdElGVUhtMkxkejBQcWNvaUI4b0JtbFRJSkh0VjNabml3d29DcG5LdC1EaTYwRzRMYWZBZHU2cnVLcWw4U1hhWnhvdzJhZw?oc=5,Xcel says no complaints prior to pole fall death&nbsp;&nbsp;FOX 9 Minneapolis-St. Paul
2026-08-29,2026-08-29,sector,Xcel Energy,kare11.com,"Xcel Energy still investigating what caused utility pole to collapse, killing local father - kare11.com",https://news.google.com/rss/articles/CBMi5AFBVV95cUxQLWhrRUpTR1BGMU5BNnk3OTh4STBzaVhwaGktOGtmeHA0LVhEV1JQNFljOEQwRmViS3hUNk9sQUJkckNYT2xfZXhtcXRrQmNpZG41dGdWSExjRU44ekdkaHdSZEdNRDNKUWNJTUVrYkU1eVdzaVNYU1YzcTRyVWdENnBLYnRVUkJVZWF5Y2N3UGpfdnlhTzlCNFlIVnh6VHliQ3plS0NrX3I3dzlpM1JDckxPSGVJZDhHaV8zZm1UNm0zbDVULXdGVG9iNU1wRmFUbnQ1ZnE5cUVZZkFEZ1laeElFOHk?oc=5,"Xcel Energy still investigating what caused utility pole to collapse, killing local father&nbsp;&nbsp;kare11.com"
2026-08-29,2026-08-29,sector,Xcel Energy,Ad-hoc-news.de,Xcel Energy stock trades below targets as investors weigh regulated growth and recent price softness - Ad-hoc-news.de,https://news.google.com/rss/articles/CBMi0wFBVV95cUxObnhFUTUwMVR1U1pJbTRYNnpSNjhJTFc5ZVNBa1FSc3Y2cTdCbnFSVEVUS3AzQVA3d2VKd0Z3alBNMkVIdGRGcnZYc2hQcFBjUU9tVVY1aW02ZjhTYXRyUV9TWjdRaXhUaFRWS0NKeFlCdmJQVkhPT05KMWRZZ0hBeXJlRzhWdFZwOUR5RFRoekhMY3ZtZldCRURsazBQT1ZmdldwMm43N2kyWTNibzdLWGdOWUstdWZVd2FIY3pFdmVFaVFoS0JyOW9sbWgtTloxSThj?oc=5,Xcel Energy stock trades below targets as investors weigh regulated growth and recent price softness&nbsp;&nbsp;Ad-hoc-news.de
2026-08-29,2026-04-28,sector,Xcel Energy,KDVR,Unexpected entry during utility work highlights need to verify utility workers - KDVR,https://news.google.com/rss/articles/CBMiqwFBVV95cUxQOGZpbkV6MlViaDc5ZGNZdEVjbW5yQjFRakhackdsM0M0dWtNSU1DUWhDd01EMHYyaWtROEdpalVia1J6U0ozMUxUU3hpTXFIQzZiMWxlb3JoNXhtQ3BiTkF2eUFycXBPVlNYaGpMcWtfNlF6Z2E0RC01MWI1VlJQaUJwS3Uxb1lwaUs2SmpFTGVBNDZnVnhCSk9MeTBBTjBvb2hZQkpMRGJOMmfSAbABQVVfeXFMUG1XWjBmUGxycTE3STJfZndwcG9oVHh5eW1zaW9NUGpPTlFfdllLQk5OZ1lldjJYdC1vWFV2UG5fcVJLaXFlandUa0FOaHRmLS1EUk1Ia1dZdmppUUNoeU5CT1BQM2NhTUd4MlQ4dXU0RDNRTUJhSEh6akVUMlp5bEZmdDJCenpFTk5YZ3hXOHYwZ3JXMGNrVTQxTGNfOFo3cTNQRGtkcXgteUpURzViNm8?oc=5,Unexpected entry during utility work highlights need to verify utility workers&nbsp;&nbsp;KDVR
2026-08-29,2026-08-29,sector,Evergy,Ad-hoc-news.de,Evergy stock holds steady as investors look to latest earnings and dividend profile - Ad-hoc-news.de,https://news.google.com/rss/articles/CBMiyAFBVV95cUxNRWhJRDh0TUpTXzhrWk9HRGV4dk1CRV80Ym9xbGdRSXY1STU3MXVPaDl6b01XZWpKZE9YZkFVMXMxZkN6dTM5ajRhWEZtcTF6NXZHT2lMR2xXNVYwcjc3S0IzbUNzeUJxZ2hER2c0QkhPQkx1dEZsRTFHRUtNUmctOWZJclNNS3BDRk8zcnU4bXcxYnVfVTh4TmNpS0F1SWpob2ZweVBhcFNsNGJPYnhOa1pMdGExa1RkdVFjRlNQMlptemNvQk9GaA?oc=5,Evergy stock holds steady as investors look to latest earnings and dividend profile&nbsp;&nbsp;Ad-hoc-news.de
2026-08-29,2026-02-11,sector,Evergy,WRAL,"Duke Energy reports nearly $5B net income as customers face higher bills, pending rate increases - WRAL",https://news.google.com/rss/articles/CBMikAFBVV95cUxOdlBrUlVoYXQyZGFnNURFYW96SFlHSHBpTnU1UVEwd1RiZWY1ZjVXU0J2OFI1U2pkY3FyWm9EMXd0aUZoRm93cG94cjRHeWxGaFlGZEVYLXRuOTV0T18yNGtVWDdydGUzVEppX19ldXA5Wm52TUNUNDhYT3FyYVB3SkNNSF9kQ2dVMHRMSGVCQk0?oc=5,"Duke Energy reports nearly $5B net income as customers face higher bills, pending rate increases&nbsp;&nbsp;WRAL"
2026-08-29,2026-02-20,sector,Idaho Power,La Grande Observer,Judge rules in Idaho Power’s favor in B2H case - La Grande Observer,https://news.google.com/rss/articles/CBMijwFBVV95cUxQbWVtREl4VjU0WlZHUWJKWFRwYU9INXZpcHZjd0xvaThMVlRiWXFacVF0WllCcmEtX1J6Z2pCbXFXcnlURWstMTFLa3Z1UXY1bHQ4LXJNWW12X3V2YWUxNF9BZnFla0U0VGVXMGFIOGc3bUppcTR5S19Vdk14WnFLVUd4Nzd4akJrZDBMa1hYMA?oc=5,Judge rules in Idaho Power’s favor in B2H case&nbsp;&nbsp;La Grande Observer
2026-08-29,2026-01-01,sector,Idaho Power,KTVB,"Idaho Power, Intermountain Gas customers to see new rates in new year - KTVB",https://news.google.com/rss/articles/CBMi4AFBVV95cUxNMGdHM0Yxbi1xN0M4cElkOG9fRXFWR0lxazBxRm5zalhlbmpzNTUwdUFvSFhRTXpyOGFkc2J5LWoxeEJxYXdXRXQ3OVpycVFvQjJJV1IzWGJaaVdBZFhUbnduek00Z2xfbFdOdlJLR0d2eXdramdkT0MyQl93cEtucjlCcjhTd3BxdS1fZy1PVnQ3c3Z2STFTOFhGZ1hBMjlQMjVKQlRVcHFQcThDTThNZldEU3VHSDl5ZFl2blBFal9USzk1RER1TDk2aVlIQkpKZWR6WjF1YnRLZ25SUkNNeQ?oc=5,"Idaho Power, Intermountain Gas customers to see new rates in new year&nbsp;&nbsp;KTVB"
2026-08-30,2024-05-31,leadership,,The Business Journals,Women Who Lead: Patience Malaba on why every challenge presents an opportunity - The Business Journals,https://news.google.com/rss/articles/CBMilgFBVV95cUxPN0tHNDU0cHNkbkpLNjkxNEkzY2Q2Tnp5LWo5N25TU1h2U2c1cnZaajk2dHVLZ05STDZQUGF6czE3TTNxS3JzQUFHRUNfVWVLa25sZ05PeUVGM0hlVXpoOGNMT3l1d1NLWXg1Y0N3WUZEbVRYZG1PRTNQbndKYUVwblJQdDhtbkNhdWxvYmRPZEJNMTYxMWc?oc=5,Women Who Lead: Patience Malaba on why every challenge presents an opportunity&nbsp;&nbsp;The Business Journals
2026-08-30,2026-07-26,sector,PacifiCorp,Alaska's News Source,Pacific Power requests rate increase; Utility Commission invites feedback - Alaska's News Source,https://news.google.com/rss/articles/CBMiwgFBVV95cUxOczMtVkU2MzlsU1U4LWhHZTYzUTd1OXZYWHhWWmhYaVVxenFNVnpDSmdSZy1NUXFudUIzTi1yd1B1NzFzRDVjYlJhSm9SSFBMTzE3cFBGbEFuSEVNUHpiTjVrTVRLRFhWS0F0RWtBdWQ0cWRhajd6VnNoSjVka0tqVjNxQWJ1dkd0SXF3RWs4SGpncHdIejNFVktJVm40elJOZUVYcS1jVlJYdE9IYV9tX3BPY1p5UmstMUplRHN3ZUpWdw?oc=5,Pacific Power requests rate increase; Utility Commission invites feedback&nbsp;&nbsp;Alaska's News Source
2026-08-30,2026-08-27,sector,Portland General,marketscreener.com,Portland General Electric Company Submits Certificate of Concurrence to Federal Energy Regulatory Commission - marketscreener.com,https://news.google.com/rss/articles/CBMi6AFBVV95cUxQcmo4TW44VzBnaHhES0FRWlllSmN2VTVwUGp6bEowZmFIUVYxaWNaX1JUSnRESVY3NGJPeC1fR1F6V2FMS0hyNGRxUnJrZFJOeHctaGtRRXdvNVdFZElOVU9jTWd3bU9jb2VhMlpBcks3UkZuNE95MjJJUms4dzRyZHh0UV9MLUV4OFZONi0wQnk1RC1UVlNIZXRPbHJCM2RTbE1hNklhRFExcDBwRS14UThpX2c4LUZmNnlYVDZtblU2R2cxMHVXYjJEZl9VTVZkTTBEY1ZrT2kxN2hTSXE0V1lyaE5UYnZx?oc=5,Portland General Electric Company Submits Certificate of Concurrence to Federal Energy Regulatory Commission&nbsp;&nbsp;marketscreener.com
2026-08-30,2025-12-11,sector,Portland General,Investor's Business Daily,Top Utility Stock Portland General Electric Checks All The Boxes - Investor's Business Daily,https://news.google.com/rss/articles/CBMioAFBVV95cUxNU1I5VjlreW9Xb09FZGRLZlYtc3k3YkRwdDAyN0s1WTBjem1lU0g2d0NYZG9PZkoxaUNXNVdWYWJiMFdWdzVkRDc2S0lRbG9aNC1lTzFjZ1J1TXJPN2hLWnhUNXB2MHNMRVQydHpjMmptVzU0Qm5SdVZCOUVzbDMzb1RmWnFBWjM3Zmo5S3pjY3g1WXFLaThuUzVZZmlRdjVN?oc=5,Top Utility Stock Portland General Electric Checks All The Boxes&nbsp;&nbsp;Investor's Business Daily
2026-08-30,2023-07-20,sector,Avangrid,Utility Dive,"PPAs rejected for Avangrid, Orsted-Eversource offshore wind projects - Utility Dive",https://news.google.com/rss/articles/CBMingFBVV95cUxQMm9OdGYwLWtEc3g4cEVnMWtVaTJDYkk0NFozcW5LdUdWX3AtcDlUb3FVejNtcVFlX3dkRk1UZmZyTGREXzFFUm9CRjdWbEV6TmJsbjZBLWwtNGtWbDFfYlJ0Y1hadndsYXZHSmZOOUVqSGFCOFVVTGxZTF9EcEJBVnVkWGl4WmNTdEZhdmItU0pzRHc3cENmX2VpMUdjQQ?oc=5,"PPAs rejected for Avangrid, Orsted-Eversource offshore wind projects&nbsp;&nbsp;Utility Dive"
2026-08-30,2025-09-29,sector,Avangrid,Business Wire,Avangrid Announces $18.5 Billion Investment in Electric and Gas Network Infrastructure by 2028 - Business Wire,https://news.google.com/rss/articles/CBMi6AFBVV95cUxNbnRfZEdQUk1BclpYXzBOSEJHZWZydXBUOVI2U2RMTUxuWElNN0ZaTHNaR3RQTTJJb2FfVUFtSW5lU3FHODJXZ2lBcHQyWkMwOFoxVWdFQ01oZV90N0xQdzhFbjl5WW1kbDZDdUFmVEdIT0ItbVRKdndOOWpUbHFYRHAzY0Rxa1JCeDAtNVpCSy1Yakd2cGw2NWtlRFNfSnk1aFI5bHZORlhsdEVQMXdOTTBsZ0s1TzRtMng2Z3NBZjdQTzF0UGVrV2xNU1JaNjFETjN5OS1RQmNHQjdXZ2xYVlh0Vk5rLUtP?oc=5,Avangrid Announces $18.5 Billion Investment in Electric and Gas Network Infrastructure by 2028&nbsp;&nbsp;Business Wire
2026-08-30,2026-08-20,sector,Avangrid,Gothamist,"Banned from owning power plants, NY utilities now want to build solar and wind farms - Gothamist",https://news.google.com/rss/articles/CBMirwFBVV95cUxOUVpheHlhTGZGN3lpam5qb1dkTlNRYVhvRGlMSWR4VjZGalhUWk1FYVN4OU5FVzVpdUptaDEyMWk0ZUppZVNCOWtGNVlndzVlZUNMdF9fYm02Rk5saVB3bDNfXy1rZEpuLUF4YlpqNGxBaHFKeXBZdXh0STB6NEJJVzcxVVVGM25rT1l1eVg1N19FV3VJaWRVSlo2Z3p5dlh1M2MzeUg0S08zZUphSDc4?oc=5,"Banned from owning power plants, NY utilities now want to build solar and wind farms&nbsp;&nbsp;Gothamist"
2026-08-30,2026-07-28,sector,NV Energy,This Is Reno,NV Energy sues to block private arbitration for 2-gigawatt data center projects (updated) - This Is Reno,https://news.google.com/rss/articles/CBMibkFVX3lxTFBVYnFTOUxLdzRocU5pczdRUVpHN0xUejN6Mm1wTjVhTWU0aElBSXNpcVRYdWtQY1VPUXBfSUI1Sy1iRS1BT2JQU0ZmRE5KUDk2WHMwVTNOWjRBQjJjZGFFUWVKR3lfWkRXNS1RRDlR?oc=5,NV Energy sues to block private arbitration for 2-gigawatt data center projects (updated)&nbsp;&nbsp;This Is Reno
2026-08-30,2026-03-31,sector,NV Energy,KSNV,Regulators agree to delay controversial NV Energy daily demand charge - KSNV,https://news.google.com/rss/articles/CBMi_gFBVV95cUxONFM2ME1aaXVrRmRUOTlPUkhQV3JOeVRWenVTZlBMbWg4Sko2WUY5RlJIUHZiOVhIN29pZ0lxaUlGaHdEUW1qTmdCRHFXelI0dm1udTZPb29QZmcwMDFOT2NUNVlUMGdpSnRMTVN4R3YtNUd6dnVMNjdaRmpWamt0Tm0zNllLeWw4YW9WN21GUk0yNDUwYXhFdjVuV3M1UGZQdFRLalQ1cmxmZEZjS2RURGE3U3lSOGMzYmVRektGVzhUYjJuZHFMeE5uZEF3RGo0U21VNDVUVFNMYnR1Yk9qbmlPblVTa2sxSlY5Q0xDTUViLWJQdTlLN0lneHdvdw?oc=5,Regulators agree to delay controversial NV Energy daily demand charge&nbsp;&nbsp;KSNV
2026-08-30,2025-11-24,sector,NV Energy,KRXI2,Will Nevada see a solar power slowdown under 'red tape' policies of Trump administration? - KRXI2,https://news.google.com/rss/articles/CBMi8AFBVV95cUxNSHRuUklsWFBNN29NRm9nYkx5VlQxMV91LTRueDl2a3FKN19VNnk0UXp2SUpPWlItNmNrdW1vMmRYQUNkaTJwOWZHeThFV2p4cTJCOS1YY25Ld0FPemFfd2NwZzFySDVaV1Ata2pxR19RNURxSzNzdW9qMG52Q1lsM0I0MHhwZmZKcjlfT003dGhISnBONTc1MWc5aFdNTXZfTzg4UE03ckREd0lOUmNxemNyTjJzZlBVM2ZHTzJWb2VlYlN2S1hBeWdOdVBJQXZ1eDF4MEpEQzRmbkVDUzA5YmdfbE8tQTFaRE9GUEduTXo?oc=5,Will Nevada see a solar power slowdown under 'red tape' policies of Trump administration?&nbsp;&nbsp;KRXI2
2026-08-30,2026-08-06,sector,Evergy,Utility Dive,Duke Energy to issue $10B in equity to capture gas generation growth opportunity - Utility Dive,https://news.google.com/rss/articles/CBMisAFBVV95cUxPZWt0SHZ3TXdfaU5hLUVnODhYTFBjQ1JjdVNVQzk2bGdzelg3ellFOWVMSjIxdXF5RFZ4bjltN09mUVQ3cGR4b0tSY0J5a25TVkcwcVVkSUJGaTluT2VOQUI3OWZMVWZkRERmYmJZMEZweGI3UkdXclJlaUN3MXJiMmltOE1vM0l0cWdHeDJRelYyTjJQQ1RCM2lCMjllb1pySWRKVWVOdWN6aWdUVUNFaw?oc=5,Duke Energy to issue $10B in equity to capture gas generation growth opportunity&nbsp;&nbsp;Utility Dive
2026-08-30,2026-05-04,sector,Evergy,Duke Energy | News Center,Duke Energy finalizes two initiatives to deliver more than $5 billion in cost-saving benefits to customers - Duke Energy | News Center,https://news.google.com/rss/articles/CBMi2wFBVV95cUxNNVBlbGZfSktwU2RSWV8tZVVLVHlmc2VFUGxTaGltS25fSXo0YXRpeWdmdmpwU1gzWlBfVGlyVGpxbU83eDJ0cWJzWVJyWHBlcm1JWlNWNWUyRVV3QVlzZFhUWkpVVndXOHdmLXlxWUVOMWljMHkxb015ZGNYakoyenVlZnFtNnFnMERZWHNESkxIQ3VIbW5URkdUV1djcldVN3l3NjN6aHpBSGN2ZzBfbzBwek1EV042S1VrZGR5aWhGM1hKdXJtaE1BdEtGMUZsSkFpVnZmbXJ1QkU?oc=5,Duke Energy finalizes two initiatives to deliver more than $5 billion in cost-saving benefits to customers&nbsp;&nbsp;Duke Energy | News Center
2026-08-30,2026-01-26,sector,Evergy,Multnomah County,Energy Justice Community Leaders Contribute to Better Energy Policies for Oregon - Multnomah County,https://news.google.com/rss/articles/CBMinAFBVV95cUxPSVEwUTZWSnhpYWdyRVRUNmV4b2R2cks2RGpvSng0d3dfTHg5S09mZGYwQzcwTWFNTlptV18xU2xGZy1LMUhBbzNzaUtDLUZjMUtXUGRPVkNUdGlwdHRjdkk5MVdaeGxxTVNZbjRLVmdzZ0pHLWZEekV1RGxsczJPOVVBMjNtMF9MNS1SeUY5ZGt5d1RNR0Q2U2xaUTc?oc=5,Energy Justice Community Leaders Contribute to Better Energy Policies for Oregon&nbsp;&nbsp;Multnomah County
2026-08-30,2026-02-18,sector,Evergy,Utility Dive,Powering the AI era: Grid technologies for America’s rising energy demand - Utility Dive,https://news.google.com/rss/articles/CBMinwFBVV95cUxNbDhZUk9sUDRYdkdsTXRxVWtMd3NZMmsxdGFTRXAxOENzeDlwQ09fSDJ3bEdvWElJWFNacl9UaXBqVFRCOEtVeXdjU3Z2M3lsWFlKVFZzbnNia0k2eWR1OUJwNWdwQVV1enlRRnlCRWc3UE9oZlVlOXJadkJhSWZNejY4RzVzYWJJXy1TcjRWeHVVTmpDaXFGeXdYVEk5SVE?oc=5,Powering the AI era: Grid technologies for America’s rising energy demand&nbsp;&nbsp;Utility Dive
2026-08-30,2026-06-17,sector,Evergy,Fox 59,Indiana’s ratepayer advocate accuses Duke Energy Indiana of over-collecting $90 million from customers - Fox 59,https://news.google.com/rss/articles/CBMizAFBVV95cUxPMDgwNWFZbG55TWNrNXlEYUlQbjVTYU9MRExycXAxOWRRMVJDSFYyYklSN3UzVlYxSFhSdnNOZVdpR2FoQUFOX09FXzRRdERlOVlXSUFLZzRwWk8xUzFUMTRfNy13UnhiXy1ya3VQWXYyV25qdnNVMXplb2ItNFFhRFFVWVBfUlRQQjFVbkFzNjVFVnNlWXcwYU1VdFBibGlPSkUzemJrRWtoUXc0TGdtMWFLOVBVLXZ5NjYzaVBQQ0w4R3pNbnZ5MWt2bEnSAdIBQVVfeXFMTlFtQUtWdVBfb0VzeDM0TWpndWNicW1iNWdLTDRXT0NEOXBrZ2k1NWVxeWltVFRpMFdURUpLYUVfVm14R1dZOHlPOFRka2E0Q3ExaFJHR01uZlc3UjZGa1NxZmUwdnV4NHhNTW1FdkdYYURFQzd4Vmw2SnFxZjgwRmhfV1pPbEh0QzEyZm9FRW04VTJGU3pBTTl6Z2ZoQnFSZVh0TWRFeUp4a0IzZHItQzZUREJOQWthcURhQ1RBaDN0MnlRbmRFQ29XZGRfWnFIYW93?oc=5,Indiana’s ratepayer advocate accuses Duke Energy Indiana of over-collecting $90 million from customers&nbsp;&nbsp;Fox 59
2026-08-30,2018-08-24,sector,Idaho Power,Utility Dive,"PacifiCorp, Idaho Power agree to make CAISO their reliability coordinator - Utility Dive",https://news.google.com/rss/articles/CBMiswFBVV95cUxNUHhTWjE1X3I1bTZQMU9VNVczcUNVWGU1VFZlckVRYlBfVDRvSXlidy1MX09POHZvX1VqLVl4UWxaa0tWME13Sy1zZEJzRFNFNERWNEs0eU5Eb3FuTHBnTFZSZmVnWmRGX1plNmh3eWhEX3FBWlJzenRvOXdpRUJWdnhNWFdFUkc2cTV6QTRfcGpnbHhfb09uMnRtRnFiNUJKUXdORE9wT1VxVWJQTzlwYU00NA?oc=5,"PacifiCorp, Idaho Power agree to make CAISO their reliability coordinator&nbsp;&nbsp;Utility Dive"
2026-08-31,2024-01-11,leadership,,POWER Magazine,"Puget Sound Energy Commits $10M to Nuclear Power Feasibility Work, X-energy SMR Technology a Leading Contender for Project - POWER Magazine",https://news.google.com/rss/articles/CBMi3wFBVV95cUxOQXI3eDFIZFFBcVI3NFZEMzdsbVhtektncUE5TzJ3RHNLMjB2Z04wdG5JRjk5aTJsdUZObkZoMDlCTUxCOGFQbE80Umw3RTBJUXp0b2RRbTRDNjVqWUNWbjVubGVRYUdNWmtObko5d0V6NWVGV3FHZG54eVJFWENOdml3bW95Z0phYXlYdzJlX2NRVERzaC0yelZnblowRVZSeDVKcnJWSkp6dUk2bjc0czZtaU9RN3RCSmRVWnNHeUZ5bk53Ri1sNExYbXY4MUMwdTg5cDBwMTVhcndCbm5B?oc=5,"Puget Sound Energy Commits $10M to Nuclear Power Feasibility Work, X-energy SMR Technology a Leading Contender for Project&nbsp;&nbsp;POWER Magazine"
2026-08-31,2021-05-10,leadership,,Senior Housing News,"Movers & Shakers: Essex Communities Names President/COO, CEO; Watercrest Adds VP of Sales Education - Senior Housing News",https://news.google.com/rss/articles/CBMi0gFBVV95cUxPZUlreVE2MzhnV2x0THhacnhLMDhOcHZGaUdTa0U0bWR2anllc0JJa18yU1I2SG9LSFdKeGZoWnpjMGhKZVlBaWNBdE1hYUFFczY5blFwc3FnSVFmZVppOUxmNnlDOThlVjc5cW1LY1lFUUJERU9YYUpVMjBuVDN6MnhURDhPLUwwWWp6NkpHendnRE5IbVZHeEZOTkp1OHpoS3RkVTJOZE9vSFhZd1pVZUYwblo5WnRZWEFtZ1BxWk1qOW1ZSmd6dExfekxLYm9RR0E?oc=5,"Movers & Shakers: Essex Communities Names President/COO, CEO; Watercrest Adds VP of Sales Education&nbsp;&nbsp;Senior Housing News"
2026-08-31,2025-11-30,leadership,,Maryland Matters,Chesapeake Bay officials poised to study inclusion of Native American tribes - Maryland Matters,https://news.google.com/rss/articles/CBMif0FVX3lxTE8tRkRQanBQbVdTWnVmd1AtQndqdi1UNDMxWkhhVjlTQ09uSElwY3RmbDdfT21wZXJJY3pUMGFyT2RKbi1iOUlMSzBGR0tiemxGRFZpQlN1Y2JLUUczQm1qVkNEZlkxMnFsVHN5c0FhR29iOVJPRVZLek9ncE1xeFk?oc=5,Chesapeake Bay officials poised to study inclusion of Native American tribes&nbsp;&nbsp;Maryland Matters
2026-08-31,2025-02-24,leadership,,The Business Journals,40 Under 40 2025: Alan Gonzalez - The Business Journals,https://news.google.com/rss/articles/CBMiqAFBVV95cUxNeFBKVGtUQ2ZuOFA4ZVRTTDRkQWl3UHpBOTZ0M0RSaWtLYVRBZUFqekxlajZSXzZTeXhoVmRKRlFZR05xcXhmX3lDcmZXb2lZVk1uWVk1UEJmTnBHT3RnVWJnVkJDUExqYnpuSGJwNEFWY0dGY2lxYjZoRlJRcjV6Z3dhMVZLM2syWXVhaVg3bElhaEt2WFAwdVBTU0t5WlN5NG44Uk1sbTg?oc=5,40 Under 40 2025: Alan Gonzalez&nbsp;&nbsp;The Business Journals
2026-08-31,2025-12-18,company,,KOMO,Whidbey Island remains in the dark with 'significant' damage from wind storm - KOMO,https://news.google.com/rss/articles/CBMiqgFBVV95cUxQS0xJMkxlMHdwM1NmWTlYNVZEWXN3REduVVZTX0tCd0J3YUp2MkhHVDd3ZkxULW5HcVJtdzR0QTJSa3pLQ0ZROXVxY2ZNNGh3cWpaaHBXZ0NMNDBSYTJnRGthaVREWVFmUnR4enB3X2Q3UFItWFd0UDA5aGxqVjdTMTFiNXkwcGhUVk96NVhwVWt1RDFPZWU1V2JnS0RQR1hLY2FJS3NRc0Z1UQ?oc=5,Whidbey Island remains in the dark with 'significant' damage from wind storm&nbsp;&nbsp;KOMO
2026-08-31,2026-08-31,sector,Portland General,AD HOC NEWS,Portland General Electric stock holds steady as investors look to recent earnings and dividend yield - AD HOC NEWS,https://news.google.com/rss/articles/CBMiywFBVV95cUxPN0NzVDE5OE1vSDRIcVQxNUc5V3ZtR1RRdXR3NW1BUjVRcTg3N05oUVFGcmtVMm5sU3hqQjh2QnoyR1kwb2lWUTc0OTJENFB4bzJzemdlX0xIeHRIMllGNG8xYVJnNlRuXy10N25wdVpqejFaMkNCaVctT3BpcUd4b1Bxc0taYnBzakRYbXhLQzR4M0dNeUVxVUtSUUJ1RUt2RGIzMlBQZVRpWi1BRGNpTTFTa05HT0FRVmxRM3pNV1I5LWxNQ0kyUjMzcw?oc=5,Portland General Electric stock holds steady as investors look to recent earnings and dividend yield&nbsp;&nbsp;AD HOC NEWS
2026-08-31,2026-08-29,sector,Portland General,webull.com,How Market-Integration Moves At Portland General Electric (POR) Have Changed Its Investment Story - webull.com,https://news.google.com/rss/articles/CBMiWEFVX3lxTE51NjFmOFVlSWNYY1o2Yzd3S3dMb1R3RnZqSnNhcW9ualBGanhKX3ZfRG9PTC1xR0RueV9zRHoxZlVJRHZKOXhGV3JBT01TYm9BV3Q3VGloOEw?oc=5,How Market-Integration Moves At Portland General Electric (POR) Have Changed Its Investment Story&nbsp;&nbsp;webull.com
2026-08-31,2025-11-05,sector,Avangrid,Business Wire,Avangrid Utility Companies Install 650 Smart Devices on Maine and New York’s Grid in 2025 - Business Wire,https://news.google.com/rss/articles/CBMi3gFBVV95cUxPZm9RZXRwbi1YZUhlclpFT2VWQ1FiUHZwVEdlUTJMYzFRa0ZBenI3NkxYSnVnbkc1WTk5a3dkRU00TElGblpLV0Nvem9IYk5iQVhZQko5UVNmaEQ0OWoyY0dReDE4RTdPdjMzZElUNkdRTmhYREEwMktCQ1htMmVmUWtZWDM0YldqTXRGaXZiOFpYcFIzVkNQeUowczlhNHFINlYwTWp2M2hoTlc3YnBla3dlSnBqUmhodkxteVJ2NUxCR05rVWJPMFlXVXVXUGVteGJnaldfR21ERHhVU0E?oc=5,Avangrid Utility Companies Install 650 Smart Devices on Maine and New York’s Grid in 2025&nbsp;&nbsp;Business Wire
2026-08-31,2026-08-31,sector,Xcel Energy,AD HOC NEWS,Xcel Energy stock holds steady as data center power rules and analyst targets shape the outlook - AD HOC NEWS,https://news.google.com/rss/articles/CBMizAFBVV95cUxNLXRpRTRzSU1KWTJZV2hkVHVMSlhFNDBhQUgwa2cyaU5BT1FOY3NKdkxld3o5d1pzV2xQM3VwNEdDWlZHbVBIdTlleF9JNnVWbm4zMkh2V2pvN1RJZloxOUw0aS14ak5Dai14djhKbHFLMExmYTNKSkNIOG5qZEdic1FjTmtQS0lrdlRWb2tuX3owcG1aSW1jTkZQVGtsNjY1a2xHZzVJb2JtUkh5dGtQVC1JekZlZ0E4YjlZTDNQMlBUeXdYS1FVZ0hKdUk?oc=5,Xcel Energy stock holds steady as data center power rules and analyst targets shape the outlook&nbsp;&nbsp;AD HOC NEWS
2026-09-01,2025-10-25,company,,KIRO 7 News Seattle,Major power outages leave thousands of customers without power - KIRO 7 News Seattle,https://news.google.com/rss/articles/CBMiswFBVV95cUxNdk96elEzdHk0bE1Mdk81RThSbU9PYjJSV0IzRkp4eGV6aHdmbF8xTk9URjF3dXp2a3lqM0gwRDdjeWJETHFBeE9yTGxBeHc4ZVRMMXRmYXFWa3p2NEpfaVVVMmN6N1dCa0hlSDgycnZxeWdfaktKbzZTTnR1czlubjBMb1B4VUp0ZTJFcFBTWEREQmM2Y24zUU5yS012QmVabGU5UHBoTUtsSmxoWHczS1VjZw?oc=5,Major power outages leave thousands of customers without power&nbsp;&nbsp;KIRO 7 News Seattle
2026-09-01,2026-09-01,sector,PacifiCorp,power-eng.com,PacifiCorp named Host Utility for POWERGEN 2027 in Salt Lake City - power-eng.com,https://news.google.com/rss/articles/CBMingFBVV95cUxQX1AwYy1HcmpBVW9FMnpkcmp2Tk1fZktaWmRfT0dGOGJXSlUxZ2RoZUdFS3hWUDZydnBqSWk4UTZMTDBzSHk1TFE4aFdodzVteDZIQWk1dHdOVnJIQTVXMHF2dURSZDdCNGdGY1hOTDdyT21UN2VjX2pLbGdiZ2lzUUJLN3pRNDRNek5URm81akFlbm9kOFp0UHNtT3A4QQ?oc=5,PacifiCorp named Host Utility for POWERGEN 2027 in Salt Lake City&nbsp;&nbsp;power-eng.com
2026-09-01,2026-07-26,sector,PacifiCorp,WBKO,Pacific Power requests rate increase; Utility Commission invites feedback - WBKO,https://news.google.com/rss/articles/CBMisAFBVV95cUxPODBDWEFfc1FkdEFER3NPaU1UTXlZM0oxelRCekc4cWxhZjIxX1dmWmYzVWJLNExadmtLYW0ycTB6ZjlaT1dtR2VTaU5sMllBRWlSMHVUdEg1bk8zSVU4TVFxMGFBdjR0MlBJVjBMQzdGMjZXOWZWaEdxbVg1MlVWamoxZW5XRWJTUDExNnJLNVJhM2xsYWJVeW5YbkEyek5nT3hoRXRkRXcyR2ZBOWNkQQ?oc=5,Pacific Power requests rate increase; Utility Commission invites feedback&nbsp;&nbsp;WBKO
2026-09-01,2026-03-19,sector,PacifiCorp,The Business Journals,"PacifiCorp selling more assets, this time in Oregon - The Business Journals",https://news.google.com/rss/articles/CBMilAFBVV95cUxQSm9uX3VVWGkyb19UVEFZeWlJVVhFUUpGRUFQQjBNM3M0U2RoZ2NScXhpd3NmeS0xSnNiRnlUTVQ0bjR0cENKUUQtcXE5OEFRUXpIcS1kM0JvTC0xNjE5UE9wZ3ZRZmltcmRMR0w5aFF1MS0wVG5ySHVydFhZOVlxbHdycEhidlg1aHNQZGRRWFNrVnFl?oc=5,"PacifiCorp selling more assets, this time in Oregon&nbsp;&nbsp;The Business Journals"
2026-09-01,2026-03-19,sector,PacifiCorp,KEZI,Blachly-Lane to acquire Monroe service area; power cost impact - KEZI,https://news.google.com/rss/articles/CBMi2wFBVV95cUxNNmV6S1ZnRkR4SjF6SE1MOUxsLUF4YzJyNS04bHhXYllLb0pDbjJtbWE1NUNsRkpJS0tIWWZrdjJWWkVialgtUUpJZk52MjFHQUlqMHdCQnF0emNLZXhnYzFHLXExZnFMNTdEblhVRWFCZ2VielptWWpoc2JBSTN4aXplWFJESHV2c1VJTllmQ0FUUDJqd19HVldGcFF6REl4ak9UdTBJcVhacWt2MWY5N2hZTkJtV09GV1p0SlF4VTRxdzdsaVZfd0dBRmg0QVJFY1p4bTd3Q25FcjA?oc=5,Blachly-Lane to acquire Monroe service area; power cost impact&nbsp;&nbsp;KEZI
2026-09-01,2026-08-28,sector,Portland General,marketscreener.com,Portland General Electric Company Opposes Bonneville Power Administration Request for Extension of Time with Federal Energy Regulatory Commission - marketscreener.com,https://news.google.com/rss/articles/CBMi6AFBVV95cUxNSzljZXRzQzJzZVhUWkRHNTVIcGRrX1N5Snd2QnJoM2R6MzA0T0tHSDJoVHRMSHZ5Vmo0cXl3bklyWlQyVWJaVV9rX0NMOEdUczFqb0hCdGxWS3lQanFqbFBEYnItMWhEeGlqMGxYZ2pVSndXQVprdVVzNzJiUGE4NG5nSGpuOGRHTVNqLWZqc1VVem1MbEM1NEpXRnhuUjRZU3FxN2tlbWVZZGlrN3UtWTNfM09MUFlvS1N3LTRMdmhvZGphd1lhaDdtTHlMdkYtb3Z2dnZDLUVRREZDLVM3RTdWMXlIeHlh?oc=5,Portland General Electric Company Opposes Bonneville Power Administration Request for Extension of Time with Federal Energy Regulatory Commission&nbsp;&nbsp;marketscreener.com
2026-09-01,2025-07-18,sector,Portland General,PR Newswire,Portland General Electric declares dividend - PR Newswire,https://news.google.com/rss/articles/CBMioAFBVV95cUxNcmpFTDVZQWd0ekozZjJBTnpZTG1oZVRja0JYaGpSNHZHc1ZzZEhSdGs5aEJfZ3lObW1ZUWliTFZULWtGcEZ6bnljTTlfdUpoa3JDSzBzbDJIZEk0WVhMOFNRM3N1b1dZcUlZMU1IQTg5R2l4OWxRYWkxR21fWU53TkROV3V5emdQOUlaZTRacEZpMndFUVdzYUR5NmpiZjQ4?oc=5,Portland General Electric declares dividend&nbsp;&nbsp;PR Newswire
2026-09-01,2026-08-31,sector,Avangrid,AD HOC NEWS,Avangrid stock reflects clean energy transition as offshore wind strategy evolves - AD HOC NEWS,https://news.google.com/rss/articles/CBMizAFBVV95cUxOeWdpOTBQQzJURFRMN3VVNXZVUVA0czV5T1RLcU1ZUWl4M091WVhBTHJDVHBueDE4T0xObWt2Ym9HbXFfeENzRzh6VnZIeVh3LWJvX3FBazYwM0lHRF9zNXVLNnhCQWM1NnJYVDYtbmxudlU3cTdBckxQTVo5Y3AtcFNhNmc3OHR2X2VYWVhOWE51WENkcHJUUWdaeTZNVG1xcWdfY0JwVWdfZVkwVHE4a3JtX3l2aS1WRTc5UnZUVi1Qa1dVRjN2MGJ3ZWc?oc=5,Avangrid stock reflects clean energy transition as offshore wind strategy evolves&nbsp;&nbsp;AD HOC NEWS
2026-09-01,2026-08-31,sector,NV Energy,This Is Reno,"Amid data center push, proposed gas plants in NV under scrutiny - This Is Reno",https://news.google.com/rss/articles/CBMia0FVX3lxTE55dll6Z2JGRjlTa1Nwb3JYODBzbVF0a0V2R0wzTkRMZTA3RThLVDduX3hwM3hKdXR2dGdDNktOV2x6TndrenJGVEhUZWNMZXVfZGhJUThGZVBUUjBRR1dzYmZRZzNGbmJZN25N?oc=5,"Amid data center push, proposed gas plants in NV under scrutiny&nbsp;&nbsp;This Is Reno"
2026-09-01,2026-08-07,sector,NV Energy,KRXI,NV Energy installing taller poles after construction blamed for Golden Valley outages - KRXI,https://news.google.com/rss/articles/CBMi3wFBVV95cUxPQXQtT3I0TnhmMTNwaVBUVWRHOXVhN2o0U3dMSDI2T0V3MmJVTXJTZ0FrSVUxRWtnQVU1ZVJmSWlTTkt0MUZBRU1OWktzdTRiLWpTc2xXMVBlUmEzSHFfQ2owdG5TWF9OX1ZkdkUwTGRvYllfaFhPV25rYURwRWtpNHk5X0EwdlVzaF9ldjFIcmFqQThjc2tGMzk5bmp0TnZhOGg2dzE0OXJQR2Jxci1SeEFuTmpBdUVLaThJRDFGME9ZVGFxeFpndjVSd3ROT2dHM1dMM0VNbDlSMWI3WV9V?oc=5,NV Energy installing taller poles after construction blamed for Golden Valley outages&nbsp;&nbsp;KRXI
2026-09-01,2026-09-01,sector,Arizona Public Service,KTAR News 92.3 FM,"Power AZ program offering bill assistance for middle-income APS, SRP customers - KTAR News 92.3 FM",https://news.google.com/rss/articles/CBMiWkFVX3lxTFA3MlhhNTFLczdoTlRXNnl0SHJqZGsweUw2TWFCUEQzYVE1V2RHOFN4Z1JPYXBON2FlUy0yZGZqTlNqWGpGbEFOMXBFZ3R2c0dLak9VNFFkZkx2dw?oc=5,"Power AZ program offering bill assistance for middle-income APS, SRP customers&nbsp;&nbsp;KTAR News 92.3 FM"
2026-09-01,2026-09-01,sector,Xcel Energy,AD HOC NEWS,Xcel Energy stock trades in mid-$70s as 2026 earnings guidance underpins analyst upside - AD HOC NEWS,https://news.google.com/rss/articles/CBMizwFBVV95cUxOS3BvX0NnM25ma0hhby1WNXgzODFwRTNLQ0dBUXZuSFhlTDRJV2RFTmFDUzBkSlhfcVluZzFJejZTRGh5a3diUHNvc0RPWXR4SGFpa1RXSlItTXZzRS04dEVteGZqUkFoN21fejFsUlkyQlRqSG9tSmpjdnV5NUpjUFhQekpDZnFHWDA5S1ZaNWlFRjRWNVlINklDQVFBNjNtNEFoUFVPS2R0MnAwdmRiNW9XQTF3bmdCMV8xNm1IN3BOVnNOcWpuRGFqZ0dOR2c?oc=5,Xcel Energy stock trades in mid-$70s as 2026 earnings guidance underpins analyst upside&nbsp;&nbsp;AD HOC NEWS
2026-09-01,2026-08-31,sector,Xcel Energy,Cannon Falls Beacon,"Thousands remain without power in Cannon Falls, Randolph areas - Cannon Falls Beacon",https://news.google.com/rss/articles/CBMi5AFBVV95cUxPMUxGbThjSGRPRldfYk5XX1VZYlBXLVZBcmh1YW9UVldUb25QR3AzNldvUUlreWo0bW94WVo1VTRmdU5Dckl4SmFyM24zVmZuOGswNEhaeFhwRjYwSDEweE1OeGFiYWdwNTlvb0hVU0kzNk9JRDB3WDhhR09wZjVNMHp4MXpBVHhDUWZiVUdpZG5PYmZpYjZnc3dPMjlvTUdEU0t5M013SUdRbzdpMUxFUThDRXozVGRVTW9iT2RTZ0ltOG8yUVJfeGJVcUdaMG56Y1lNMXBUcWx6Z1hvckZ5NlYwanI?oc=5,"Thousands remain without power in Cannon Falls, Randolph areas&nbsp;&nbsp;Cannon Falls Beacon"
2026-09-01,2026-08-28,sector,Xcel Energy,Yahoo,"Xcel Energy still investigating what caused utility pole to collapse, killing local father - Yahoo",https://news.google.com/rss/articles/CBMijwFBVV95cUxNaE9tc2R5VkhvdkFkTGxIRFdVTTR6LWZXeWFWbk5QaUJiSXpsamJYbTJEZE9BdHRrTUNoQUw1UVdReDFtRFRPZWtqM0tmYUFtdnFKeGlmbUI4MFNmR0lDUmE2c0JHNVlobDBUOUdzc3JXUkhhNnBpa3JjNDkxMkxOeFhNZkVHZnN5Z2JQUnJWRQ?oc=5,"Xcel Energy still investigating what caused utility pole to collapse, killing local father&nbsp;&nbsp;Yahoo"
2026-09-01,2026-04-09,sector,Xcel Energy,utilitydive.com,"Entergy, Xcel, others seek to upend competitive transmission bidding in MISO, SPP - utilitydive.com",https://news.google.com/rss/articles/CBMimwFBVV95cUxNYUVNNXJyRVo2NENuc2YyRUdBODhndWs5eFQ4Y1JYU2xBUF9DTFQ4NjZaRm1wNC1rcDJya0hCSDZJM1ZJOC14c1Jqc09KVUQ5QTNzMmZCX0xRdng1aFVpVFVpcXF6aWQ3TGgwdExCcWVMMzFQWXFXVEtLc2NDZllGb1Q5UGVGSEd1TmpHUlVHOVFLNU1IdGs5MERhVQ?oc=5,"Entergy, Xcel, others seek to upend competitive transmission bidding in MISO, SPP&nbsp;&nbsp;utilitydive.com"
2026-09-01,2026-02-25,sector,Xcel Energy,E&E News by POLITICO,"Google, Xcel pitch large-scale renewables for data center - E&E News by POLITICO",https://news.google.com/rss/articles/CBMikwFBVV95cUxQTGZucGI5QmNpbE9HbXNHR29iTzFVaTg1ZDVwV3JkY21rOWI4cFhBdkJwbW02Y3ppVHlDZEZVbnVoMlNhbEpRYW5pTmNSWXN5WWFHWnF2Z3pYYmVmWWY0VHM3X1BRczRKc016dzY4Vm1PQmZZbU82eFM5UDlSMkNHSmZZOFl4Rm9HTDJvemtQSGg4X2M?oc=5,"Google, Xcel pitch large-scale renewables for data center&nbsp;&nbsp;E&amp;E News by POLITICO"
2026-09-01,2026-09-01,sector,Evergy,AD HOC NEWS,Evergy stock holds steady as utility volatility cools into late August - AD HOC NEWS,https://news.google.com/rss/articles/CBMiyAFBVV95cUxOMWdsLUlKZ0JRbTQwSG1OcWNwX09sN3ZISms3eGpnTFRxdnpnd2x5MndWSU90d3haSjNQSlRPWjRkcVJ5Zkx6cGYzSms1LThwR1FaTFRkMDl6cGJib1dkVWxTbmEtY3JfRkN6V2xvbXVfWVhuelhZN1pWcVFLbjNuRzUwbVhmRW0zVFVaVzNOQ1hMLVlTVzJlc3JEd3NNOGVGOVV4N2VINnI5SmhQejA4Snp3WDNYRGgwNWRDSG82Z0RBWDYxYnRGNw?oc=5,Evergy stock holds steady as utility volatility cools into late August&nbsp;&nbsp;AD HOC NEWS
2026-09-01,2026-09-01,sector,Evergy,AD HOC NEWS,Evergy stock supported by analyst targets and steady dividend yield - AD HOC NEWS,https://news.google.com/rss/articles/CBMiygFBVV95cUxOTHU5aVRvZnNWeUd2TllIQVIwWFBjMzNIS2paVEE4N1ZiTWNIdDJVQWR6c2lIRU9YU2NTSmNqQ2xPdTBUN2dvTFR4NlBCSFVYR2JkQTB5V2xoTHNaVnlRSmhyUldSN3VNYml6aVgzUVhFVzhoejBPaWpZYVBrT2I2LVNVUGdZUVZNZW9qNklEajVBbDU4V1I4RjN5NDRreGpYcXZ2aDduREczNHZCcFh6aWwxSHpKNjl5VThVcHdKaVc2cDFjeWdVWi1n?oc=5,Evergy stock supported by analyst targets and steady dividend yield&nbsp;&nbsp;AD HOC NEWS
2026-09-01,2026-08-31,sector,Evergy,AD HOC NEWS,Evergy stock holds steady at late-August S&P 500 level - AD HOC NEWS,https://news.google.com/rss/articles/CBMivgFBVV95cUxPNlFfZ0VuckFONnIzcHFBOHVTTllBUUtMX3BqTlBtcWdMNUV6UHh1MTc3WnE1aG1WSlg4NklPeGwxV0hoZVNKQ1BMb2Nqd3ZTYVRMUlhaOEYycWdxbE91RWw2ZDJJYVlvOUFFQ1Bqc1pDSVNzMEY3dmFKa0FFZjZmT21ld19PY1drSDBEWkk5eHFWTklrV1V5b3pmLXZ2cDYybVdnZ3NuWjJDMC1ib24ta3p3cHZDZWZqcUFYeGh3?oc=5,Evergy stock holds steady at late-August S&amp;P 500 level&nbsp;&nbsp;AD HOC NEWS
2026-09-01,2012-09-20,sector,Idaho Power,utilitydive.com,"Idaho Power told to buy wind power, even when demand falls - utilitydive.com",https://news.google.com/rss/articles/CBMingFBVV95cUxPc092d1JsQk9ENlpTQm5Kb0NfV0d4aXpLeWZ4eHVQNHAtbF9NRkszSmVSQnVXRER6cm54LTJwWjI1QW9QZGNkb1JwZ1FzSmFrdnVnWTJ5ZS1JZmpQZkFld3hzWHJ3azhnM0pvdFBVclNwSUZHZDRGM25TNi1iUmhUYVFiVTc0R0I3UUx1bUZvcjFGVEs1UFVHc1hkZ1ZDUQ?oc=5,"Idaho Power told to buy wind power, even when demand falls&nbsp;&nbsp;utilitydive.com"
